<env:Envelope xmlns:env="http://schemas.xmlsoap.org/soap/envelope/" xmlns="http://www.anaskyholiday.co.jp/adam/dto/api"
  xmlns:api="http://www.anaskyholiday.co.jp/adam/api">
  <env:Header />
  <env:Body>
    <api:sc0130aResponse>
      <IFASW022IRes>
        <cmnHedInf>
          <reqResCf>2</reqResCf>
          <reqOrgCd>INTERNET</reqOrgCd>
          <pwd>pass9999</pwd>
          <svcKd>IFASW022I</svcKd>
          <mkMsgDt>2018-09-18T17:32:23+09:00</mkMsgDt>
        </cmnHedInf>
        <proRstInf>
          <rstCd>0</rstCd>
          <lstUpdDtInf>
            <rcNo>UD885198</rcNo>
            <lstUpdDt>2018-09-18T17:32:05+09:00</lstUpdDt>
          </lstUpdDtInf>
        </proRstInf>
        <rvInf>
          <rcNo>UD885198</rcNo>
          <cdtDd>20181021</cdtDd>
          <num>2</num>
          <adNum>2</adNum>
          <chNum>0</chNum>
          <rpPsnId>4193105</rpPsnId>
          <trvCstTtl>150000</trvCstTtl>
          <rcSt>04</rcSt>
          <rvDt>2018-09-18T17:31:32+09:00</rvDt>
          <dpFlg>1</dpFlg>
          <majMatCd>02</majMatCd>
          <majMatNm>北海道</majMatNm>
          <apCmpDt>2018-09-18T17:32:05+09:00</apCmpDt>
          <itnFlg>0</itnFlg>
          <issCf>2</issCf>
          <payTml>20180923</payTml>
          <dpKd>0</dpKd>
          <irrFlg>0</irrFlg>
          <webIdtFlg>1</webIdtFlg>
          <itnGidFlg>0</itnGidFlg>
          <rcGdInf>
            <rcGdNo>0</rcGdNo>
            <gdCd>ZA90002020</gdCd>
            <gdNm>ＡＮＡダイナミックパッケージ</gdNm>
            <webGdNm>航空券＋ホテル「ＡＮＡ旅作」</webGdNm>
            <gdTypCd>20</gdTypCd>
            <depp>001</depp>
            <dprNm>東京</dprNm>
            <depDd>20181021</depDd>
            <arrDd>20181022</arrDd>
            <rvSt>0</rvSt>
            <dspRvSt>予約確定</dspRvSt>
            <issSt>0</issSt>
            <rvDt>2018-09-18T17:32:03+09:00</rvDt>
            <cnlFlg>0</cnlFlg>
            <gusGdFlg>0</gusGdFlg>
            <snmCf>1</snmCf>
            <payCf>0</payCf>
          </rcGdInf>
          <pxInf>
            <pxId>4193105</pxId>
            <amcNo>9901000035</amcNo>
            <amcKd>AID</amcKd>
            <amcEltInf>B</amcEltInf>
            <nmFm>旅行</nmFm>
            <nmNm>一</nmNm>
            <nmKnFm>リョコウ</nmKnFm>
            <nmKnNm>イチ</nmKnNm>
            <age>48</age>
            <sex>M</sex>
            <cntZipNo>110-1111</cntZipNo>
            <cntAdr1>東京都大田区</cntAdr1>
            <cntAdr2>東糀谷</cntAdr2>
            <cntTelKd>0</cntTelKd>
            <cntTel>03-9999-9999</cntTel>
            <cntEml>a@asp-kk.co.jp</cntEml>
            <sndZipNo>110-1111</sndZipNo>
            <sndAdr1>東京都大田区</sndAdr1>
            <sndAdr2>東糀谷</sndAdr2>
            <ssrWcr>0</ssrWcr>
            <ssrBln>0</ssrBln>
            <ssrPrg>0</ssrPrg>
            <ssrDft>0</ssrDft>
            <ssrAtn>0</ssrAtn>
            <issSt>0</issSt>
            <fee>75000</fee>
            <disFee>0</disFee>
            <addFee>0</addFee>
            <rvSt>0</rvSt>
            <cnlFlg>0</cnlFlg>
            <pxFlg>0</pxFlg>
            <asrSt>2</asrSt>
            <rcl>R6EFX</rcl>
          </pxInf>
          <pxInf>
            <pxId>4193106</pxId>
            <nmKnFm>リョコウ</nmKnFm>
            <nmKnNm>ニ</nmKnNm>
            <age>30</age>
            <sex>M</sex>
            <ssrWcr>0</ssrWcr>
            <ssrBln>0</ssrBln>
            <ssrPrg>0</ssrPrg>
            <ssrDft>0</ssrDft>
            <ssrAtn>0</ssrAtn>
            <issSt>0</issSt>
            <fee>75000</fee>
            <disFee>0</disFee>
            <addFee>0</addFee>
            <rvSt>0</rvSt>
            <cnlFlg>0</cnlFlg>
            <pxFlg>0</pxFlg>
            <asrSt>2</asrSt>
            <rcl>R6EFX</rcl>
          </pxInf>
          <gdPxAltInf>
            <rcGdNo>0</rcGdNo>
            <pxId>4193105</pxId>
            <pxDtId>000</pxDtId>
            <feeBef>75000</feeBef>
            <feeAft>75000</feeAft>
            <feeBefMd>0</feeBefMd>
            <feeWs>75000</feeWs>
            <untGdSalPrc>75000</untGdSalPrc>
            <ttlDd>20180930</ttlDd>
            <rvSt>0</rvSt>
            <issSt>0</issSt>
            <prfDisAmt>0</prfDisAmt>
            <depDd>20181021</depDd>
            <apStrDt>2018-09-18T17:31:32+09:00</apStrDt>
            <addPrc>0</addPrc>
            <lieFlg>0</lieFlg>
          </gdPxAltInf>
          <gdPxAltInf>
            <rcGdNo>0</rcGdNo>
            <pxId>4193106</pxId>
            <pxDtId>000</pxDtId>
            <feeBef>75000</feeBef>
            <feeAft>75000</feeAft>
            <feeBefMd>0</feeBefMd>
            <feeWs>75000</feeWs>
            <untGdSalPrc>75000</untGdSalPrc>
            <ttlDd>20180930</ttlDd>
            <rvSt>0</rvSt>
            <issSt>0</issSt>
            <prfDisAmt>0</prfDisAmt>
            <depDd>20181021</depDd>
            <apStrDt>2018-09-18T17:31:32+09:00</apStrDt>
            <addPrc>0</addPrc>
            <lieFlg>0</lieFlg>
          </gdPxAltInf>
          <airRvInf>
            <rcGdNo>0</rcGdNo>
            <mtNo>0</mtNo>
            <useDd>20181021</useDd>
            <depp>001</depp>
            <num>2</num>
            <rvSt>0</rvSt>
            <itnKd>2</itnKd>
            <lt2>NH</lt2>
            <lt3>ANA</lt3>
            <flt>055</flt>
            <dspFlt>055</dspFlt>
            <clsKd>0</clsKd>
            <depTm>0900</depTm>
            <arrTm>1035</arrTm>
            <depAptCd>HND</depAptCd>
            <depAptNm>羽田</depAptNm>
            <arrAptCd>CTS</arrAptCd>
            <arrAptNm>千歳</arrAptNm>
            <cnlFlg>0</cnlFlg>
            <nusFlg>0</nusFlg>
            <creJudFlg>0</creJudFlg>
            <hndT1UseFlg>0</hndT1UseFlg>
            <apStrDt>2018-09-18T17:31:32+09:00</apStrDt>
            <bkgCls>J</bkgCls>
            <mdlNm>773</mdlNm>
            <cdShJud>0</cdShJud>
          </airRvInf>
          <airRvInf>
            <rcGdNo>0</rcGdNo>
            <mtNo>1</mtNo>
            <useDd>20181022</useDd>
            <depp>001</depp>
            <num>2</num>
            <rvSt>0</rvSt>
            <itnKd>2</itnKd>
            <lt2>NH</lt2>
            <lt3>ANA</lt3>
            <flt>4732</flt>
            <dspFlt>4732</dspFlt>
            <clsKd>0</clsKd>
            <depTm>1800</depTm>
            <arrTm>1935</arrTm>
            <depAptCd>CTS</depAptCd>
            <depAptNm>千歳</depAptNm>
            <arrAptCd>HND</arrAptCd>
            <arrAptNm>羽田</arrAptNm>
            <cnlFlg>0</cnlFlg>
            <nusFlg>0</nusFlg>
            <creJudFlg>0</creJudFlg>
            <hndT1UseFlg>0</hndT1UseFlg>
            <apStrDt>2018-09-18T17:31:32+09:00</apStrDt>
            <bkgCls>J</bkgCls>
            <mdlNm>763</mdlNm>
            <cdShJud>1</cdShJud>
          </airRvInf>
          <gndRvInf>
            <rcGdNo>0</rcGdNo>
            <mtNo>2</mtNo>
            <useDd>20181021</useDd>
            <depp>001</depp>
            <num>2</num>
            <rvSt>0</rvSt>
            <itnKd>2</itnKd>
            <cpCd>00026</cpCd>
            <cpNm>【ＷＥＢ】システムテスト用ホテルグループ</cpNm>
            <fcCd>06</fcCd>
            <fcNm>【ＷＥＢ】ＳＴホテル北海道</fcNm>
            <majMatCd>02</majMatCd>
            <rgnCd>001</rgnCd>
            <araCd>001</araCd>
            <fcTypCd>00</fcTypCd>
            <fcTypNm>宿泊</fcTypNm>
            <stlNo>N005</stlNo>
            <rvDspNm>【ＷＥＢ】Ｚ３９０・共通枠 洋室 （１‐２名） ツイン</rvDspNm>
            <plCd>K00B00</plCd>
            <plNm>【ＷＥＢ】Ｚ３９０・共通枠（ＤＰ）</plNm>
            <matCd>20</matCd>
            <plHstNo>0</plHstNo>
            <cpnIssFlg>0</cpnIssFlg>
            <useCndNo>001</useCndNo>
            <useCndNm>１名</useCndNm>
            <dspUseCndUntNm>室</dspUseCndUntNm>
            <apStrDt>2018-09-18T17:31:33+09:00</apStrDt>
            <cnlFlg>0</cnlFlg>
            <nusFlg>0</nusFlg>
            <tmMdFlg>0</tmMdFlg>
            <lccFlg>0</lccFlg>
            <eqiFlg>0</eqiFlg>
            <useNum>0</useNum>
          </gndRvInf>
          <pxMtAltAirInf>
            <rcGdNo>0</rcGdNo>
            <pxId>4193105</pxId>
            <pxDtId>000</pxDtId>
            <mtNo>0</mtNo>
            <useDd>20181021</useDd>
            <rvSt>0</rvSt>
            <issSt>0</issSt>
            <irrCnlFlg>0</irrCnlFlg>
            <stnFlg>2</stnFlg>
            <fltKd>0</fltKd>
            <viaFltCf>0</viaFltCf>
            <viaFltGp>00</viaFltGp>
            <farKdCd>DP</farKdCd>
          </pxMtAltAirInf>
          <pxMtAltAirInf>
            <rcGdNo>0</rcGdNo>
            <pxId>4193106</pxId>
            <pxDtId>000</pxDtId>
            <mtNo>0</mtNo>
            <useDd>20181021</useDd>
            <rvSt>0</rvSt>
            <issSt>0</issSt>
            <irrCnlFlg>0</irrCnlFlg>
            <stnFlg>2</stnFlg>
            <fltKd>0</fltKd>
            <viaFltCf>0</viaFltCf>
            <viaFltGp>00</viaFltGp>
            <farKdCd>DP</farKdCd>
          </pxMtAltAirInf>
          <pxMtAltAirInf>
            <rcGdNo>0</rcGdNo>
            <pxId>4193105</pxId>
            <pxDtId>000</pxDtId>
            <mtNo>1</mtNo>
            <useDd>20181022</useDd>
            <rvSt>0</rvSt>
            <issSt>0</issSt>
            <irrCnlFlg>0</irrCnlFlg>
            <stnFlg>2</stnFlg>
            <fltKd>1</fltKd>
            <viaFltCf>0</viaFltCf>
            <viaFltGp>00</viaFltGp>
            <farKdCd>DP</farKdCd>
          </pxMtAltAirInf>
          <pxMtAltAirInf>
            <rcGdNo>0</rcGdNo>
            <pxId>4193106</pxId>
            <pxDtId>000</pxDtId>
            <mtNo>1</mtNo>
            <useDd>20181022</useDd>
            <rvSt>0</rvSt>
            <issSt>0</issSt>
            <irrCnlFlg>0</irrCnlFlg>
            <stnFlg>2</stnFlg>
            <fltKd>1</fltKd>
            <viaFltCf>0</viaFltCf>
            <viaFltGp>00</viaFltGp>
            <farKdCd>DP</farKdCd>
          </pxMtAltAirInf>
          <pxMtAltGndInf>
            <rcGdNo>0</rcGdNo>
            <pxId>4193106</pxId>
            <pxDtId>000</pxDtId>
            <mtNo>2</mtNo>
            <useCndDtNo>1</useCndDtNo>
            <useDd>20181021</useDd>
            <rvSt>0</rvSt>
            <issSt>0</issSt>
            <irrCnlFlg>0</irrCnlFlg>
            <stnFlg>2</stnFlg>
            <lieCf>0</lieCf>
            <kdTypCd>001</kdTypCd>
            <kdTypNm>大人</kdTypNm>
          </pxMtAltGndInf>
          <pxMtAltGndInf>
            <rcGdNo>0</rcGdNo>
            <pxId>4193105</pxId>
            <pxDtId>000</pxDtId>
            <mtNo>2</mtNo>
            <useCndDtNo>0</useCndDtNo>
            <useDd>20181021</useDd>
            <rvSt>0</rvSt>
            <issSt>0</issSt>
            <irrCnlFlg>0</irrCnlFlg>
            <stnFlg>2</stnFlg>
            <lieCf>0</lieCf>
            <kdTypCd>001</kdTypCd>
            <kdTypNm>大人</kdTypNm>
          </pxMtAltGndInf>
        </rvInf>
        <stInf>
          <rcNo>UD885198</rcNo>
          <rcPayInf>
            <seqNo>0</seqNo>
            <payCf>0</payCf>
            <dnmCd>018</dnmCd>
            <cvsIssFlg>0</cvsIssFlg>
            <conToStFlg>0</conToStFlg>
            <payAmt>150000</payAmt>
          </rcPayInf>
          <wltStInf>
            <accSn>0000</accSn>
            <trmSn>000</trmSn>
            <payCf>1</payCf>
            <wltAccNo>UD885198201810210000</wltAccNo>
            <stCf>0</stCf>
            <opeDt>2018-09-18T17:32:05+09:00</opeDt>
            <bilPxNmKnj>旅行 一</bilPxNmKnj>
            <bilPxNmKn>リョコウ イチ</bilPxNmKn>
            <bilTgtTel>03-9999-9999</bilTgtTel>
            <payTml>2018-09-23T23:59:59+09:00</payTml>
            <bil>150000</bil>
            <strCd>HDQ510</strCd>
            <trmSt>0</trmSt>
            <tktNum>0</tktNum>
          </wltStInf>
        </stInf>
        <stcInf>
          <fcInf>
            <cpCd>00026</cpCd>
            <fcCd>06</fcCd>
            <fcNm>【ＷＥＢ】ＳＴホテル北海道</fcNm>
            <fcZipNo>060-0807</fcZipNo>
            <fcAdr>北海道札幌市北区北７条西４丁目２－２</fcAdr>
            <lat>43.0686606</lat>
            <lon>141.3485666</lon>
          </fcInf>
          <plInf>
            <cpCd>00026</cpCd>
            <fcCd>06</fcCd>
            <plCd>K00B00</plCd>
            <cvsIssFlg>0</cvsIssFlg>
            <mngCpm>-</mngCpm>
            <matCd>20</matCd>
            <plNm>【ＷＥＢ】Ｚ３９０・共通枠（ＤＰ）</plNm>
            <stMtdCf>0</stMtdCf>
            <chkiStrTm>1500</chkiStrTm>
            <chkiLstTm>2400</chkiLstTm>
          </plInf>
          <stlInf>
            <cpCd>00026</cpCd>
            <fcCd>06</fcCd>
            <stlNo>N005</stlNo>
            <rvDspNm>【ＷＥＢ】Ｚ３９０・共通枠 洋室 （１‐２名） ツイン</rvDspNm>
            <useNum>0</useNum>
            <rmTypInf>
              <rmTypCd>05</rmTypCd>
              <rmTypNm>洋室（ツイン）</rmTypNm>
            </rmTypInf>
          </stlInf>
          <useCndInf>
            <cpCd>00026</cpCd>
            <fcCd>06</fcCd>
            <stlNo>N005</stlNo>
            <useCndNo>001</useCndNo>
            <useCndNm>１名</useCndNm>
            <useNumUntCf>1</useNumUntCf>
            <dspUseCndUntNm>室</dspUseCndUntNm>
            <numFrm>1</numFrm>
            <numTo>1</numTo>
            <useCndDt>利用条件内容詳細：とても
              広いです。</useCndDt>
          </useCndInf>
        </stcInf>
        <okAnsFlg>0</okAnsFlg>
        <tmMdFlg>0</tmMdFlg>
        <satMdFlg>0</satMdFlg>
        <judRst>2</judRst>
      </IFASW022IRes>
    </api:sc0130aResponse>
  </env:Body>
</env:Envelope>