{
  "db_version_time": "20180809134416",
  "response": {
    "item_list": [{
      "cart_key_tour_option": "00:01:00026:10:#001:S00N00:001:XXXXXX:20180923:A0KZA1:004:25855192",
      "disp_order": 1,
      "rel_use_dd": 1,
      "itin_kind": "0",
      "folder_no": "004",
      "condition_flg": "0",
      "itin_hndl_no": "25855192",
      "host_cf": "1",
      "management_comp": null,
      "copt_cd": "00026",
      "facl_cd": "10",
      "facl_nam": "【ＷＥＢ】ＳＴ食事　関東・甲信越",
      "facl_location": {
        "maj_mat_cd": "07",
        "region_cd": "301",
        "area_cd": "301"
      },
      "facl_type_cd": "01",
      "plan_cd": "S00N00",
      "product_cd": "00",
      "stock_limits_no": "#001",
      "stock_limits_nam": "【ＷＥＢ】１３－０１（１名利用）：専用枠・仕入枠名称",
      "for_rsv_nam": "【ＷＥＢ】１３－０１（１名利用）：専用枠・予約用表示名称",
      "use_pre_req_no": "001",
      "use_pre_req_nam": "【ＷＥＢ】13－０1（１名利用）：専用枠・利用条件",
      "use_pre_req_unit": "3",
      "disp_use_req_unit_nam": "名",
      "upgrade_cf": null,
      "upgrade_no": null,
      "upgrade_nam": null,
      "price_list": [{
        "note": null,
        "kind_name": "大人",
        "obj_age_to": 999,
        "kind_type_cd": "001",
        "obj_age_from": 6,
        "stc_pre_req_no": null,
        "stc_pre_req_nam": null,
        "stc_pre_req_cont": null,
        "price": 0
      }],
      "stock": 100,
      "num_p_from": 1,
      "num_p_to": 1,
      "opt_goods_cd": null,
      "opt_goods_nam": null,
      "goods_cd": null,
      "use_n_times": 1,
      "use_n_times_flg": null,
      "lcc_obj_flg": null,
      "route_no": null,
      "section_no": null,
      "disp_section_group_cd": null,
      "start_point_info": null,
      "end_point_info": null,
      "rsv_flg": "1",
      "ticket_kind_no": null,
      "ticket_kind_nam": null,
      "ticket_kind_nam_s": null,
      "ticket_cf_nam": null,
      "multi_flg": null,
      "coupon_flg": null,
      "use_days": null,
      "ticket_stock_list": null,
      "car_info": null
    }, {
      "cart_key_tour_option": "00:01:00026:10:#005:S00N00:001:XXXXXX:20180923:A0KZA1:004:25855192",
      "disp_order": 2,
      "rel_use_dd": 1,
      "itin_kind": "0",
      "folder_no": "004",
      "condition_flg": "0",
      "itin_hndl_no": "25855192",
      "host_cf": "1",
      "management_comp": null,
      "copt_cd": "00026",
      "facl_cd": "10",
      "facl_nam": "【ＷＥＢ】ＳＴ食事　関東・甲信越",
      "facl_location": {
        "maj_mat_cd": "07",
        "region_cd": "301",
        "area_cd": "301"
      },
      "facl_type_cd": "01",
      "plan_cd": "S00N00",
      "product_cd": "00",
      "stock_limits_no": "#005",
      "stock_limits_nam": "【ＷＥＢ】９３－０１（１名）：専用枠　仕入枠名称",
      "for_rsv_nam": "ＷＥＢ　９３－０１（１メイ）",
      "use_pre_req_no": "001",
      "use_pre_req_nam": "１名",
      "use_pre_req_unit": "3",
      "disp_use_req_unit_nam": "名",
      "upgrade_cf": null,
      "upgrade_no": null,
      "upgrade_nam": null,
      "price_list": [{
        "note": null,
        "kind_name": "大人",
        "obj_age_to": 999,
        "kind_type_cd": "001",
        "obj_age_from": 3,
        "stc_pre_req_no": null,
        "stc_pre_req_nam": null,
        "stc_pre_req_cont": null,
        "price": 0
      }],
      "stock": 100,
      "num_p_from": 1,
      "num_p_to": 1,
      "opt_goods_cd": null,
      "opt_goods_nam": null,
      "goods_cd": null,
      "use_n_times": 1,
      "use_n_times_flg": null,
      "lcc_obj_flg": null,
      "route_no": null,
      "section_no": null,
      "disp_section_group_cd": null,
      "start_point_info": null,
      "end_point_info": null,
      "rsv_flg": "1",
      "ticket_kind_no": null,
      "ticket_kind_nam": null,
      "ticket_kind_nam_s": null,
      "ticket_cf_nam": null,
      "multi_flg": null,
      "coupon_flg": null,
      "use_days": null,
      "ticket_stock_list": null,
      "car_info": null
    }, {
      "cart_key_tour_option": "00:01:00026:10:#006:S00N00:001:XXXXXX:20180923:A0KZA1:004:25855192",
      "disp_order": 3,
      "rel_use_dd": 1,
      "itin_kind": "0",
      "folder_no": "004",
      "condition_flg": "0",
      "itin_hndl_no": "25855192",
      "host_cf": "1",
      "management_comp": null,
      "copt_cd": "00026",
      "facl_cd": "10",
      "facl_nam": "【ＷＥＢ】ＳＴ食事　関東・甲信越",
      "facl_location": {
        "maj_mat_cd": "07",
        "region_cd": "301",
        "area_cd": "301"
      },
      "facl_type_cd": "01",
      "plan_cd": "S00N00",
      "product_cd": "00",
      "stock_limits_no": "#006",
      "stock_limits_nam": "【ＷＥＢ】取消料備考確認用",
      "for_rsv_nam": "【ＷＥＢ】取消料備考確認用",
      "use_pre_req_no": "001",
      "use_pre_req_nam": "１名",
      "use_pre_req_unit": "3",
      "disp_use_req_unit_nam": "名",
      "upgrade_cf": null,
      "upgrade_no": null,
      "upgrade_nam": null,
      "price_list": [{
        "note": null,
        "kind_name": "大人",
        "obj_age_to": 999,
        "kind_type_cd": "001",
        "obj_age_from": 3,
        "stc_pre_req_no": null,
        "stc_pre_req_nam": null,
        "stc_pre_req_cont": null,
        "price": 0
      }],
      "stock": 100,
      "num_p_from": 1,
      "num_p_to": 1,
      "opt_goods_cd": null,
      "opt_goods_nam": null,
      "goods_cd": null,
      "use_n_times": 1,
      "use_n_times_flg": null,
      "lcc_obj_flg": null,
      "route_no": null,
      "section_no": null,
      "disp_section_group_cd": null,
      "start_point_info": null,
      "end_point_info": null,
      "rsv_flg": "1",
      "ticket_kind_no": null,
      "ticket_kind_nam": null,
      "ticket_kind_nam_s": null,
      "ticket_cf_nam": null,
      "multi_flg": null,
      "coupon_flg": null,
      "use_days": null,
      "ticket_stock_list": null,
      "car_info": null
    }, {
      "cart_key_tour_option": "00:01:00026:10:#004:S00S00:001:XXXXXX:20180923:A0KZA1:004:25855192",
      "disp_order": 4,
      "rel_use_dd": 1,
      "itin_kind": "0",
      "folder_no": "004",
      "condition_flg": "0",
      "itin_hndl_no": "25855192",
      "host_cf": "1",
      "management_comp": null,
      "copt_cd": "00026",
      "facl_cd": "10",
      "facl_nam": "【ＷＥＢ】ＳＴ食事　関東・甲信越",
      "facl_location": {
        "maj_mat_cd": "07",
        "region_cd": "301",
        "area_cd": "301"
      },
      "facl_type_cd": "01",
      "plan_cd": "S00S00",
      "product_cd": "00",
      "stock_limits_no": "#004",
      "stock_limits_nam": "【ＷＥＢ】１４－０３（１~３名/組）：専用枠・仕入枠名称",
      "for_rsv_nam": "【ＷＥＢ】１４－０３（１~３名/組）：専用枠・予約用表示名称",
      "use_pre_req_no": "001",
      "use_pre_req_nam": "【ＷＥＢ】１４－０３（１~３名/組）：専用枠・利用条件",
      "use_pre_req_unit": "4",
      "disp_use_req_unit_nam": "組",
      "upgrade_cf": null,
      "upgrade_no": null,
      "upgrade_nam": null,
      "price_list": [{
        "note": null,
        "kind_name": "大人",
        "obj_age_to": 999,
        "kind_type_cd": "001",
        "obj_age_from": 3,
        "stc_pre_req_no": null,
        "stc_pre_req_nam": null,
        "stc_pre_req_cont": null,
        "price": 0
      }],
      "stock": 100,
      "num_p_from": 1,
      "num_p_to": 3,
      "opt_goods_cd": null,
      "opt_goods_nam": null,
      "goods_cd": null,
      "use_n_times": 1,
      "use_n_times_flg": null,
      "lcc_obj_flg": null,
      "route_no": null,
      "section_no": null,
      "disp_section_group_cd": null,
      "start_point_info": null,
      "end_point_info": null,
      "rsv_flg": "1",
      "ticket_kind_no": null,
      "ticket_kind_nam": null,
      "ticket_kind_nam_s": null,
      "ticket_cf_nam": null,
      "multi_flg": null,
      "coupon_flg": null,
      "use_days": null,
      "ticket_stock_list": null,
      "car_info": null
    }]
  }
}