{
  "db_version_time": "20160401100000",
  "response": {
    "fix_list": [
      {
        "cart_key_option": "OOOOOOOOOOOOOOOOOOOO",
        "copt_cd": "00001",
        "facl_cd": "00",
        "plan_cd": "000000",
        "product_cd": "00",
        "for_rsv_nam": "専用枠ナビ",
        "stock_limits_no": "#001",
        "stock_limits_nam": "専用枠ナビ",
        "use_pre_req_no": "001",
        "use_pre_req_unit": "3",
        "disp_use_req_unit_nam": "セット",
        "use_qtty": 24,
        "price": 5000000,
        "stock": 5
      }
    ]
  }
}