<soapenv:Envelope xmlns:soapenv="http://schemas.xmlsoap.org/soap/envelope/" xmlns:api="http://www.anaskyholiday.co.jp/adam/api" xmlns:api1="http://www.anaskyholiday.co.jp/adam/dto/api">
   <soapenv:Header/>
   <soapenv:Body>
      <api:sd0010aResponse>
         <!--Optional:-->
         <api1:IFASW033IRes>
			<cmnHedInf>
				<reqResCf>2</reqResCf>
				<reqOrgCd>INTERNET</reqOrgCd>
				<pwd>P@ssw0rd</pwd>
				<svcKd>IFASW022I</svcKd>
				<mkMsgDt>2017-01-30T06:30:15.123</mkMsgDt>
				<spStId/>
			</cmnHedInf>
			<proRstInf>
				<rstCd>0</rstCd>
				<lstUpdDtInf>
					<rcNo>AA000001</rcNo>
					<lstUpdDt>2017-01-30T06:30:15.123</lstUpdDt>
				</lstUpdDtInf>
				<errCon>
					<errCd/>
					<errMsg/>
					<rcNo/>
					<addInf/>
				</errCon>
			</proRstInf>
			<rvInf>
				<rcNo>AA000001</rcNo>
				<rcReqSn>1</rcReqSn>
				<rcGpId>Z00000001</rcGpId>
				<cdtDd>20170510</cdtDd>
				<num>1</num>
				<adNum>1</adNum>
				<chNum>0</chNum>
				<infNum>0</infNum>
				<rpPsnId>1</rpPsnId>
				<trvCstTtl/>
				<ncApAmnt/>
				<rcSt>04</rcSt>
				<rvDt>20170207151020</rvDt>
				<ttlClf/>
				<dpFlg>1</dpFlg>
				<majMatCd>47</majMatCd>
				<majMatNm>沖縄</majMatNm>
				<apCmpDt>20170207151020</apCmpDt>
				<itnFlg>0</itnFlg>
				<issCf>0</issCf>
				<payTml>20170221</payTml>
				<dpKd>0</dpKd>
				<conOrgCf/>
				<conOrgId/>
				<irrFlg>0</irrFlg>
				<webIdtFlg>1</webIdtFlg>
				<itnGidFlg>1</itnGidFlg>
				<rcGdInf>
					<rcGdNo>1</rcGdNo>
					<rcGdReqSn>1</rcGdReqSn>
					<gdCd>A002A22A21</gdCd>
					<gdNm/>
					<amcGdFlg>0</amcGdFlg>
					<webGdNm>羽田→石垣島ツアー</webGdNm>
					<bxCd>A002A2</bxCd>
					<gdTypCd>20</gdTypCd>
					<feeAppStnKd>0</feeAppStnKd>
					<depp>001</depp>
					<dprNm>東京</dprNm>
					<prtRcGdNo>3</prtRcGdNo>
					<prtGdCd>A002A22A21</prtGdCd>
					<depDd>20170510</depDd>
					<arrDd>20170511</arrDd>
					<rvSt>0</rvSt>
					<dspRvSt>予約確定</dspRvSt>
					<issSt>0</issSt>
					<allStId/>
					<rvDt>20170207151020</rvDt>
					<cnlFlg/>
					<pnfCd/>
					<gusGdFlg/>
					<snmCf>1</snmCf>
					<payCf>0</payCf>
				</rcGdInf>
				<pxInf>
					<pxId>1</pxId>
					<pxReqSn>1</pxReqSn>
					<amcNo>4354278317</amcNo>
					<amcKd>AID</amcKd>
					<amcEltInf>B</amcEltInf>
					<nmFm>杉田</nmFm>
					<nmNm>重忠</nmNm>
					<nmKnFm>スギタ</nmKnFm>
					<nmKnNm>シゲタダ</nmKnNm>
					<nmEijFm/>
					<nmEijNm/>
					<age>41</age>
					<infNmFm/>
					<infNmNm/>
					<infNmKnFm>スギタ</infNmKnFm>
					<infNmKnNm>タマ</infNmKnNm>
					<infAge>1</infAge>
					<infSex>M</infSex>
					<sex>M</sex>
					<cntZipNo>206-0021</cntZipNo>
					<cntAdr1>東京都多摩市連光寺</cntAdr1>
					<cntAdr2>１－２－１</cntAdr2>
					<cntAdr3>ライオンズ聖蹟桜ヶ丘パシーナ 903</cntAdr3>
					<cntTelKd>0</cntTelKd>
					<cntTel>0423396341</cntTel>
					<cntTel2>090-9132-9726</cntTel2>
					<cntEml>sugita.shigetada.c9r@jp.nssol.nssmc.com</cntEml>
					<sndZipNo/>
					<sndAdr1/>
					<sndAdr2/>
					<sndAdr3/>
					<ssrWcr>0</ssrWcr>
					<ssrBln>0</ssrBln>
					<ssrWak>0</ssrWak>
					<ssrPrg>0</ssrPrg>
					<ssrDft>0</ssrDft>
					<ssrAtn>0</ssrAtn>
					<ssrOth/>
					<issSt>0</issSt>
					<fee>30000</fee>
					<disFee>2000</disFee>
					<addFee>2000</addFee>
					<clf>30000</clf>
					<rvSt>0</rvSt>
					<cnlFlg/>
					<tbdtFlg/>
					<pxFlg>0</pxFlg>
					<asrSt/>
					<adoAsrSt/>
					<snaAsrSt/>
					<sfjAsrSt/>
					<rcl/>
					<adoRcl/>
					<snaRcl/>
					<sfjRcl/>
				</pxInf>
				<gdPxAltInf>
					<rcGdNo>1</rcGdNo>
					<pxId>1</pxId>
					<pxDtId>1</pxDtId>
					<feeBef>30000</feeBef>
					<feeAft>32000</feeAft>
					<feeBefMd>30000</feeBefMd>
					<feeWs>30000</feeWs>
					<untGdSalPrc/>
					<clf/>
					<rfdAmt/>
					<ttlDd/>
					<numKdNo/>
					<kdTypCd/>
					<kdNm/>
					<rvSt/>
					<issSt/>
					<issDt/>
					<rfdDt/>
					<prfNo/>
					<prfDisAmt/>
					<prfNm/>
					<depDd/>
					<apStrDt/>
					<addPrc/>
					<trvPrcAftMd/>
					<lieFlg/>
					<rcDisInf>
						<disPtnCd/>
						<disNm/>
						<disFee/>
					</rcDisInf>
				</gdPxAltInf>
				<airRvInf>
					<rcGdNo>1</rcGdNo>
					<mtNo>1</mtNo>
					<mtReqSn>1</mtReqSn>
					<useDd>20170510</useDd>
					<depp>東京</depp>
					<num>1</num>
					<rvSt>0</rvSt>
					<itnKd>1</itnKd>
					<lt2>NH</lt2>
					<lt3>ANA</lt3>
					<flt>091</flt>
					<dspFlt>091</dspFlt>
					<clsKd>0</clsKd>
					<depTm>1125</depTm>
					<arrTm>1430</arrTm>
					<upgCf>A</upgCf>
					<upgNo>02780</upgNo>
					<upgNm>往路Ａフライト追加代金</upgNm>
					<fltKd>1</fltKd>
					<depAptCd>HND</depAptCd>
					<depAptNm>羽田</depAptNm>
					<arrAptCd>ISG</arrAptCd>
					<arrAptNm>石垣</arrAptNm>
					<cnlFlg/>
					<nusFlg>0</nusFlg>
					<creJudFlg>0</creJudFlg>
					<apStrDt/>
					<bkgCls>Y</bkgCls>
					<mdlNm>772</mdlNm>
					<secSubNo>001</secSubNo>
					<cdShJud>0</cdShJud>
				</airRvInf>
				<airRvInf>
					<rcGdNo>1</rcGdNo>
					<mtNo>2</mtNo>
					<mtReqSn>2</mtReqSn>
					<useDd>20170511</useDd>
					<depp>石垣</depp>
					<num>1</num>
					<rvSt>0</rvSt>
					<itnKd>1</itnKd>
					<lt2>NH</lt2>
					<lt3>ANA</lt3>
					<flt>092</flt>
					<dspFlt>092</dspFlt>
					<clsKd>0</clsKd>
					<depTm>1520</depTm>
					<arrTm>1805</arrTm>
					<upgCf>A</upgCf>
					<upgNo>02780</upgNo>
					<upgNm>復路Ａフライト追加代金</upgNm>
					<fltKd>2</fltKd>
					<depAptCd>ISG</depAptCd>
					<depAptNm>石垣</depAptNm>
					<arrAptCd>HND</arrAptCd>
					<arrAptNm>羽田</arrAptNm>
					<cnlFlg/>
					<nusFlg>0</nusFlg>
					<creJudFlg>0</creJudFlg>
					<apStrDt/>
					<bkgCls>Y</bkgCls>
					<mdlNm>772</mdlNm>
					<secSubNo>001</secSubNo>
					<cdShJud>0</cdShJud>
				</airRvInf>
				<gndRvInf>
					<rcGdNo>1</rcGdNo>
					<mtNo>3</mtNo>
					<mtReqSn>3</mtReqSn>
					<useDd>20170510</useDd>
					<depp>東京</depp>
					<num>1</num>
					<rvSt>0</rvSt>
					<fdrNo/>
					<itnCtrlNo/>
					<fdrNm> 任意</fdrNm>
					<itnKd>0</itnKd>
					<cpCd>90044</cpCd>
					<cpNm>（株）札幌ホテルマネジメント</cpNm>
					<fcCd>70</fcCd>
					<fcNm>札幌全日空ホテル</fcNm>
					<majMatCd>02</majMatCd>
					<rgnCd>001</rgnCd>
					<araCd>189</araCd>
					<fcTypCd>01</fcTypCd>
					<fcTypNm>ＪＲフリーパス</fcTypNm>
					<stlNo>#001</stlNo>
					<rvDspNm>Sクラス　禁煙　車種指定なし　４ＷＤ</rvDspNm>
					<rutNo>3</rutNo>
					<secNo>00001</secNo>
					<plCd>SA0101</plCd>
					<plNm>展望台宿泊プラン</plNm>
					<matCd>00</matCd>
					<plHstNo>3</plHstNo>
					<cpnIssFlg>0</cpnIssFlg>
					<useCndNo>001</useCndNo>
					<useCndNm> １名</useCndNm>
					<upgCf>F</upgCf>
					<upgNo>02780</upgNo>
					<upgNm>ルーム加算</upgNm>
					<upgPlCd>SA0101</upgPlCd>
					<upgUseCnd>001</upgUseCnd>
					<apStrDt/>
					<chkiTm>1315</chkiTm>
					<chkoTm>1000</chkoTm>
					<miNum>100</miNum>
					<alPlc>青森駅レンタカー営業所</alPlc>
					<rtrPlc>青森駅レンタカー営業所</rtrPlc>
					<gonPlc>札幌</gonPlc>
					<gofPlc>釧路</gofPlc>
					<useStrDt/>
					<useStrDt2/>
					<useEndDt/>
					<useEndDt2/>
					<alDrArCd>001</alDrArCd>
					<alDrArNm>札幌</alDrArNm>
					<rtrDrArCd>001</rtrDrArCd>
					<rtrDrArNm>札幌</rtrDrArNm>
					<alOfNo>3</alOfNo>
					<alOfTel>011-111-1111</alOfTel>
					<alOfZipNo>066-0012</alOfZipNo>
					<alOfAdr>北海道千歳市美々７５８－１３７</alOfAdr>
					<alOfLat>43.063328144</alOfLat>
					<alOfLon>141.358868125</alOfLon>
					<rtrOfNo>3</rtrOfNo>
					<rtrOfTel>011-111-1111</rtrOfTel>
					<rtrOfZipNo>066-0012</rtrOfZipNo>
					<rtrOfAdr>北海道千歳市美々７５８－１３７</rtrOfAdr>
					<rtrOfLat>43.063328144</rtrOfLat>
					<rtrOfLon>141.358868125</rtrOfLon>
					<alHtCpCd>90044</alHtCpCd>
					<alHtFcCd>70</alHtFcCd>
					<alHtTel>011-111-1111</alHtTel>
					<alHtZipNo>060-0003</alHtZipNo>
					<alHtAdr>北海道札幌市中央区北３条西１－２－９</alHtAdr>
					<alHtLat>43.063328144</alHtLat>
					<alHtLon>141.358868125</alHtLon>
					<rtrHtCpCd>90044</rtrHtCpCd>
					<rtrHtFcCd>70</rtrHtFcCd>
					<rtrHtTel>011-111-1111</rtrHtTel>
					<rtrHtZipNo>060-0003</rtrHtZipNo>
					<rtrHtAdr>北海道札幌市中央区北３条西１－２－９</rtrHtAdr>
					<rtrHtLat>43.063328144</rtrHtLat>
					<rtrHtLon>141.358868125</rtrHtLon>
					<carAddTm>10</carAddTm>
					<cnlFlg>1</cnlFlg>
					<nusFlg>0</nusFlg>
					<tmMdFlg>0</tmMdFlg>
					<fcQesCon>雨天決行する場合があります。</fcQesCon>
					<fcAnsCon>問題ありません</fcAnsCon>
					<lccFlg>1</lccFlg>
					<eqiFlg>1</eqiFlg>
				</gndRvInf>
				<pxMtAltAirInf>
					<rcGdNo>1</rcGdNo>
					<pxId>1</pxId>
					<pxDtId>1</pxDtId>
					<mtNo>1</mtNo>
					<useDd>20170510</useDd>
					<satNo/>
					<rvSt>0</rvSt>
					<issSt/>
					<cnlDd/>
					<rfd/>
					<rfdDt/>
					<irrCnlFlg/>
					<stnFlg/>
					<fltKd/>
					<viaFltCf/>
					<viaFltGp/>
					<irrCnlDt/>
					<farKdCd/>
					<addFee/>
					<addFeeLie/>
				</pxMtAltAirInf>
				<pxMtAltAirInf>
					<rcGdNo>1</rcGdNo>
					<pxId>1</pxId>
					<pxDtId>1</pxDtId>
					<mtNo>2</mtNo>
					<useDd>20170511</useDd>
					<satNo/>
					<rvSt>0</rvSt>
					<issSt/>
					<cnlDd/>
					<rfd/>
					<rfdDt/>
					<irrCnlFlg/>
					<stnFlg/>
					<fltKd/>
					<viaFltCf/>
					<viaFltGp/>
					<irrCnlDt/>
					<farKdCd/>
					<addFee/>
					<addFeeLie/>
				</pxMtAltAirInf>
				<pxMtAltGndInf>
					<rcGdNo>1</rcGdNo>
					<pxId>1</pxId>
					<pxDtId>1</pxDtId>
					<mtNo>3</mtNo>
					<useCndDtNo>1</useCndDtNo>
					<useDd>20170510</useDd>
					<rvSt>0</rvSt>
					<issSt/>
					<cnlDd/>
					<irrCnlFlg/>
					<irrCnlDt/>
					<rfd/>
					<rfdDt/>
					<stnFlg/>
					<chg>10000</chg>
					<bthTaxAd/>
					<bthTaxCh/>
					<lieCf/>
					<kdTypCd/>
					<kdTypNm/>
					<addFee/>
					<addFeeNm/>
					<carDrFee/>
					<carAlFee/>
					<carRtrFee/>
					<carAddFee/>
				</pxMtAltGndInf>
				<pxMtAltPrkInf>
					<rcGdNo/>
					<pxId/>
					<pxDtId/>
					<mtNo/>
					<useCndDtNo/>
					<useDd/>
					<rvSt/>
					<issSt/>
					<cnlDd/>
					<rfd/>
					<rfdDt/>
					<irrCnlFlg/>
					<stnFlg/>
					<chg/>
					<irrCnlDt/>
					<tktId/>
				</pxMtAltPrkInf>
			</rvInf>
			<mtVccStInqRst>
				<rcNo/>
				<rcGdNo/>
				<mtNo/>
				<mtReqSn/>
				<vccSt/>
				<rvAdvJudRst/>
				<useDd/>
				<mtNm/>
			</mtVccStInqRst>
			<airSaluChkRst>
				<rcNo/>
				<rcGdNo/>
				<mtNo/>
				<mtReqSn/>
				<saluChkRst/>
				<vccNum/>
			</airSaluChkRst>
         </api1:IFASW033IRes>
      </api:sd0010aResponse>
   </soapenv:Body>
</soapenv:Envelope>