<env:Envelope xmlns:env="http://schemas.xmlsoap.org/soap/envelope/" xmlns="http://www.anaskyholiday.co.jp/adam/dto/api"
  xmlns:api="http://www.anaskyholiday.co.jp/adam/api">
  <env:Header />
  <env:Body>
    <api:sd0010aResponse>
      <IFASW033IRes>
        <cmnHedInf>
          <reqResCf>2</reqResCf>
          <reqOrgCd>INTERNET</reqOrgCd>
          <pwd>pass9999</pwd>
          <svcKd>IFASW033I</svcKd>
          <mkMsgDt>2018-08-16T15:54:47+09:00</mkMsgDt>
        </cmnHedInf>
        <proRstInf>
          <rstCd>0</rstCd>
          <lstUpdDtInf>
            <rcNo>UD885247</rcNo>
            <lstUpdDt>2018-08-16T15:54:47+09:00</lstUpdDt>
          </lstUpdDtInf>
        </proRstInf>
        <rvInf>
          <rcNo>UD885247</rcNo>
          <rcReqSn>1</rcReqSn>
          <cdtDd>20190823</cdtDd>
          <num>2</num>
          <adNum>2</adNum>
          <chNum>0</chNum>
          <rpPsnId>4192295</rpPsnId>
          <trvCstTtl>146800</trvCstTtl>
          <rcSt>01</rcSt>
          <rvDt>2018-08-16T15:54:44+09:00</rvDt>
          <dpFlg>1</dpFlg>
          <majMatCd>02</majMatCd>
          <majMatNm>北海道</majMatNm>
          <issCf>0</issCf>
          <dpKd>3</dpKd>
          <irrFlg>0</irrFlg>
          <webIdtFlg>1</webIdtFlg>
          <itnGidFlg>0</itnGidFlg>
          <rcGdInf>
            <rcGdNo>0</rcGdNo>
            <rcGdReqSn>2</rcGdReqSn>
            <gdCd>ZA90002020</gdCd>
            <gdNm>ＡＮＡダイナミックパッケージ</gdNm>
            <webGdNm>航空券＋ホテル「ＡＮＡ旅作」</webGdNm>
            <gdTypCd>60</gdTypCd>
            <depp>001</depp>
            <dprNm>東京</dprNm>
            <depDd>20190823</depDd>
            <arrDd>20190824</arrDd>
            <rvSt>8</rvSt>
            <dspRvSt>予約確定</dspRvSt>
            <issSt>0</issSt>
            <rvDt>2018-08-16T15:54:44+09:00</rvDt>
            <cnlFlg>0</cnlFlg>
            <gusGdFlg>0</gusGdFlg>
            <snmCf>1</snmCf>
            <payCf>0</payCf>
          </rcGdInf>
          <pxInf>
            <pxId>4192295</pxId>
            <pxReqSn>1</pxReqSn>
            <age>20</age>
            <ssrWcr>0</ssrWcr>
            <ssrBln>0</ssrBln>
            <ssrWak>0</ssrWak>
            <ssrPrg>0</ssrPrg>
            <ssrDft>0</ssrDft>
            <ssrAtn>0</ssrAtn>
            <issSt>0</issSt>
            <fee>73400</fee>
            <disFee>0</disFee>
            <addFee>0</addFee>
            <rvSt>8</rvSt>
            <cnlFlg>0</cnlFlg>
            <pxFlg>0</pxFlg>
          </pxInf>
          <pxInf>
            <pxId>4192296</pxId>
            <pxReqSn>2</pxReqSn>
            <age>20</age>
            <ssrWcr>0</ssrWcr>
            <ssrBln>0</ssrBln>
            <ssrWak>0</ssrWak>
            <ssrPrg>0</ssrPrg>
            <ssrDft>0</ssrDft>
            <ssrAtn>0</ssrAtn>
            <issSt>0</issSt>
            <fee>73400</fee>
            <disFee>0</disFee>
            <addFee>0</addFee>
            <rvSt>8</rvSt>
            <cnlFlg>0</cnlFlg>
            <pxFlg>0</pxFlg>
          </pxInf>
          <gdPxAltInf>
            <rcGdNo>0</rcGdNo>
            <pxId>4192295</pxId>
            <pxDtId>000</pxDtId>
            <feeBef>73400</feeBef>
            <feeAft>73400</feeAft>
            <feeBefMd>0</feeBefMd>
            <feeWs>73400</feeWs>
            <untGdSalPrc>73400</untGdSalPrc>
            <rvSt>8</rvSt>
            <issSt>0</issSt>
            <prfDisAmt>0</prfDisAmt>
            <depDd>20190823</depDd>
            <apStrDt>2018-08-16T15:54:44+09:00</apStrDt>
            <addPrc>0</addPrc>
            <lieFlg>0</lieFlg>
          </gdPxAltInf>
          <gdPxAltInf>
            <rcGdNo>0</rcGdNo>
            <pxId>4192296</pxId>
            <pxDtId>000</pxDtId>
            <feeBef>73400</feeBef>
            <feeAft>73400</feeAft>
            <feeBefMd>0</feeBefMd>
            <feeWs>73400</feeWs>
            <untGdSalPrc>73400</untGdSalPrc>
            <rvSt>8</rvSt>
            <issSt>0</issSt>
            <prfDisAmt>0</prfDisAmt>
            <depDd>20190823</depDd>
            <apStrDt>2018-08-16T15:54:44+09:00</apStrDt>
            <addPrc>0</addPrc>
            <lieFlg>0</lieFlg>
          </gdPxAltInf>
          <airRvInf>
            <rcGdNo>0</rcGdNo>
            <mtNo>0</mtNo>
            <mtReqSn>3</mtReqSn>
            <useDd>20190823</useDd>
            <depp>001</depp>
            <num>2</num>
            <rvSt>8</rvSt>
            <itnKd>2</itnKd>
            <lt2>NH</lt2>
            <lt3>ANA</lt3>
            <flt>055</flt>
            <dspFlt>055</dspFlt>
            <clsKd>0</clsKd>
            <depTm>0900</depTm>
            <arrTm>1035</arrTm>
            <depAptCd>HND</depAptCd>
            <depAptNm>羽田</depAptNm>
            <arrAptCd>CTS</arrAptCd>
            <arrAptNm>千歳</arrAptNm>
            <cnlFlg>0</cnlFlg>
            <nusFlg>0</nusFlg>
            <creJudFlg>0</creJudFlg>
            <hndT1UseFlg>0</hndT1UseFlg>
            <apStrDt>2018-08-16T15:54:44+09:00</apStrDt>
            <bkgCls>Z</bkgCls>
            <mdlNm>773</mdlNm>
            <cdShJud>0</cdShJud>
          </airRvInf>
          <airRvInf>
            <rcGdNo>0</rcGdNo>
            <mtNo>1</mtNo>
            <mtReqSn>4</mtReqSn>
            <useDd>20190824</useDd>
            <depp>001</depp>
            <num>2</num>
            <rvSt>8</rvSt>
            <itnKd>2</itnKd>
            <lt2>NH</lt2>
            <lt3>ADO</lt3>
            <flt>4532</flt>
            <dspFlt>032</dspFlt>
            <clsKd>0</clsKd>
            <depTm>1800</depTm>
            <arrTm>1935</arrTm>
            <depAptCd>CTS</depAptCd>
            <depAptNm>千歳</depAptNm>
            <arrAptCd>HND</arrAptCd>
            <arrAptNm>羽田</arrAptNm>
            <cnlFlg>0</cnlFlg>
            <nusFlg>0</nusFlg>
            <creJudFlg>1</creJudFlg>
            <hndT1UseFlg>0</hndT1UseFlg>
            <apStrDt>2018-08-16T15:54:44+09:00</apStrDt>
            <bkgCls>N</bkgCls>
            <mdlNm>763</mdlNm>
            <cdShJud>0</cdShJud>
          </airRvInf>
          <gndRvInf>
            <rcGdNo>0</rcGdNo>
            <mtNo>2</mtNo>
            <mtReqSn>5</mtReqSn>
            <useDd>20190823</useDd>
            <depp>001</depp>
            <num>2</num>
            <rvSt>8</rvSt>
            <itnKd>2</itnKd>
            <cpCd>00026</cpCd>
            <cpNm>【ＷＥＢ】システムテスト用ホテルグループ</cpNm>
            <fcCd>06</fcCd>
            <fcNm>【ＷＥＢ】ＳＴホテル北海道</fcNm>
            <majMatCd>02</majMatCd>
            <rgnCd>001</rgnCd>
            <araCd>001</araCd>
            <fcTypCd>00</fcTypCd>
            <fcTypNm>宿泊</fcTypNm>
            <stlNo>#001</stlNo>
            <rvDspNm>【WEB】０１－０１[喫煙可 洋室 シングル]</rvDspNm>
            <plCd>S00400</plCd>
            <plNm>【ＷＥＢ】ＳＴ宿泊プラン・ＤＰ・専用枠・主催・２４１</plNm>
            <matCd>20</matCd>
            <plHstNo>0</plHstNo>
            <cpnIssFlg>0</cpnIssFlg>
            <cndNm>朝食</cndNm>
            <useCndNo>001</useCndNo>
            <useCndNm>【WEB】０１－０１[禁煙 洋室 （１名） シングル]</useCndNm>
            <dspUseCndUntNm>室</dspUseCndUntNm>
            <apStrDt>2018-08-16T15:54:45+09:00</apStrDt>
            <cnlFlg>0</cnlFlg>
            <nusFlg>0</nusFlg>
            <tmMdFlg>0</tmMdFlg>
            <lccFlg>0</lccFlg>
            <eqiFlg>0</eqiFlg>
            <useNum>0</useNum>
          </gndRvInf>
          <pxMtAltAirInf>
            <rcGdNo>0</rcGdNo>
            <pxId>4192295</pxId>
            <pxDtId>000</pxDtId>
            <mtNo>0</mtNo>
            <useDd>20190823</useDd>
            <rvSt>8</rvSt>
            <issSt>0</issSt>
            <irrCnlFlg>0</irrCnlFlg>
            <stnFlg>2</stnFlg>
            <fltKd>0</fltKd>
            <viaFltCf>0</viaFltCf>
            <viaFltGp>00</viaFltGp>
            <farKdCd>DP</farKdCd>
          </pxMtAltAirInf>
          <pxMtAltAirInf>
            <rcGdNo>0</rcGdNo>
            <pxId>4192296</pxId>
            <pxDtId>000</pxDtId>
            <mtNo>0</mtNo>
            <useDd>20190823</useDd>
            <rvSt>8</rvSt>
            <issSt>0</issSt>
            <irrCnlFlg>0</irrCnlFlg>
            <stnFlg>2</stnFlg>
            <fltKd>0</fltKd>
            <viaFltCf>0</viaFltCf>
            <viaFltGp>00</viaFltGp>
            <farKdCd>DP</farKdCd>
          </pxMtAltAirInf>
          <pxMtAltAirInf>
            <rcGdNo>0</rcGdNo>
            <pxId>4192295</pxId>
            <pxDtId>000</pxDtId>
            <mtNo>1</mtNo>
            <useDd>20190824</useDd>
            <rvSt>8</rvSt>
            <issSt>0</issSt>
            <irrCnlFlg>0</irrCnlFlg>
            <stnFlg>2</stnFlg>
            <fltKd>1</fltKd>
            <viaFltCf>0</viaFltCf>
            <viaFltGp>00</viaFltGp>
            <farKdCd>DP</farKdCd>
          </pxMtAltAirInf>
          <pxMtAltAirInf>
            <rcGdNo>0</rcGdNo>
            <pxId>4192296</pxId>
            <pxDtId>000</pxDtId>
            <mtNo>1</mtNo>
            <useDd>20190824</useDd>
            <rvSt>8</rvSt>
            <issSt>0</issSt>
            <irrCnlFlg>0</irrCnlFlg>
            <stnFlg>2</stnFlg>
            <fltKd>1</fltKd>
            <viaFltCf>0</viaFltCf>
            <viaFltGp>00</viaFltGp>
            <farKdCd>DP</farKdCd>
          </pxMtAltAirInf>
          <pxMtAltGndInf>
            <rcGdNo>0</rcGdNo>
            <pxId>4192296</pxId>
            <pxDtId>000</pxDtId>
            <mtNo>2</mtNo>
            <useCndDtNo>1</useCndDtNo>
            <useDd>20190823</useDd>
            <rvSt>8</rvSt>
            <issSt>0</issSt>
            <irrCnlFlg>0</irrCnlFlg>
            <stnFlg>2</stnFlg>
            <lieCf>0</lieCf>
            <kdTypCd>001</kdTypCd>
            <kdTypNm>大人</kdTypNm>
          </pxMtAltGndInf>
          <pxMtAltGndInf>
            <rcGdNo>0</rcGdNo>
            <pxId>4192295</pxId>
            <pxDtId>000</pxDtId>
            <mtNo>2</mtNo>
            <useCndDtNo>0</useCndDtNo>
            <useDd>20190823</useDd>
            <rvSt>8</rvSt>
            <issSt>0</issSt>
            <irrCnlFlg>0</irrCnlFlg>
            <stnFlg>2</stnFlg>
            <lieCf>0</lieCf>
            <kdTypCd>001</kdTypCd>
            <kdTypNm>大人</kdTypNm>
          </pxMtAltGndInf>
        </rvInf>
        <mtVccStInqRst>
          <rcNo>UD885247</rcNo>
          <rcGdNo>0</rcGdNo>
          <mtNo>2</mtNo>
          <mtReqSn>5</mtReqSn>
          <vccSt>99</vccSt>
          <rvAdvJudRst>1</rvAdvJudRst>
        </mtVccStInqRst>
        <airSaluChkRst>
          <rcNo>UD885247</rcNo>
          <rcGdNo>0</rcGdNo>
          <mtNo>1</mtNo>
          <mtReqSn>4</mtReqSn>
          <saluChkRst>1</saluChkRst>
          <vccNum>210</vccNum>
        </airSaluChkRst>
        <airSaluChkRst>
          <rcNo>UD885247</rcNo>
          <rcGdNo>0</rcGdNo>
          <mtNo>0</mtNo>
          <mtReqSn>3</mtReqSn>
          <saluChkRst>0</saluChkRst>
          <vccNum>449</vccNum>
        </airSaluChkRst>
        <stcInf>
          <fcInf>
            <cpCd>00026</cpCd>
            <fcCd>06</fcCd>
            <fcNm>【ＷＥＢ】ＳＴホテル北海道</fcNm>
            <fcZipNo>060-0807</fcZipNo>
            <fcAdr>北海道札幌市北区北７条西４丁目２－２</fcAdr>
            <lat>43.0686606</lat>
            <lon>141.3485666</lon>
          </fcInf>
          <plInf>
            <cpCd>00026</cpCd>
            <fcCd>06</fcCd>
            <plCd>S00400</plCd>
            <cvsIssFlg>0</cvsIssFlg>
            <mngCpm>-</mngCpm>
            <matCd>20</matCd>
            <plNm>【ＷＥＢ】ＳＴ宿泊プラン・ＤＰ・専用枠・主催・２４１</plNm>
            <stMtdCf>0</stMtdCf>
            <chkiStrTm>1500</chkiStrTm>
            <chkiLstTm>2400</chkiLstTm>
          </plInf>
        </stcInf>
      </IFASW033IRes>
    </api:sd0010aResponse>
  </env:Body>
</env:Envelope>