<env:Envelope xmlns:env="http://schemas.xmlsoap.org/soap/envelope/" xmlns="http://www.anaskyholiday.co.jp/adam/dto/api"
  xmlns:api="http://www.anaskyholiday.co.jp/adam/api">
  <env:Header />
  <env:Body>
    <api:sc0100aResponse>
      <IFASW019IRes>
        <cmnHedInf>
          <reqResCf>2</reqResCf>
          <reqOrgCd>INTERNET</reqOrgCd>
          <pwd>pass9999</pwd>
          <svcKd>IFASW019I</svcKd>
          <mkMsgDt>2018-09-18T17:44:39+09:00</mkMsgDt>
        </cmnHedInf>
        <proRstInf>
          <rstCd>1</rstCd>
          <errCon>
            <errCd>0153</errCd>
            <errMsg>ableI/Fでエラーが発生しました。</errMsg>
            <rcNo>GD824342</rcNo>
            <addInf>{rcGdNo:0,mtNo:0,ablIfERRcd:"ABL0123"}</addInf>
          </errCon>
        </proRstInf>
        <attInf>
          <alCd>NH</alCd>
          <flt>055</flt>
          <bkgCls>J</bkgCls>
          <bdDd>20181021</bdDd>
          <ar>
          </ar>
          <flrNm>
          </flrNm>
          <depAptCd>HND</depAptCd>
          <arrAptCd>CTS</arrAptCd>
          <mdlCd>77H</mdlCd>
          <vccSatNumFW>19</vccSatNumFW>
          <vccSatNumFA>43</vccSatNumFA>
          <vccSatNumFOth>48</vccSatNumFOth>
          <vccSatNumCW>36</vccSatNumCW>
          <vccSatNumCA>77</vccSatNumCA>
          <vccSatNumCOth>77</vccSatNumCOth>
          <vccSatNumBW>5</vccSatNumBW>
          <vccSatNumBA>19</vccSatNumBA>
          <vccSatNumBOth>19</vccSatNumBOth>
          <stgSatNumFW>20</stgSatNumFW>
          <stgSatNumFA>43</stgSatNumFA>
          <stgSatNumFOth>50</stgSatNumFOth>
          <stgSatNumCW>36</stgSatNumCW>
          <stgSatNumCA>78</stgSatNumCA>
          <stgSatNumCOth>78</stgSatNumCOth>
          <stgSatNumBW>6</stgSatNumBW>
          <stgSatNumBA>19</stgSatNumBA>
          <stgSatNumBOth>19</stgSatNumBOth>
        </attInf>
        <fltInfInqInf>
          <alCd>NH</alCd>
          <flt>055</flt>
          <bkgCls>J</bkgCls>
          <bdDd>20181021</bdDd>
          <ar>F</ar>
          <flrNm>L</flrNm>
          <depAptCd>HND</depAptCd>
          <arrAptCd>CTS</arrAptCd>
          <mdlCd>77H</mdlCd>
          <strColNo>005</strColNo>
          <endColNo>020</endColNo>
          <wingPos>-</wingPos>
          <satStInqInf>
            <linNm>K</linNm>
            <satSt>+TT+T DAAAAAA</satSt>
          </satStInqInf>
          <satStInqInf>
            <linNm>J</linNm>
            <satSt>TT+NN KNNNNNN</satSt>
          </satStInqInf>
          <satStInqInf>
            <linNm>H</linNm>
            <satSt>KTTTT DAAAAAA</satSt>
          </satStInqInf>
          <satStInqInf>
            <linNm>
            </linNm>
            <satSt>
            </satSt>
          </satStInqInf>
          <satStInqInf>
            <linNm>G</linNm>
            <satSt>KTTTTT +TAAAAAA</satSt>
          </satStInqInf>
          <satStInqInf>
            <linNm>F</linNm>
            <satSt>TTTNNN +NANNNNN</satSt>
          </satStInqInf>
          <satStInqInf>
            <linNm>E</linNm>
            <satSt>TTTNNN +NANNNNN</satSt>
          </satStInqInf>
          <satStInqInf>
            <linNm>D</linNm>
            <satSt>DTTTTD +TAAAAAA</satSt>
          </satStInqInf>
          <satStInqInf>
            <linNm>
            </linNm>
            <satSt>
            </satSt>
          </satStInqInf>
          <satStInqInf>
            <linNm>C</linNm>
            <satSt>DTTTK +KKAAAAAAA</satSt>
          </satStInqInf>
          <satStInqInf>
            <linNm>B</linNm>
            <satSt>KT+NN +NNNNNNNNN</satSt>
          </satStInqInf>
          <satStInqInf>
            <linNm>A</linNm>
            <satSt>DT++T ++TAAAAAAA</satSt>
          </satStInqInf>
        </fltInfInqInf>
        <fltInfInqInf>
          <alCd>NH</alCd>
          <flt>055</flt>
          <bkgCls>J</bkgCls>
          <bdDd>20181021</bdDd>
          <ar>C</ar>
          <flrNm>L</flrNm>
          <depAptCd>HND</depAptCd>
          <arrAptCd>CTS</arrAptCd>
          <mdlCd>77H</mdlCd>
          <strColNo>021</strColNo>
          <endColNo>040</endColNo>
          <wingPos>022-036</wingPos>
          <satStInqInf>
            <linNm>K</linNm>
            <satSt>ANN+NNNN+NNNNNNNNNNN</satSt>
          </satStInqInf>
          <satStInqInf>
            <linNm>J</linNm>
            <satSt>NNNNNNNNSNNNNNNNNNNN</satSt>
          </satStInqInf>
          <satStInqInf>
            <linNm>H</linNm>
            <satSt>AANNNNNNSNNNNNNNNNNN</satSt>
          </satStInqInf>
          <satStInqInf>
            <linNm>
            </linNm>
            <satSt>
            </satSt>
          </satStInqInf>
          <satStInqInf>
            <linNm>G</linNm>
            <satSt>AANNNNNN TNNNNNNNNNN</satSt>
          </satStInqInf>
          <satStInqInf>
            <linNm>F</linNm>
            <satSt>NNNNNNNN TNNNNNNNNNN</satSt>
          </satStInqInf>
          <satStInqInf>
            <linNm>E</linNm>
            <satSt>NNNNNNNN JNNNNNNNNNN</satSt>
          </satStInqInf>
          <satStInqInf>
            <linNm>D</linNm>
            <satSt>AANNNNNN JNNNNNNNNNN</satSt>
          </satStInqInf>
          <satStInqInf>
            <linNm>
            </linNm>
            <satSt>
            </satSt>
          </satStInqInf>
          <satStInqInf>
            <linNm>C</linNm>
            <satSt>AANNNNNN+NNNNNNNNNNN</satSt>
          </satStInqInf>
          <satStInqInf>
            <linNm>B</linNm>
            <satSt>NNNNNNNN+NNNNNNNNNNN</satSt>
          </satStInqInf>
          <satStInqInf>
            <linNm>A</linNm>
            <satSt>AAN+NNNN+NNNNNNNNNNN</satSt>
          </satStInqInf>
        </fltInfInqInf>
        <fltInfInqInf>
          <alCd>NH</alCd>
          <flt>055</flt>
          <bkgCls>J</bkgCls>
          <bdDd>20181021</bdDd>
          <ar>B</ar>
          <flrNm>L</flrNm>
          <depAptCd>HND</depAptCd>
          <arrAptCd>CTS</arrAptCd>
          <mdlCd>77H</mdlCd>
          <strColNo>041</strColNo>
          <endColNo>058</endColNo>
          <wingPos>-</wingPos>
          <satStInqInf>
            <linNm>K</linNm>
            <satSt>++++NN+++++++++++ </satSt>
          </satStInqInf>
          <satStInqInf>
            <linNm>J</linNm>
            <satSt>+++ENN++++++      </satSt>
          </satStInqInf>
          <satStInqInf>
            <linNm>H</linNm>
            <satSt>+++ENN+++++++++++ </satSt>
          </satStInqInf>
          <satStInqInf>
            <linNm>
            </linNm>
            <satSt>
            </satSt>
          </satStInqInf>
          <satStInqInf>
            <linNm>G</linNm>
            <satSt>NN JNN++++++++++++</satSt>
          </satStInqInf>
          <satStInqInf>
            <linNm>F</linNm>
            <satSt>NN JNN++++++++++++</satSt>
          </satStInqInf>
          <satStInqInf>
            <linNm>E</linNm>
            <satSt>NN NNN++++++++++++</satSt>
          </satStInqInf>
          <satStInqInf>
            <linNm>D</linNm>
            <satSt>NN NNN++++++++++++</satSt>
          </satStInqInf>
          <satStInqInf>
            <linNm>
            </linNm>
            <satSt>
            </satSt>
          </satStInqInf>
          <satStInqInf>
            <linNm>C</linNm>
            <satSt>NNNENN+++++++++++ </satSt>
          </satStInqInf>
          <satStInqInf>
            <linNm>B</linNm>
            <satSt>NNNENN++++++      </satSt>
          </satStInqInf>
          <satStInqInf>
            <linNm>A</linNm>
            <satSt>N+++NN+++++++++++ </satSt>
          </satStInqInf>
        </fltInfInqInf>
      </IFASW019IRes>
    </api:sc0100aResponse>
  </env:Body>
</env:Envelope>