{
  "db_version_time": "20160401100000",
  "response": {
    "flight_list": [
      {
        "flight": "0034",
        "disp_flight": "034",
        "carrier_3": "ANA",
        "carrier_kind": "0",
        "carrier_conversioned": "NH",
        "carrier_3_conversioned": "ANA",
        "dep_time": "1030",
        "arr_time": "1030"
      },
      {
        "flight": "0030",
        "disp_flight": "030",
        "carrier_3": "ANA",
        "carrier_kind": "0",
        "carrier_conversioned": "NH",
        "carrier_3_conversioned": "ANA",
        "dep_time": "1530",
        "arr_time": "1830"
      }
    ]
  }
}