{
  "db_version_time": "20160401100000",
  "response": {
    "total_price": 123456789,
    "entries": [
      {
        "entry": "adult",
        "price": 23456789,
        "car_list": [
          {
            "key": "RC4",
            "car_abandon_chrg": 46578,
            "all_hotel_price": 123465,
            "ret_hotel_price": 465789,
            "fix_list": [
              {
                "key": "RC4:1",
                "stock_limits_nam": "専用枠ナビ",
                "price": 987655
              }
            ]
          }
        ],
        "option_list": null
      },
      {
        "entry": "adult",
        "price": 3456789,
        "car_list": [
          {
            "key": "RC4",
            "car_abandon_chrg": 5000000,
            "all_hotel_price": 5000000,
            "ret_hotel_price": 5000000,
            "fix_list": [
              {
                "key": "RC4:1",
                "stock_limits_nam": "専用枠ナビ",
                "price": 5000000
              }
            ]
          }
        ],
        "option_list": null
      }
    ],
    "rsv_forbid_list": [
      {
        "copt_cd": "00001",
        "facl_cd": "00",
        "rsv_frbt_term_no": "00001",
        "rsv_frbt_cf": "2",
        "plan_cd": "000000",
        "stock_limits_no": "#001",
        "msg_cont_flg": "0",
        "setu_term_flg": "0",
        "rsv_frbt_from": "20160401",
        "rsv_frbt_to": "20160401",
        "obj_day_mon": "0",
        "obj_day_tue": "0",
        "obj_day_wed": "0",
        "obj_day_thu": "0",
        "obj_day_fri": "0",
        "obj_day_sat": "0",
        "obj_day_sun": "0",
        "reason_rsv_frbt": "年末年始休暇",
        "dsp_lvl": "0"
      }
    ],
    "complete_flg": "1"
  }
}