<env:Envelope xmlns:env="http://schemas.xmlsoap.org/soap/envelope/" xmlns="http://www.anaskyholiday.co.jp/adam/dto/api"
  xmlns:api="http://www.anaskyholiday.co.jp/adam/api">
  <env:Header />
  <env:Body>
    <api:sc0030aResponse>
      <IFASW012IRes>
        <cmnHedInf>
          <reqResCf>2</reqResCf>
          <reqOrgCd>INTERNET</reqOrgCd>
          <pwd>pass9999</pwd>
          <svcKd>IFASW012I</svcKd>
          <mkMsgDt>2018-05-25T13:05:54+09:00</mkMsgDt>
        </cmnHedInf>
        <proRstInf>
          <rstCd>0</rstCd>
          <lstUpdDtInf>
            <rcNo>UD886137</rcNo>
            <lstUpdDt>2018-05-25T13:05:54+09:00</lstUpdDt>
          </lstUpdDtInf>
<!---->
          <errCon>
            <errCd>0071</errCd>
          </errCon>
        </proRstInf>
      </IFASW012IRes>
    </api:sc0030aResponse>
  </env:Body>
</env:Envelope>
