<env:Envelope xmlns:env="http://schemas.xmlsoap.org/soap/envelope/" xmlns="http://www.anaskyholiday.co.jp/adam/dto/api"
  xmlns:api="http://www.anaskyholiday.co.jp/adam/api">
  <env:Header />
  <env:Body>
    <api:se0050aResponse>
      <IFASW043IRes>
        <cmnHedInf>
          <reqResCf>2</reqResCf>
          <reqOrgCd>INTERNET</reqOrgCd>
          <pwd>ipamus36</pwd>
          <svcKd>IFASW043I</svcKd>
          <mkMsgDt>2018-07-30T21:47:52+09:00</mkMsgDt>
        </cmnHedInf>
        <proRstInf>
          <rstCd>1</rstCd>
          <lstUpdDtInf>
            <rcNo>GD824342</rcNo>
            <lstUpdDt>2018-07-30T21:45:54+09:00</lstUpdDt>
          </lstUpdDtInf>
          <errCon>
            <errCd>0208</errCd>
            <errMsg>ableI/Fでエラーが発生しました。</errMsg>
            <rcNo>GD824342</rcNo>
            <addInf>{rcGdNo:0,mtNo:0,ablIfERRcd:"ABL0123"}</addInf>
          </errCon>
        </proRstInf>
      </IFASW043IRes>
    </api:se0050aResponse>
  </env:Body>
</env:Envelope>
