<env:Envelope xmlns:env="http://schemas.xmlsoap.org/soap/envelope/" xmlns="http://www.anaskyholiday.co.jp/adam/dto/api"
  xmlns:api="http://www.anaskyholiday.co.jp/adam/api">
  <env:Header />
  <env:Body>
    <api:sc0090aResponse>
      <IFASW018IRes>
        <cmnHedInf>
          <reqResCf>2</reqResCf>
          <reqOrgCd>INTERNET</reqOrgCd>
          <pwd>pass9999</pwd>
          <svcKd>IFASW018I</svcKd>
          <mkMsgDt>2018-03-12T17:01:41+09:00</mkMsgDt>
        </cmnHedInf>
        <proRstInf>
          <rstCd>0</rstCd>
          <lstUpdDtInf>
            <rcNo>GD882958</rcNo>
            <lstUpdDt>2018-03-12T17:01:41+09:00</lstUpdDt>
          </lstUpdDtInf>
        </proRstInf>
        <cnlRcInf>
          <rcNo>GD882958</rcNo>
          <dspRvSt>取消済み</dspRvSt>
          <trvCstTtl>0</trvCstTtl>
          <ttlClf>0</ttlClf>
          <cnlCnfMlTrmFlg>1</cnlCnfMlTrmFlg>
          <wltRfdFlg>0</wltRfdFlg>
          <bnftRfdFlg>0</bnftRfdFlg>
          <cnlPxInf>
            <pxId>4185582</pxId>
            <rpFlg>1</rpFlg>
            <amcNo>9901000035</amcNo>
            <nmFm>殿旅行</nmFm>
            <nmNm>一</nmNm>
          </cnlPxInf>
          <cnlPxInf>
            <pxId>4185583</pxId>
            <rpFlg>0</rpFlg>
            <nmFm>リョコウ</nmFm>
            <nmNm>ニ</nmNm>
          </cnlPxInf>
          <cnlGdInf>
            <rcGdNo>0</rcGdNo>
            <depDd>20180401</depDd>
            <arrDd>20180402</arrDd>
            <gdCd>ZA90002020</gdCd>
            <gdNm>ＡＮＡダイナミックパッケージ</gdNm>
            <rvSt>7</rvSt>
            <dspRvSt>取消済</dspRvSt>
            <clfTtl>0</clfTtl>
            <cnlGdPxInf>
              <pxId>4185582</pxId>
              <fee>69700</fee>
              <cnlDt>2018-03-12T17:01:40+09:00</cnlDt>
              <rsn>1</rsn>
              <clfRat>0</clfRat>
              <clf>0</clf>
            </cnlGdPxInf>
            <cnlGdPxInf>
              <pxId>4185583</pxId>
              <fee>69700</fee>
              <cnlDt>2018-03-12T17:01:40+09:00</cnlDt>
              <rsn>1</rsn>
              <clfRat>0</clfRat>
              <clf>0</clf>
            </cnlGdPxInf>
          </cnlGdInf>
          <clfAppInf>
            <dnmCd>025</dnmCd>
            <stAmt>125400</stAmt>
            <clfAppAmt>10</clfAppAmt>
            <rfdAmt>125400</rfdAmt>
            <lpsAmt>0</lpsAmt>
          </clfAppInf>
        </cnlRcInf>
      </IFASW018IRes>
    </api:sc0090aResponse>
  </env:Body>
</env:Envelope>