{
  "db_version_time": "20160401100000",
  "response": {
    "facl_nam": "UMKカントリークラブ",
    "facl_note": {
      "salespoint1": "セールスポイントその１",
      "salespoint2": "セールスポイントその２",
      "salespoint3": "セールスポイントその３",
      "salespoint4": "セールスポイントその４",
      "salespoint5": "セールスポイントその５",
      "salespoint6": "セールスポイントその６"
    },
    "facl_images": [
      {
        "pic_url_s": "/csm/resources/image/hotel_exam1.jpg",
        "pic_url_m": "/csm/resources/image/hotel_exam1.jpg",
        "pic_url_l": "/csm/resources/image/hotel_exam1.jpg",
        "pic_url_o": "/csm/resources/image/hotel_exam1.jpg",
        "pic_nam": "画像タイトル",
        "pic_comment": "画像コメント"
      },
      {
        "pic_url_s": "/csm/resources/image/hotel_exam1.jpg",
        "pic_url_m": "/csm/resources/image/hotel_exam1.jpg",
        "pic_url_l": "/csm/resources/image/hotel_exam1.jpg",
        "pic_url_o": "/csm/resources/image/hotel_exam1.jpg",
        "pic_nam": "画像タイトル",
        "pic_comment": "画像コメント"
      }
    ],
    "photo_gallery": [
      {
        "pic_category_cd": "02",
        "pic_list": [
          {
            "pic_url_s": "/csm/resources/image/hotel_exam1.jpg",
            "pic_url_m": "/csm/resources/image/hotel_exam1.jpg",
            "pic_url_l": "/csm/resources/image/hotel_exam1.jpg",
            "pic_url_o": "/csm/resources/image/hotel_exam1.jpg",
            "pic_nam": "画像タイトル",
            "pic_comment": "画像コメント"
          }
        ]
      }
    ],
    "access": {
      "nearest_airp": [
                       {
                         "airp_cd": "HND",
                         "arr_point": "ZZZZ駅",
                         "car_tra_bus_shp_cf": "0",
                         "ctbs_min_tm_required": 10,
                         "ctbs_max_tm_required": 20,
                         "other_nam": "ICから車",
                         "ctbs_special_mention": "徒歩",
                         "ctbs_sm_min_tm_required": 30,
                         "ctbs_sm_max_tm_required": 40,
                         "nearest_airp_note": "最寄空港から徒歩３０分"
                       }
                     ],
                     "nearest_sta": [
                       {
                         "nearest_sta_trans": "AAAバス",
                         "nearest_route_nam": "BBB線",
                         "nearest_sta_nam": "CCC駅",
                         "walk_car_shp_cf": "0",
                         "tm_required": 50
                       }
                     ],
      "other_traffic": [
        {
          "highway_nam": "道央自動車道",
          "inter_cf": "0",
          "stay_cf": "0",
          "inter_change_nam": "札幌インターチェンジ",
          "stay_facl_nam": "テストホテル",
          "walk_car_cf": "0",
          "tm_required": 10
        }
      ]
    },
    "zip_cd": "000-0000",
    "adrs": "和歌山市毛見１５２７番地",
    "latitude": "35.7059582",
    "longitude": "139.7475993",
    "tel_no": "0000-1111-2222",
    "fax_no": "0000-1111-2222",
    "club_buss": {
      "club_buss_eith_1": "0",
      "club_buss_rsv_cf_1": "0",
      "club_buss_dep_1": "〇〇カントリークラブ",
      "club_buss_eith_2": "0",
      "club_buss_rsv_cf_2": "0",
      "club_buss_dep_2": "〇〇カントリークラブ",
      "club_buss_note": "送迎情報備考"
    },
    "card_cf": {
      "visa_card_cf": "1",
      "master_card_cf": "1",
      "jcb_card_cf": "1",
      "diners_card_cf": "1",
      "nicos_card_cf": "1",
      "amex_card_cf": "1",
      "uc_card_cf": "1",
      "dc_card_cf": "1",
      "debit_card_cf": "1",
      "other_card_cf": "1",
      "other_card_nam": "その他カード"
    },
    "tournarment": [
      {
        "holding_yyyy": "2006",
        "tournarment_nam": "アクサレディスゴルフトーナメント",
        "course_nam": "ほげほげコース"
      }
    ],
    "course_open_dd": "20160401",
    "closed_date": "12/31〜1/3",
    "closed_date_note": "年末年始は休場",
    "course_property": {
      "forest_course_eith": "1",
      "hill_course_eith": "1",
      "mountain_course_eith": "1",
      "river_course_eith": "1",
      "seaside_course_eith": "1",
      "plateau_course_eith": "1",
      "other_course_eith": "1",
      "other_course_nam": "その他のコース種類",
      "bent_green_eith": "1",
      "kr_green_eith": "1",
      "other_green_eith": "1",
      "other_green_nam": "その他の芝"
    },
    "num_hole": "18",
    "num_yard": "7000",
    "num_par": "72",
    "designer": "共同技術コンサルタント大西久光",
    "round_style": {
      "caddie_eith": "1",
      "caddie_cart_eith": "1",
      "caddie_walk_eith": "1",
      "cart_request_eith": "1",
      "self_eith": "1",
      "self_cart_eith": "1",
      "self_walk_eith": "1",
      "caddie_request_eith": "1",
      "cart_info_1": "cart1",
      "cart_info_2": "cart2",
      "cart_info_3": "cart3",
      "cart_info_4": "cart4"
    },
    "clothes_provision": {
      "on_cap_eith": "1",
      "on_cap_note": "帽子備考",
      "on_jacket_eith": "1",
      "on_jacket_note": "ジャケット備考",
      "shoes_pv_eith": "1",
      "shoes_mspk_lt": "1",
      "shoes_other_eith": "1",
      "shoes_note": "靴備考",
      "weare_shoes_note": "その他靴"
    },
    "twosome": {
      "all_day_twosome_eith": "1",
      "all_app_twosome_eith": "1",
      "all_cmm_twosome_eith": "1",
      "wd_app_twosome_eith": "1",
      "wd_cmm_twosome_eith": "1",
      "hd_app_twosome_eith": "1",
      "twosome_note": "ツーサムプレイ備考"
    },
    "charge": {
      "appl_chrg_yyyymm": "201604",
      "chrg_tax_cf": "0",
      "use_tax_fee": "10000",
      "caddie_charge": {
        "caddie_4bag_chrg": "5000000",
        "caddie_3bag_chrg": "5000000",
        "caddie_2bag_chrg": "5000000",
        "caddie_other_chrg": "5000000"
      },
      "cart_charge_1": {
        "caddie_eith": "1",
        "appl_cf": "1",
        "cart_chrg_4": "5000000",
        "cart_chrg_3": "5000000",
        "cart_chrg_2": "5000000",
        "cart_chrg_other": "5000000"
      },
      "cart_charge_2": {
        "caddie_eith": "1",
        "appl_cf": "1",
        "cart_chrg_4": "5000000",
        "cart_chrg_3": "5000000",
        "cart_chrg_2": "5000000",
        "cart_chrg_other": "5000000"
      },
      "caddie_cart_charge": {
        "caddie_cart_4bag_chrg": "5000000",
        "caddie_cart_3bag_chrg": "5000000",
        "caddie_cart_2bag_chrg": "5000000",
        "caddie_cart_other_chrg": "5000000"
      },
      "locker_chrg": "5000000",
      "chrg_note": "料金種別備考文言"
    },
    "course_note": "コースの情報",
    "facility_service": {
      "rental": {
        "rental_shoes": "1",
        "rental_club_eith": "1",
        "lefty_club_eith": "1"
      },
      "deliver": {
        "deliver_yamato": "1",
        "deliver_sagawa": "1",
        "deliver_jp": "1",
        "deliver_other": "1",
        "deliver_other_nam": "その他の宅配会社"
      },
      "facility": {
        "bathhouse_eith": "1",
        "spa_eith": "1",
        "bath_spa_capa": "100",
        "sauna_eith": "1",
        "compe_eith": "1",
        "compe_capa_from": "50",
        "compe_capa_to": "100",
        "num_practice_yard": "300",
        "num_box": "20"
      },
      "stay_eith": "1"
    }
  }
}