{
  "db_version_time": "20180706021500",
  "response": {
    "copt_cd": "11044",
    "facl_cd": "01",
    "facl_nam": "森のスパリゾート　北海道ホテル",
    "sales_point_1": "市街地にありながら時折野鳥やエゾリスが姿を見せる",
    "sales_point_2": "自然豊かな中庭や、源泉からのモール温泉を有する",
    "sales_point_3": "シティリゾートホテル。",
    "sales_point_4": null,
    "tripadvisor": {
      "url": "http://www.tripadvisor.com/WidgetEmbed-cdspropertydetail?display=true&partnerId=206A2C0E46484820B4FB66FA0D898539&lang=ja&locationId=1104401",
      "rate": 4.5,
      "count": 377,
      "image_url": "http://www.tripadvisor.jp/img/cdsi/img2/ratings/traveler/4.5-36734-4.png"
    },
    "photo_gallery": [{
      "pic_list": [{
        "pic_nam": "シングルルーム",
        "pic_url_l": "https://image.aims.ana.co.jp/1104401/images/1104401_00011_l.jpg",
        "pic_url_m": "https://image.aims.ana.co.jp/1104401/images/1104401_00011_m.jpg",
        "pic_url_o": null,
        "pic_url_s": "https://image.aims.ana.co.jp/1104401/images/1104401_00011_s.jpg",
        "pic_comment": "◆シングルルーム／シンプルで機能的な客室（１５平米"
      }, {
        "pic_nam": "客室",
        "pic_url_l": "https://image.aims.ana.co.jp/1104401/images/1104401_00003_l.jpg",
        "pic_url_m": "https://image.aims.ana.co.jp/1104401/images/1104401_00003_m.jpg",
        "pic_url_o": null,
        "pic_url_s": "https://image.aims.ana.co.jp/1104401/images/1104401_00003_s.jpg",
        "pic_comment": null
      }, {
        "pic_nam": "スタンダードツイン",
        "pic_url_l": "https://image.aims.ana.co.jp/1104401/images/1104401_00012_l.jpg",
        "pic_url_m": "https://image.aims.ana.co.jp/1104401/images/1104401_00012_m.jpg",
        "pic_url_o": null,
        "pic_url_s": "https://image.aims.ana.co.jp/1104401/images/1104401_00012_s.jpg",
        "pic_comment": "◆スタンダードツイン／木製家具が優しい雰囲気（２４平米）"
      }, {
        "pic_nam": "スーペリアツイン",
        "pic_url_l": "https://image.aims.ana.co.jp/1104401/images/1104401_00013_l.jpg",
        "pic_url_m": "https://image.aims.ana.co.jp/1104401/images/1104401_00013_m.jpg",
        "pic_url_o": null,
        "pic_url_s": "https://image.aims.ana.co.jp/1104401/images/1104401_00013_s.jpg",
        "pic_comment": "◆スーペリアツイン／大きな窓が開放的（３０平米）"
      }, {
        "pic_nam": "デラックスツイン",
        "pic_url_l": "https://image.aims.ana.co.jp/1104401/images/1104401_00014_l.jpg",
        "pic_url_m": "https://image.aims.ana.co.jp/1104401/images/1104401_00014_m.jpg",
        "pic_url_o": null,
        "pic_url_s": "https://image.aims.ana.co.jp/1104401/images/1104401_00014_s.jpg",
        "pic_comment": "◆デラックスツイン／テラスがリゾート気分を演出（３２平米）"
      }, {
        "pic_nam": "デラックスツイン",
        "pic_url_l": "https://image.aims.ana.co.jp/1104401/images/1104401_00015_l.jpg",
        "pic_url_m": "https://image.aims.ana.co.jp/1104401/images/1104401_00015_m.jpg",
        "pic_url_o": null,
        "pic_url_s": "https://image.aims.ana.co.jp/1104401/images/1104401_00015_s.jpg",
        "pic_comment": "◆デラックスツイン／エキストラベッドを入れたデラックスツインの室内"
      }, {
        "pic_nam": "デラックスツイン／テラス",
        "pic_url_l": "https://image.aims.ana.co.jp/1104401/images/1104401_00016_l.jpg",
        "pic_url_m": "https://image.aims.ana.co.jp/1104401/images/1104401_00016_m.jpg",
        "pic_url_o": null,
        "pic_url_s": "https://image.aims.ana.co.jp/1104401/images/1104401_00016_s.jpg",
        "pic_comment": "◆デラックスツイン／全室テラス付き！"
      }, {
        "pic_nam": "デラックスツイン／プライベートサウナ",
        "pic_url_l": "https://image.aims.ana.co.jp/1104401/images/1104401_00017_l.jpg",
        "pic_url_m": "https://image.aims.ana.co.jp/1104401/images/1104401_00017_m.jpg",
        "pic_url_o": null,
        "pic_url_s": "https://image.aims.ana.co.jp/1104401/images/1104401_00017_s.jpg",
        "pic_comment": "◆デラックスツイン／プライベートサウナの付いたお部屋もございます"
      }, {
        "pic_nam": "プレジデンシャルスイート／リビングルー",
        "pic_url_l": "https://image.aims.ana.co.jp/1104401/images/1104401_00018_l.jpg",
        "pic_url_m": "https://image.aims.ana.co.jp/1104401/images/1104401_00018_m.jpg",
        "pic_url_o": null,
        "pic_url_s": "https://image.aims.ana.co.jp/1104401/images/1104401_00018_s.jpg",
        "pic_comment": "◆プレジデンシャルスイート／リビングルーム"
      }, {
        "pic_nam": "プレジデンシャルスイート",
        "pic_url_l": "https://image.aims.ana.co.jp/1104401/images/1104401_00019_l.jpg",
        "pic_url_m": "https://image.aims.ana.co.jp/1104401/images/1104401_00019_m.jpg",
        "pic_url_o": null,
        "pic_url_s": "https://image.aims.ana.co.jp/1104401/images/1104401_00019_s.jpg",
        "pic_comment": "◆プレジデンシャルスイート／８階のリビングは９階まで吹き抜けとなっており開放的"
      }, {
        "pic_nam": "テラスツイン",
        "pic_url_l": "https://image.aims.ana.co.jp/1104401/images/1104401_00020_l.jpg",
        "pic_url_m": "https://image.aims.ana.co.jp/1104401/images/1104401_00020_m.jpg",
        "pic_url_o": null,
        "pic_url_s": "https://image.aims.ana.co.jp/1104401/images/1104401_00020_s.jpg",
        "pic_comment": "◆テラスツイン／晴れた日には外のテラスでのんびり。"
      }, {
        "pic_nam": "ガーデンツイン",
        "pic_url_l": "https://image.aims.ana.co.jp/1104401/images/1104401_00021_l.jpg",
        "pic_url_m": "https://image.aims.ana.co.jp/1104401/images/1104401_00021_m.jpg",
        "pic_url_o": null,
        "pic_url_s": "https://image.aims.ana.co.jp/1104401/images/1104401_00021_s.jpg",
        "pic_comment": "◆ガーデンツイン／中庭を一望できる壁一面のおおきな窓が魅力的（３１平米）"
      }, {
        "pic_nam": "ガーデンツイン",
        "pic_url_l": "https://image.aims.ana.co.jp/1104401/images/1104401_00022_l.jpg",
        "pic_url_m": "https://image.aims.ana.co.jp/1104401/images/1104401_00022_m.jpg",
        "pic_url_o": null,
        "pic_url_s": "https://image.aims.ana.co.jp/1104401/images/1104401_00022_s.jpg",
        "pic_comment": "◆ガーデンツイン（３１平米）／壁一面の窓が中庭との一体感を演出！"
      }, {
        "pic_nam": "スパツイン",
        "pic_url_l": "https://image.aims.ana.co.jp/1104401/images/1104401_00023_l.jpg",
        "pic_url_m": "https://image.aims.ana.co.jp/1104401/images/1104401_00023_m.jpg",
        "pic_url_o": null,
        "pic_url_s": "https://image.aims.ana.co.jp/1104401/images/1104401_00023_s.jpg",
        "pic_comment": "◆スパツイン／お部屋のバスルームで温泉が楽しめます！"
      }, {
        "pic_nam": "スパツイン／バスルーム",
        "pic_url_l": "https://image.aims.ana.co.jp/1104401/images/1104401_00024_l.jpg",
        "pic_url_m": "https://image.aims.ana.co.jp/1104401/images/1104401_00024_m.jpg",
        "pic_url_o": null,
        "pic_url_s": "https://image.aims.ana.co.jp/1104401/images/1104401_00024_s.jpg",
        "pic_comment": "◆スパツイン／広々とした浴槽"
      }, {
        "pic_nam": "ガーデンスイート",
        "pic_url_l": "https://image.aims.ana.co.jp/1104401/images/1104401_00025_l.jpg",
        "pic_url_m": "https://image.aims.ana.co.jp/1104401/images/1104401_00025_m.jpg",
        "pic_url_o": null,
        "pic_url_s": "https://image.aims.ana.co.jp/1104401/images/1104401_00025_s.jpg",
        "pic_comment": "◆ガーデンスイート／室内のバスルームでモール温泉を堪能！"
      }, {
        "pic_nam": "加湿空気清浄機を全室にご用意",
        "pic_url_l": "https://image.aims.ana.co.jp/1104401/images/1104401_00027_l.jpg",
        "pic_url_m": "https://image.aims.ana.co.jp/1104401/images/1104401_00027_m.jpg",
        "pic_url_o": null,
        "pic_url_s": "https://image.aims.ana.co.jp/1104401/images/1104401_00027_s.jpg",
        "pic_comment": "◆加湿空気清浄機を全室にご用意、「加湿」＋「除菌イオン」で快適にお過ごし下さい。"
      }, {
        "pic_nam": "スタンダードツイン",
        "pic_url_l": "https://image.aims.ana.co.jp/1104401/images/1104401_00094_l.jpg",
        "pic_url_m": "https://image.aims.ana.co.jp/1104401/images/1104401_00094_m.jpg",
        "pic_url_o": null,
        "pic_url_s": "https://image.aims.ana.co.jp/1104401/images/1104401_00094_s.jpg",
        "pic_comment": null
      }, {
        "pic_nam": "スタンダードツイン",
        "pic_url_l": "https://image.aims.ana.co.jp/1104401/images/1104401_00098_l.jpg",
        "pic_url_m": "https://image.aims.ana.co.jp/1104401/images/1104401_00098_m.jpg",
        "pic_url_o": null,
        "pic_url_s": "https://image.aims.ana.co.jp/1104401/images/1104401_00098_s.jpg",
        "pic_comment": "ＡＷＡＲＤ　２０１４　　\nベストグロース賞"
      }],
      "pic_category_cd": "01"
    }, {
      "pic_list": [{
        "pic_nam": "露天風呂",
        "pic_url_l": "https://image.aims.ana.co.jp/1104401/images/1104401_00089_l.jpg",
        "pic_url_m": "https://image.aims.ana.co.jp/1104401/images/1104401_00089_m.jpg",
        "pic_url_o": null,
        "pic_url_s": "https://image.aims.ana.co.jp/1104401/images/1104401_00089_s.jpg",
        "pic_comment": "◆露天風呂／モール温泉のしっとりした泉質がお肌をなめらかにします。"
      }, {
        "pic_nam": "内風呂",
        "pic_url_l": "https://image.aims.ana.co.jp/1104401/images/1104401_00090_l.jpg",
        "pic_url_m": "https://image.aims.ana.co.jp/1104401/images/1104401_00090_m.jpg",
        "pic_url_o": null,
        "pic_url_s": "https://image.aims.ana.co.jp/1104401/images/1104401_00090_s.jpg",
        "pic_comment": "◆内風呂／モール温泉の浴場"
      }, {
        "pic_nam": "サウナ",
        "pic_url_l": "https://image.aims.ana.co.jp/1104401/images/1104401_00091_l.jpg",
        "pic_url_m": "https://image.aims.ana.co.jp/1104401/images/1104401_00091_m.jpg",
        "pic_url_o": null,
        "pic_url_s": "https://image.aims.ana.co.jp/1104401/images/1104401_00091_s.jpg",
        "pic_comment": "◆温泉浴場にはサウナも完備"
      }, {
        "pic_nam": "露天風呂",
        "pic_url_l": "https://image.aims.ana.co.jp/1104401/images/1104401_00092_l.jpg",
        "pic_url_m": "https://image.aims.ana.co.jp/1104401/images/1104401_00092_m.jpg",
        "pic_url_o": null,
        "pic_url_s": "https://image.aims.ana.co.jp/1104401/images/1104401_00092_s.jpg",
        "pic_comment": "◆露天風呂／茶褐色の少し滑りのある泉質がお肌にうるおいを与える植物性モール温泉"
      }],
      "pic_category_cd": "02"
    }, {
      "pic_list": [{
        "pic_nam": "パン工房",
        "pic_url_l": "https://image.aims.ana.co.jp/1104401/images/1104401_00005_l.jpg",
        "pic_url_m": "https://image.aims.ana.co.jp/1104401/images/1104401_00005_m.jpg",
        "pic_url_o": null,
        "pic_url_s": "https://image.aims.ana.co.jp/1104401/images/1104401_00005_s.jpg",
        "pic_comment": "毎朝焼き上げるパン"
      }, {
        "pic_nam": "レストラン「バード・ウォッチ・カフェ」",
        "pic_url_l": "https://image.aims.ana.co.jp/1104401/images/1104401_00028_l.jpg",
        "pic_url_m": "https://image.aims.ana.co.jp/1104401/images/1104401_00028_m.jpg",
        "pic_url_o": null,
        "pic_url_s": "https://image.aims.ana.co.jp/1104401/images/1104401_00028_s.jpg",
        "pic_comment": "◆中庭に面したレストラン「バード・ウォッチ・カフェ」（１階）"
      }, {
        "pic_nam": "洋食※一例",
        "pic_url_l": "https://image.aims.ana.co.jp/1104401/images/1104401_00029_l.jpg",
        "pic_url_m": "https://image.aims.ana.co.jp/1104401/images/1104401_00029_m.jpg",
        "pic_url_o": null,
        "pic_url_s": "https://image.aims.ana.co.jp/1104401/images/1104401_00029_s.jpg",
        "pic_comment": "◆腕自慢のシェフが仕上げる見た目にも美しい料理をどうぞ！"
      }, {
        "pic_nam": "洋食※一例",
        "pic_url_l": "https://image.aims.ana.co.jp/1104401/images/1104401_00030_l.jpg",
        "pic_url_m": "https://image.aims.ana.co.jp/1104401/images/1104401_00030_m.jpg",
        "pic_url_o": null,
        "pic_url_s": "https://image.aims.ana.co.jp/1104401/images/1104401_00030_s.jpg",
        "pic_comment": "◆十勝の新鮮な食材をシェフの技でより美味しくしたお料理をご堪能して下さい。"
      }, {
        "pic_nam": "洋食※一例",
        "pic_url_l": "https://image.aims.ana.co.jp/1104401/images/1104401_00031_l.jpg",
        "pic_url_m": "https://image.aims.ana.co.jp/1104401/images/1104401_00031_m.jpg",
        "pic_url_o": null,
        "pic_url_s": "https://image.aims.ana.co.jp/1104401/images/1104401_00031_s.jpg",
        "pic_comment": "◆旬の時期に採れた土地のものを鮮度を落とさずテーブルへお届けしています。"
      }, {
        "pic_nam": "洋食※一例",
        "pic_url_l": "https://image.aims.ana.co.jp/1104401/images/1104401_00032_l.jpg",
        "pic_url_m": "https://image.aims.ana.co.jp/1104401/images/1104401_00032_m.jpg",
        "pic_url_o": null,
        "pic_url_s": "https://image.aims.ana.co.jp/1104401/images/1104401_00032_s.jpg",
        "pic_comment": "◆旬の食材を駆使した季節感あふれるお食事をお楽しみ下さい。"
      }, {
        "pic_nam": "ホテル特製うな重",
        "pic_url_l": "https://image.aims.ana.co.jp/1104401/images/1104401_00057_l.jpg",
        "pic_url_m": "https://image.aims.ana.co.jp/1104401/images/1104401_00057_m.jpg",
        "pic_url_o": null,
        "pic_url_s": "https://image.aims.ana.co.jp/1104401/images/1104401_00057_s.jpg",
        "pic_comment": "◆秘伝のタレで香ばしく焼き上げたホテル特製うな重"
      }, {
        "pic_nam": "洋食コース※一例",
        "pic_url_l": "https://image.aims.ana.co.jp/1104401/images/1104401_00033_l.jpg",
        "pic_url_m": "https://image.aims.ana.co.jp/1104401/images/1104401_00033_m.jpg",
        "pic_url_o": null,
        "pic_url_s": "https://image.aims.ana.co.jp/1104401/images/1104401_00033_s.jpg",
        "pic_comment": "◆十勝の食材を使ったレストラン「バード・ウォッチ・カフェ」の洋食コース料理（一例）"
      }, {
        "pic_nam": "朝食",
        "pic_url_l": "https://image.aims.ana.co.jp/1104401/images/1104401_00034_l.jpg",
        "pic_url_m": "https://image.aims.ana.co.jp/1104401/images/1104401_00034_m.jpg",
        "pic_url_o": null,
        "pic_url_s": "https://image.aims.ana.co.jp/1104401/images/1104401_00034_s.jpg",
        "pic_comment": "◆朝食／中庭を望むレストランでゆっくりとお食事をお楽しみ下さい。"
      }, {
        "pic_nam": "朝食／洋定食",
        "pic_url_l": "https://image.aims.ana.co.jp/1104401/images/1104401_00035_l.jpg",
        "pic_url_m": "https://image.aims.ana.co.jp/1104401/images/1104401_00035_m.jpg",
        "pic_url_o": null,
        "pic_url_s": "https://image.aims.ana.co.jp/1104401/images/1104401_00035_s.jpg",
        "pic_comment": "◆朝食／新鮮な卵や野菜など十勝の安全な食材を使用した洋食セットメニュー"
      }, {
        "pic_nam": "朝食／洋食のパン",
        "pic_url_l": "https://image.aims.ana.co.jp/1104401/images/1104401_00036_l.jpg",
        "pic_url_m": "https://image.aims.ana.co.jp/1104401/images/1104401_00036_m.jpg",
        "pic_url_o": null,
        "pic_url_s": "https://image.aims.ana.co.jp/1104401/images/1104401_00036_s.jpg",
        "pic_comment": "◆朝食／洋食ではクロワッサンの他にもいろいろなパンをお召し上がりいただけます。"
      }, {
        "pic_nam": "朝食／ホテル特製パン",
        "pic_url_l": "https://image.aims.ana.co.jp/1104401/images/1104401_00037_l.jpg",
        "pic_url_m": "https://image.aims.ana.co.jp/1104401/images/1104401_00037_m.jpg",
        "pic_url_o": null,
        "pic_url_s": "https://image.aims.ana.co.jp/1104401/images/1104401_00037_s.jpg",
        "pic_comment": "◆朝食／ホテル特製パンを多数ご用意しております。"
      }, {
        "pic_nam": "朝食メニュー／スープカレーセット",
        "pic_url_l": "https://image.aims.ana.co.jp/1104401/images/1104401_00103_l.jpg",
        "pic_url_m": "https://image.aims.ana.co.jp/1104401/images/1104401_00103_m.jpg",
        "pic_url_o": null,
        "pic_url_s": "https://image.aims.ana.co.jp/1104401/images/1104401_00103_s.jpg",
        "pic_comment": "朝食メニュー／スープカレーセット"
      }, {
        "pic_nam": "お気軽夕食／ステーキセット",
        "pic_url_l": "https://image.aims.ana.co.jp/1104401/images/1104401_00104_l.jpg",
        "pic_url_m": "https://image.aims.ana.co.jp/1104401/images/1104401_00104_m.jpg",
        "pic_url_o": null,
        "pic_url_s": "https://image.aims.ana.co.jp/1104401/images/1104401_00104_s.jpg",
        "pic_comment": "お気軽夕食／ステーキセット"
      }, {
        "pic_nam": "朝食メニュー／洋定食",
        "pic_url_l": "https://image.aims.ana.co.jp/1104401/images/1104401_00105_l.jpg",
        "pic_url_m": "https://image.aims.ana.co.jp/1104401/images/1104401_00105_m.jpg",
        "pic_url_o": null,
        "pic_url_s": "https://image.aims.ana.co.jp/1104401/images/1104401_00105_s.jpg",
        "pic_comment": "朝食メニュー／洋定食"
      }, {
        "pic_nam": "朝食メニュー／和定食",
        "pic_url_l": "https://image.aims.ana.co.jp/1104401/images/1104401_00106_l.jpg",
        "pic_url_m": "https://image.aims.ana.co.jp/1104401/images/1104401_00106_m.jpg",
        "pic_url_o": null,
        "pic_url_s": "https://image.aims.ana.co.jp/1104401/images/1104401_00106_s.jpg",
        "pic_comment": "朝食メニュー／和定食"
      }, {
        "pic_nam": "フォレストスパツイン／朝食（洋食）",
        "pic_url_l": "https://image.aims.ana.co.jp/1104401/images/1104401_00107_l.jpg",
        "pic_url_m": "https://image.aims.ana.co.jp/1104401/images/1104401_00107_m.jpg",
        "pic_url_o": null,
        "pic_url_s": "https://image.aims.ana.co.jp/1104401/images/1104401_00107_s.jpg",
        "pic_comment": "フォレストスパツイン／朝食（洋食）"
      }, {
        "pic_nam": "フォレストスパツイン／朝食（和食）",
        "pic_url_l": "https://image.aims.ana.co.jp/1104401/images/1104401_00108_l.jpg",
        "pic_url_m": "https://image.aims.ana.co.jp/1104401/images/1104401_00108_m.jpg",
        "pic_url_o": null,
        "pic_url_s": "https://image.aims.ana.co.jp/1104401/images/1104401_00108_s.jpg",
        "pic_comment": "フォレストスパツイン／朝食（和食）"
      }, {
        "pic_nam": "◆朝食メニュー／王道の洋食",
        "pic_url_l": "https://image.aims.ana.co.jp/1104401/images/1104401_00109_l.jpg",
        "pic_url_m": "https://image.aims.ana.co.jp/1104401/images/1104401_00109_m.jpg",
        "pic_url_o": null,
        "pic_url_s": "https://image.aims.ana.co.jp/1104401/images/1104401_00109_s.jpg",
        "pic_comment": "◆朝食メニュー／王道の洋食"
      }, {
        "pic_nam": "◆朝食メニュー／王道の和食",
        "pic_url_l": "https://image.aims.ana.co.jp/1104401/images/1104401_00110_l.jpg",
        "pic_url_m": "https://image.aims.ana.co.jp/1104401/images/1104401_00110_m.jpg",
        "pic_url_o": null,
        "pic_url_s": "https://image.aims.ana.co.jp/1104401/images/1104401_00110_s.jpg",
        "pic_comment": "◆朝食メニュー／王道の和食"
      }, {
        "pic_nam": "朝食／和定食",
        "pic_url_l": "https://image.aims.ana.co.jp/1104401/images/1104401_00038_l.jpg",
        "pic_url_m": "https://image.aims.ana.co.jp/1104401/images/1104401_00038_m.jpg",
        "pic_url_o": null,
        "pic_url_s": "https://image.aims.ana.co.jp/1104401/images/1104401_00038_s.jpg",
        "pic_comment": "◆朝食／体にやさしい栄養バランスのとれた和定食"
      }, {
        "pic_nam": "朝食（イメージ）",
        "pic_url_l": "https://image.aims.ana.co.jp/1104401/images/1104401_00111_l.jpg",
        "pic_url_m": "https://image.aims.ana.co.jp/1104401/images/1104401_00111_m.jpg",
        "pic_url_o": null,
        "pic_url_s": "https://image.aims.ana.co.jp/1104401/images/1104401_00111_s.jpg",
        "pic_comment": null
      }, {
        "pic_nam": "お子様用洋食セットメニュー",
        "pic_url_l": "https://image.aims.ana.co.jp/1104401/images/1104401_00039_l.jpg",
        "pic_url_m": "https://image.aims.ana.co.jp/1104401/images/1104401_00039_m.jpg",
        "pic_url_o": null,
        "pic_url_s": "https://image.aims.ana.co.jp/1104401/images/1104401_00039_s.jpg",
        "pic_comment": "◆お子様用洋食セットメニュー「バンビーノディナー」"
      }, {
        "pic_nam": "一品一品ていねいに仕上げています",
        "pic_url_l": "https://image.aims.ana.co.jp/1104401/images/1104401_00040_l.jpg",
        "pic_url_m": "https://image.aims.ana.co.jp/1104401/images/1104401_00040_m.jpg",
        "pic_url_o": null,
        "pic_url_s": "https://image.aims.ana.co.jp/1104401/images/1104401_00040_s.jpg",
        "pic_comment": "◆お客様への思いを込めて、一品一品ていねいに仕上げています。"
      }, {
        "pic_nam": "「十勝」の新鮮・安心な食材",
        "pic_url_l": "https://image.aims.ana.co.jp/1104401/images/1104401_00041_l.jpg",
        "pic_url_m": "https://image.aims.ana.co.jp/1104401/images/1104401_00041_m.jpg",
        "pic_url_o": null,
        "pic_url_s": "https://image.aims.ana.co.jp/1104401/images/1104401_00041_s.jpg",
        "pic_comment": "◆「十勝」の新鮮・安心な食材を使用したお料理をお楽しみ下さい。"
      }, {
        "pic_nam": "豊富な種類をワインをご用意致しております",
        "pic_url_l": "https://image.aims.ana.co.jp/1104401/images/1104401_00042_l.jpg",
        "pic_url_m": "https://image.aims.ana.co.jp/1104401/images/1104401_00042_m.jpg",
        "pic_url_o": null,
        "pic_url_s": "https://image.aims.ana.co.jp/1104401/images/1104401_00042_s.jpg",
        "pic_comment": "◆豊富な種類をワインをご用意致しております"
      }, {
        "pic_nam": "和食「六郎」",
        "pic_url_l": "https://image.aims.ana.co.jp/1104401/images/1104401_00043_l.jpg",
        "pic_url_m": "https://image.aims.ana.co.jp/1104401/images/1104401_00043_m.jpg",
        "pic_url_o": null,
        "pic_url_s": "https://image.aims.ana.co.jp/1104401/images/1104401_00043_s.jpg",
        "pic_comment": "◆和食「六郎」／素材の味が活きる和食で、十勝の味覚を味わってください。　"
      }, {
        "pic_nam": "和食「六郎」での会席料理",
        "pic_url_l": "https://image.aims.ana.co.jp/1104401/images/1104401_00044_l.jpg",
        "pic_url_m": "https://image.aims.ana.co.jp/1104401/images/1104401_00044_m.jpg",
        "pic_url_o": null,
        "pic_url_s": "https://image.aims.ana.co.jp/1104401/images/1104401_00044_s.jpg",
        "pic_comment": "◆和食「六郎」での会席料理※イメージ"
      }, {
        "pic_nam": "和食※イメージ",
        "pic_url_l": "https://image.aims.ana.co.jp/1104401/images/1104401_00045_l.jpg",
        "pic_url_m": "https://image.aims.ana.co.jp/1104401/images/1104401_00045_m.jpg",
        "pic_url_o": null,
        "pic_url_s": "https://image.aims.ana.co.jp/1104401/images/1104401_00045_s.jpg",
        "pic_comment": "◆新鮮な魚介を職人の技でよりおいしく"
      }, {
        "pic_nam": "鉄板焼き「コタン」",
        "pic_url_l": "https://image.aims.ana.co.jp/1104401/images/1104401_00046_l.jpg",
        "pic_url_m": "https://image.aims.ana.co.jp/1104401/images/1104401_00046_m.jpg",
        "pic_url_o": null,
        "pic_url_s": "https://image.aims.ana.co.jp/1104401/images/1104401_00046_s.jpg",
        "pic_comment": "◆鉄板焼き「コタン」で十勝産の食材を活かした焼きたてのお料理をお召し上がり下さい。"
      }, {
        "pic_nam": "鉄板焼き「コタン」",
        "pic_url_l": "https://image.aims.ana.co.jp/1104401/images/1104401_00047_l.jpg",
        "pic_url_m": "https://image.aims.ana.co.jp/1104401/images/1104401_00047_m.jpg",
        "pic_url_o": null,
        "pic_url_s": "https://image.aims.ana.co.jp/1104401/images/1104401_00047_s.jpg",
        "pic_comment": "◆目の前で調理されたお料理を楽しむ鉄板焼き「コタン」"
      }, {
        "pic_nam": "鉄板焼き「コタン」の料理",
        "pic_url_l": "https://image.aims.ana.co.jp/1104401/images/1104401_00048_l.jpg",
        "pic_url_m": "https://image.aims.ana.co.jp/1104401/images/1104401_00048_m.jpg",
        "pic_url_o": null,
        "pic_url_s": "https://image.aims.ana.co.jp/1104401/images/1104401_00048_s.jpg",
        "pic_comment": "◆鉄板焼き「コタン」の料理（イメージ）"
      }, {
        "pic_nam": "鮨処・春日",
        "pic_url_l": "https://image.aims.ana.co.jp/1104401/images/1104401_00049_l.jpg",
        "pic_url_m": "https://image.aims.ana.co.jp/1104401/images/1104401_00049_m.jpg",
        "pic_url_o": null,
        "pic_url_s": "https://image.aims.ana.co.jp/1104401/images/1104401_00049_s.jpg",
        "pic_comment": "◆鮨処・春日／新鮮な海の幸を寿司カウンターでお楽しみ下さい。"
      }, {
        "pic_nam": "寿司",
        "pic_url_l": "https://image.aims.ana.co.jp/1104401/images/1104401_00050_l.jpg",
        "pic_url_m": "https://image.aims.ana.co.jp/1104401/images/1104401_00050_m.jpg",
        "pic_url_o": null,
        "pic_url_s": "https://image.aims.ana.co.jp/1104401/images/1104401_00050_s.jpg",
        "pic_comment": "◆北海道の新鮮な味覚をご堪能下さいませ。"
      }, {
        "pic_nam": "天ぷらカウンター「鶴来」",
        "pic_url_l": "https://image.aims.ana.co.jp/1104401/images/1104401_00051_l.jpg",
        "pic_url_m": "https://image.aims.ana.co.jp/1104401/images/1104401_00051_m.jpg",
        "pic_url_o": null,
        "pic_url_s": "https://image.aims.ana.co.jp/1104401/images/1104401_00051_s.jpg",
        "pic_comment": "◆天ぷらカウンター「鶴来」／揚げたての天ぷらをご賞味下さい"
      }, {
        "pic_nam": "揚げたての天ぷら",
        "pic_url_l": "https://image.aims.ana.co.jp/1104401/images/1104401_00052_l.jpg",
        "pic_url_m": "https://image.aims.ana.co.jp/1104401/images/1104401_00052_m.jpg",
        "pic_url_o": null,
        "pic_url_s": "https://image.aims.ana.co.jp/1104401/images/1104401_00052_s.jpg",
        "pic_comment": "◆揚げたての天ぷらをカウンターでお召し上がりください！"
      }, {
        "pic_nam": "ラウンジ「ダイヤモンド・ダスト」",
        "pic_url_l": "https://image.aims.ana.co.jp/1104401/images/1104401_00053_l.jpg",
        "pic_url_m": "https://image.aims.ana.co.jp/1104401/images/1104401_00053_m.jpg",
        "pic_url_o": null,
        "pic_url_s": "https://image.aims.ana.co.jp/1104401/images/1104401_00053_s.jpg",
        "pic_comment": "◆ラウンジ「ダイヤモンド・ダスト」でくつろぎのティータイムを。"
      }, {
        "pic_nam": "バー・ベアー",
        "pic_url_l": "https://image.aims.ana.co.jp/1104401/images/1104401_00054_l.jpg",
        "pic_url_m": "https://image.aims.ana.co.jp/1104401/images/1104401_00054_m.jpg",
        "pic_url_o": null,
        "pic_url_s": "https://image.aims.ana.co.jp/1104401/images/1104401_00054_s.jpg",
        "pic_comment": "◆バー・ベアー／しっとりと落ち着いた雰囲気の漂うカウンターで素敵なひとときを！"
      }, {
        "pic_nam": "帯広名物「豚丼」",
        "pic_url_l": "https://image.aims.ana.co.jp/1104401/images/1104401_00056_l.jpg",
        "pic_url_m": "https://image.aims.ana.co.jp/1104401/images/1104401_00056_m.jpg",
        "pic_url_o": null,
        "pic_url_s": "https://image.aims.ana.co.jp/1104401/images/1104401_00056_s.jpg",
        "pic_comment": "◆帯広名物「豚丼」セットメニュー"
      }, {
        "pic_nam": "朝食",
        "pic_url_l": "https://image.aims.ana.co.jp/1104401/images/1104401_00097_l.JPG",
        "pic_url_m": "https://image.aims.ana.co.jp/1104401/images/1104401_00097_m.JPG",
        "pic_url_o": null,
        "pic_url_s": "https://image.aims.ana.co.jp/1104401/images/1104401_00097_s.JPG",
        "pic_comment": null
      }, {
        "pic_nam": "朝食（イメージ）",
        "pic_url_l": "https://image.aims.ana.co.jp/1104401/images/1104401_00100_l.jpg",
        "pic_url_m": "https://image.aims.ana.co.jp/1104401/images/1104401_00100_m.jpg",
        "pic_url_o": null,
        "pic_url_s": "https://image.aims.ana.co.jp/1104401/images/1104401_00100_s.jpg",
        "pic_comment": "ＡＷＡＲＤ　２０１４　　\nベストグロース賞"
      }],
      "pic_category_cd": "03"
    }, {
      "pic_list": [{
        "pic_nam": "ラウンジ「ダイヤモンド・ダスト」",
        "pic_url_l": "https://image.aims.ana.co.jp/1104401/images/1104401_00058_l.jpg",
        "pic_url_m": "https://image.aims.ana.co.jp/1104401/images/1104401_00058_m.jpg",
        "pic_url_o": null,
        "pic_url_s": "https://image.aims.ana.co.jp/1104401/images/1104401_00058_s.jpg",
        "pic_comment": "◆ラウンジ「ダイヤモンド・ダスト」"
      }, {
        "pic_nam": "火が灯った暖炉（冬期間）",
        "pic_url_l": "https://image.aims.ana.co.jp/1104401/images/1104401_00061_l.jpg",
        "pic_url_m": "https://image.aims.ana.co.jp/1104401/images/1104401_00061_m.jpg",
        "pic_url_o": null,
        "pic_url_s": "https://image.aims.ana.co.jp/1104401/images/1104401_00061_s.jpg",
        "pic_comment": "◆火が灯った暖炉（冬期間）"
      }, {
        "pic_nam": "アーチ形の回廊",
        "pic_url_l": "https://image.aims.ana.co.jp/1104401/images/1104401_00062_l.jpg",
        "pic_url_m": "https://image.aims.ana.co.jp/1104401/images/1104401_00062_m.jpg",
        "pic_url_o": null,
        "pic_url_s": "https://image.aims.ana.co.jp/1104401/images/1104401_00062_s.jpg",
        "pic_comment": "◆ロビーに隣接する幻想的なアーチ形の回廊"
      }, {
        "pic_nam": "森の教会",
        "pic_url_l": "https://image.aims.ana.co.jp/1104401/images/1104401_00063_l.jpg",
        "pic_url_m": "https://image.aims.ana.co.jp/1104401/images/1104401_00063_m.jpg",
        "pic_url_o": null,
        "pic_url_s": "https://image.aims.ana.co.jp/1104401/images/1104401_00063_s.jpg",
        "pic_comment": "◆幻想的なデザインと自然が一体となった「森の教会」"
      }, {
        "pic_nam": "ショップ「エブリシングノース」",
        "pic_url_l": "https://image.aims.ana.co.jp/1104401/images/1104401_00065_l.jpg",
        "pic_url_m": "https://image.aims.ana.co.jp/1104401/images/1104401_00065_m.jpg",
        "pic_url_o": null,
        "pic_url_s": "https://image.aims.ana.co.jp/1104401/images/1104401_00065_s.jpg",
        "pic_comment": "◆地元の職人が創り上げた美しい商品が並ぶショップ"
      }, {
        "pic_nam": "ホテルメイドのパンやケーキ",
        "pic_url_l": "https://image.aims.ana.co.jp/1104401/images/1104401_00067_l.jpg",
        "pic_url_m": "https://image.aims.ana.co.jp/1104401/images/1104401_00067_m.jpg",
        "pic_url_o": null,
        "pic_url_s": "https://image.aims.ana.co.jp/1104401/images/1104401_00067_s.jpg",
        "pic_comment": "◆ショップではホテルメイドのパンやケーキも販売しております"
      }, {
        "pic_nam": "ロビー",
        "pic_url_l": "https://image.aims.ana.co.jp/1104401/images/1104401_00095_l.jpg",
        "pic_url_m": "https://image.aims.ana.co.jp/1104401/images/1104401_00095_m.jpg",
        "pic_url_o": null,
        "pic_url_s": "https://image.aims.ana.co.jp/1104401/images/1104401_00095_s.jpg",
        "pic_comment": null
      }, {
        "pic_nam": "ラウンジテラス席",
        "pic_url_l": "https://image.aims.ana.co.jp/1104401/images/1104401_00101_l.jpg",
        "pic_url_m": "https://image.aims.ana.co.jp/1104401/images/1104401_00101_m.jpg",
        "pic_url_o": null,
        "pic_url_s": "https://image.aims.ana.co.jp/1104401/images/1104401_00101_s.jpg",
        "pic_comment": null
      }, {
        "pic_nam": "フロント・ロビー",
        "pic_url_l": "https://image.aims.ana.co.jp/1104401/images/1104401_00102_l.jpg",
        "pic_url_m": "https://image.aims.ana.co.jp/1104401/images/1104401_00102_m.jpg",
        "pic_url_o": null,
        "pic_url_s": "https://image.aims.ana.co.jp/1104401/images/1104401_00102_s.jpg",
        "pic_comment": null
      }],
      "pic_category_cd": "04"
    }, {
      "pic_list": [{
        "pic_nam": "アロマテラピーサロン ラフィーネ",
        "pic_url_l": "https://image.aims.ana.co.jp/1104401/images/1104401_00069_l.jpg",
        "pic_url_m": "https://image.aims.ana.co.jp/1104401/images/1104401_00069_m.jpg",
        "pic_url_o": null,
        "pic_url_s": "https://image.aims.ana.co.jp/1104401/images/1104401_00069_s.jpg",
        "pic_comment": "◆アロマテラピーサロン ラフィーネ"
      }, {
        "pic_nam": "アロマトリートメントサロン「ラフィーネ」",
        "pic_url_l": "https://image.aims.ana.co.jp/1104401/images/1104401_00070_l.jpg",
        "pic_url_m": "https://image.aims.ana.co.jp/1104401/images/1104401_00070_m.jpg",
        "pic_url_o": null,
        "pic_url_s": "https://image.aims.ana.co.jp/1104401/images/1104401_00070_s.jpg",
        "pic_comment": "◆アロマトリートメントサロン「ラフィーネ」で優しい香りにつつまれたくつろぎのひとときを。"
      }, {
        "pic_nam": "アロマテラピーサロン「ラフィーネ」",
        "pic_url_l": "https://image.aims.ana.co.jp/1104401/images/1104401_00071_l.jpg",
        "pic_url_m": "https://image.aims.ana.co.jp/1104401/images/1104401_00071_m.jpg",
        "pic_url_o": null,
        "pic_url_s": "https://image.aims.ana.co.jp/1104401/images/1104401_00071_s.jpg",
        "pic_comment": "◆アロマテラピーサロン「ラフィーネ」のトリートメント（イメージ）"
      }, {
        "pic_nam": "アロマオイルを使用したトリートメント",
        "pic_url_l": "https://image.aims.ana.co.jp/1104401/images/1104401_00072_l.jpg",
        "pic_url_m": "https://image.aims.ana.co.jp/1104401/images/1104401_00072_m.jpg",
        "pic_url_o": null,
        "pic_url_s": "https://image.aims.ana.co.jp/1104401/images/1104401_00072_s.jpg",
        "pic_comment": "◆【女性限定】アロマオイルを使用したトリートメント（イメージ）"
      }, {
        "pic_nam": "アロマテラピーサロン",
        "pic_url_l": "https://image.aims.ana.co.jp/1104401/images/1104401_00073_l.jpg",
        "pic_url_m": "https://image.aims.ana.co.jp/1104401/images/1104401_00073_m.jpg",
        "pic_url_o": null,
        "pic_url_s": "https://image.aims.ana.co.jp/1104401/images/1104401_00073_s.jpg",
        "pic_comment": "◆アロマテラピーサロンで疲れた体を癒して下さい"
      }, {
        "pic_nam": "アロマオイル",
        "pic_url_l": "https://image.aims.ana.co.jp/1104401/images/1104401_00074_l.jpg",
        "pic_url_m": "https://image.aims.ana.co.jp/1104401/images/1104401_00074_m.jpg",
        "pic_url_o": null,
        "pic_url_s": "https://image.aims.ana.co.jp/1104401/images/1104401_00074_s.jpg",
        "pic_comment": "◆有機栽培された原料から抽出された高品質なアロマオイルを使用"
      }, {
        "pic_nam": "アロマエステに使用されるオイル",
        "pic_url_l": "https://image.aims.ana.co.jp/1104401/images/1104401_00075_l.jpg",
        "pic_url_m": "https://image.aims.ana.co.jp/1104401/images/1104401_00075_m.jpg",
        "pic_url_o": null,
        "pic_url_s": "https://image.aims.ana.co.jp/1104401/images/1104401_00075_s.jpg",
        "pic_comment": "◆アロマエステに使用されるオイル"
      }],
      "pic_category_cd": "05"
    }, {
      "pic_list": [{
        "pic_nam": "外観・レンガ",
        "pic_url_l": "https://image.aims.ana.co.jp/1104401/images/1104401_00076_l.jpg",
        "pic_url_m": "https://image.aims.ana.co.jp/1104401/images/1104401_00076_m.jpg",
        "pic_url_o": null,
        "pic_url_s": "https://image.aims.ana.co.jp/1104401/images/1104401_00076_s.jpg",
        "pic_comment": "◆十勝管内の土を使用し焼き上げた重厚なレンガ"
      }, {
        "pic_nam": "ホテル外観",
        "pic_url_l": "https://image.aims.ana.co.jp/1104401/images/1104401_00077_l.jpg",
        "pic_url_m": "https://image.aims.ana.co.jp/1104401/images/1104401_00077_m.jpg",
        "pic_url_o": null,
        "pic_url_s": "https://image.aims.ana.co.jp/1104401/images/1104401_00077_s.jpg",
        "pic_comment": "◆レンガの模様が美しい日高ウイングの外観"
      }, {
        "pic_nam": "中庭から見た外観",
        "pic_url_l": "https://image.aims.ana.co.jp/1104401/images/1104401_00078_l.jpg",
        "pic_url_m": "https://image.aims.ana.co.jp/1104401/images/1104401_00078_m.jpg",
        "pic_url_o": null,
        "pic_url_s": "https://image.aims.ana.co.jp/1104401/images/1104401_00078_s.jpg",
        "pic_comment": "◆中庭の自然林の中からみたホテルの外観"
      }, {
        "pic_nam": "ホテル外観",
        "pic_url_l": "https://image.aims.ana.co.jp/1104401/images/1104401_00080_l.jpg",
        "pic_url_m": "https://image.aims.ana.co.jp/1104401/images/1104401_00080_m.jpg",
        "pic_url_o": null,
        "pic_url_s": "https://image.aims.ana.co.jp/1104401/images/1104401_00080_s.jpg",
        "pic_comment": "◆中庭から見るホテルの外観"
      }, {
        "pic_nam": "ホテル外観",
        "pic_url_l": "https://image.aims.ana.co.jp/1104401/images/1104401_00081_l.jpg",
        "pic_url_m": "https://image.aims.ana.co.jp/1104401/images/1104401_00081_m.jpg",
        "pic_url_o": null,
        "pic_url_s": "https://image.aims.ana.co.jp/1104401/images/1104401_00081_s.jpg",
        "pic_comment": "◆中庭から見たガーデンウイングの外観"
      }, {
        "pic_nam": "レストランの外壁",
        "pic_url_l": "https://image.aims.ana.co.jp/1104401/images/1104401_00082_l.jpg",
        "pic_url_m": "https://image.aims.ana.co.jp/1104401/images/1104401_00082_m.jpg",
        "pic_url_o": null,
        "pic_url_s": "https://image.aims.ana.co.jp/1104401/images/1104401_00082_s.jpg",
        "pic_comment": "◆レストランの外壁にある木彫りの熊"
      }, {
        "pic_nam": "夜のエントランス",
        "pic_url_l": "https://image.aims.ana.co.jp/1104401/images/1104401_00083_l.jpg",
        "pic_url_m": "https://image.aims.ana.co.jp/1104401/images/1104401_00083_m.jpg",
        "pic_url_o": null,
        "pic_url_s": "https://image.aims.ana.co.jp/1104401/images/1104401_00083_s.jpg",
        "pic_comment": "◆照明とレンガの色彩が幻想的な夜のエントランス"
      }, {
        "pic_nam": "正面外観",
        "pic_url_l": "https://image.aims.ana.co.jp/1104401/images/1104401_00096_l.jpg",
        "pic_url_m": "https://image.aims.ana.co.jp/1104401/images/1104401_00096_m.jpg",
        "pic_url_o": null,
        "pic_url_s": "https://image.aims.ana.co.jp/1104401/images/1104401_00096_s.jpg",
        "pic_comment": null
      }, {
        "pic_nam": "ホテル外観ロゴ入り",
        "pic_url_l": "https://image.aims.ana.co.jp/1104401/images/1104401_00093_l.jpg",
        "pic_url_m": "https://image.aims.ana.co.jp/1104401/images/1104401_00093_m.jpg",
        "pic_url_o": null,
        "pic_url_s": "https://image.aims.ana.co.jp/1104401/images/1104401_00093_s.jpg",
        "pic_comment": null
      }, {
        "pic_nam": "正面外観",
        "pic_url_l": "https://image.aims.ana.co.jp/1104401/images/1104401_00099_l.jpg",
        "pic_url_m": "https://image.aims.ana.co.jp/1104401/images/1104401_00099_m.jpg",
        "pic_url_o": null,
        "pic_url_s": "https://image.aims.ana.co.jp/1104401/images/1104401_00099_s.jpg",
        "pic_comment": "ＡＷＡＲＤ　２０１４　　\nベストグロース賞"
      }, {
        "pic_nam": "【２０１７】ＡＷＡＲＤ外観",
        "pic_url_l": "https://image.aims.ana.co.jp/1104401/images/1104401_00112_l.jpg",
        "pic_url_m": "https://image.aims.ana.co.jp/1104401/images/1104401_00112_m.jpg",
        "pic_url_o": null,
        "pic_url_s": "https://image.aims.ana.co.jp/1104401/images/1104401_00112_s.jpg",
        "pic_comment": null
      }],
      "pic_category_cd": "06"
    }, {
      "pic_list": [{
        "pic_nam": "冬のイルミネーション",
        "pic_url_l": "https://image.aims.ana.co.jp/1104401/images/1104401_00084_l.jpg",
        "pic_url_m": "https://image.aims.ana.co.jp/1104401/images/1104401_00084_m.jpg",
        "pic_url_o": null,
        "pic_url_s": "https://image.aims.ana.co.jp/1104401/images/1104401_00084_s.jpg",
        "pic_comment": "◆中庭の彩り鮮やかなイルミネーション※冬季限定"
      }, {
        "pic_nam": "イルミネーション",
        "pic_url_l": "https://image.aims.ana.co.jp/1104401/images/1104401_00085_l.jpg",
        "pic_url_m": "https://image.aims.ana.co.jp/1104401/images/1104401_00085_m.jpg",
        "pic_url_o": null,
        "pic_url_s": "https://image.aims.ana.co.jp/1104401/images/1104401_00085_s.jpg",
        "pic_comment": "◆雪景色の中の幻想的なイルミネーション※冬季限定"
      }, {
        "pic_nam": "エゾリス",
        "pic_url_l": "https://image.aims.ana.co.jp/1104401/images/1104401_00086_l.jpg",
        "pic_url_m": "https://image.aims.ana.co.jp/1104401/images/1104401_00086_m.jpg",
        "pic_url_o": null,
        "pic_url_s": "https://image.aims.ana.co.jp/1104401/images/1104401_00086_s.jpg",
        "pic_comment": "◆自然林が残る中庭にはリスが姿を見せることも"
      }],
      "pic_category_cd": "07"
    }, {
      "pic_list": [{
        "pic_nam": "カップル・乾杯",
        "pic_url_l": "https://image.aims.ana.co.jp/1104401/images/1104401_00088_l.jpg",
        "pic_url_m": "https://image.aims.ana.co.jp/1104401/images/1104401_00088_m.jpg",
        "pic_url_o": null,
        "pic_url_s": "https://image.aims.ana.co.jp/1104401/images/1104401_00088_s.jpg",
        "pic_comment": "◆ゆっくりと流れる時間の中でくつろぎのひと時をお過ごし下さい"
      }],
      "pic_category_cd": "08"
    }],
    "facl_images": [{
      "pic_nam": "客室",
      "pic_url_l": "https://image.aims.ana.co.jp/1104401/images/1104401_00003_l.jpg",
      "pic_url_m": "https://image.aims.ana.co.jp/1104401/images/1104401_00003_m.jpg",
      "pic_url_o": null,
      "pic_url_s": "https://image.aims.ana.co.jp/1104401/images/1104401_00003_s.jpg",
      "pic_comment": null
    }, {
      "pic_nam": "正面外観",
      "pic_url_l": "https://image.aims.ana.co.jp/1104401/images/1104401_00099_l.jpg",
      "pic_url_m": "https://image.aims.ana.co.jp/1104401/images/1104401_00099_m.jpg",
      "pic_url_o": null,
      "pic_url_s": "https://image.aims.ana.co.jp/1104401/images/1104401_00099_s.jpg",
      "pic_comment": "ＡＷＡＲＤ　２０１４　　\nベストグロース賞"
    }, {
      "pic_nam": "露天風呂",
      "pic_url_l": "https://image.aims.ana.co.jp/1104401/images/1104401_00092_l.jpg",
      "pic_url_m": "https://image.aims.ana.co.jp/1104401/images/1104401_00092_m.jpg",
      "pic_url_o": null,
      "pic_url_s": "https://image.aims.ana.co.jp/1104401/images/1104401_00092_s.jpg",
      "pic_comment": "◆露天風呂／茶褐色の少し滑りのある泉質がお肌にうるおいを与える植物性モール温泉"
    }, {
      "pic_nam": "スタンダードツイン",
      "pic_url_l": "https://image.aims.ana.co.jp/1104401/images/1104401_00098_l.jpg",
      "pic_url_m": "https://image.aims.ana.co.jp/1104401/images/1104401_00098_m.jpg",
      "pic_url_o": null,
      "pic_url_s": "https://image.aims.ana.co.jp/1104401/images/1104401_00098_s.jpg",
      "pic_comment": "ＡＷＡＲＤ　２０１４　　\nベストグロース賞"
    }, {
      "pic_nam": "朝食（イメージ）",
      "pic_url_l": "https://image.aims.ana.co.jp/1104401/images/1104401_00111_l.jpg",
      "pic_url_m": "https://image.aims.ana.co.jp/1104401/images/1104401_00111_m.jpg",
      "pic_url_o": null,
      "pic_url_s": "https://image.aims.ana.co.jp/1104401/images/1104401_00111_s.jpg",
      "pic_comment": null
    }, {
      "pic_nam": "エゾリス",
      "pic_url_l": "https://image.aims.ana.co.jp/1104401/images/1104401_00086_l.jpg",
      "pic_url_m": "https://image.aims.ana.co.jp/1104401/images/1104401_00086_m.jpg",
      "pic_url_o": null,
      "pic_url_s": "https://image.aims.ana.co.jp/1104401/images/1104401_00086_s.jpg",
      "pic_comment": "◆自然林が残る中庭にはリスが姿を見せることも"
    }, {
      "pic_nam": "冬のイルミネーション",
      "pic_url_l": "https://image.aims.ana.co.jp/1104401/images/1104401_00084_l.jpg",
      "pic_url_m": "https://image.aims.ana.co.jp/1104401/images/1104401_00084_m.jpg",
      "pic_url_o": null,
      "pic_url_s": "https://image.aims.ana.co.jp/1104401/images/1104401_00084_s.jpg",
      "pic_comment": "◆中庭の彩り鮮やかなイルミネーション※冬季限定"
    }, {
      "pic_nam": "ラウンジ「ダイヤモンド・ダスト」",
      "pic_url_l": "https://image.aims.ana.co.jp/1104401/images/1104401_00058_l.jpg",
      "pic_url_m": "https://image.aims.ana.co.jp/1104401/images/1104401_00058_m.jpg",
      "pic_url_o": null,
      "pic_url_s": "https://image.aims.ana.co.jp/1104401/images/1104401_00058_s.jpg",
      "pic_comment": "◆ラウンジ「ダイヤモンド・ダスト」"
    }, {
      "pic_nam": "アロマテラピーサロン ラフィーネ",
      "pic_url_l": "https://image.aims.ana.co.jp/1104401/images/1104401_00069_l.jpg",
      "pic_url_m": "https://image.aims.ana.co.jp/1104401/images/1104401_00069_m.jpg",
      "pic_url_o": null,
      "pic_url_s": "https://image.aims.ana.co.jp/1104401/images/1104401_00069_s.jpg",
      "pic_comment": "◆アロマテラピーサロン ラフィーネ"
    }, {
      "pic_nam": "外観・レンガ",
      "pic_url_l": "https://image.aims.ana.co.jp/1104401/images/1104401_00076_l.jpg",
      "pic_url_m": "https://image.aims.ana.co.jp/1104401/images/1104401_00076_m.jpg",
      "pic_url_o": null,
      "pic_url_s": "https://image.aims.ana.co.jp/1104401/images/1104401_00076_s.jpg",
      "pic_comment": "◆十勝管内の土を使用し焼き上げた重厚なレンガ"
    }, {
      "pic_nam": "露天風呂",
      "pic_url_l": "https://image.aims.ana.co.jp/1104401/images/1104401_00089_l.jpg",
      "pic_url_m": "https://image.aims.ana.co.jp/1104401/images/1104401_00089_m.jpg",
      "pic_url_o": null,
      "pic_url_s": "https://image.aims.ana.co.jp/1104401/images/1104401_00089_s.jpg",
      "pic_comment": "◆露天風呂／モール温泉のしっとりした泉質がお肌をなめらかにします。"
    }, {
      "pic_nam": "シングルルーム",
      "pic_url_l": "https://image.aims.ana.co.jp/1104401/images/1104401_00011_l.jpg",
      "pic_url_m": "https://image.aims.ana.co.jp/1104401/images/1104401_00011_m.jpg",
      "pic_url_o": null,
      "pic_url_s": "https://image.aims.ana.co.jp/1104401/images/1104401_00011_s.jpg",
      "pic_comment": "◆シングルルーム／シンプルで機能的な客室（１５平米"
    }],
    "facl_food_image": {
      "pic_nam": "朝食（イメージ）",
      "pic_url_l": "https://image.aims.ana.co.jp/1104401/images/1104401_00111_l.jpg",
      "pic_url_m": "https://image.aims.ana.co.jp/1104401/images/1104401_00111_m.jpg",
      "pic_url_o": null,
      "pic_url_s": "https://image.aims.ana.co.jp/1104401/images/1104401_00111_s.jpg",
      "pic_comment": null
    },
    "facl_room_image": {
      "pic_nam": "スタンダードツイン",
      "pic_url_l": "https://image.aims.ana.co.jp/1104401/images/1104401_00098_l.jpg",
      "pic_url_m": "https://image.aims.ana.co.jp/1104401/images/1104401_00098_m.jpg",
      "pic_url_o": null,
      "pic_url_s": "https://image.aims.ana.co.jp/1104401/images/1104401_00098_s.jpg",
      "pic_comment": "ＡＷＡＲＤ　２０１４　　\nベストグロース賞"
    },
    "plan_image": null,
    "access": {
      "nearest_airp": [
        {
          "airp_cd": "HND",
          "arr_point": "ZZZZ駅",
          "car_tra_bus_shp_cf": "0",
          "ctbs_min_tm_required": 10,
          "ctbs_max_tm_required": 20,
          "other_nam": "ICから車",
          "ctbs_special_mention": "徒歩",
          "ctbs_sm_min_tm_required": 30,
          "ctbs_sm_max_tm_required": 40,
          "nearest_airp_note": "最寄空港から徒歩３０分"
        }
      ],
      "nearest_sta": [
        {
          "nearest_sta_trans": "AAAバス",
          "nearest_route_nam": "BBB線",
          "nearest_sta_nam": "CCC駅",
          "walk_car_shp_cf": "0",
          "tm_required": 50
        }
      ]
    },
    "zip_cd": "080-0017",
    "adrs": "北海道帯広市西７条南１９－１",
    "latitude": "42.9104146561",
    "longitude": "143.196821695",
    "tel_no": "0155-21-0001  ",
    "fax_no": "0155-25-3721  ",
    "parking_info": {
      "park_note": null,
      "car_park_cf": "1",
      "car_park_capa": 180,
      "car_park_eith": "0",
      "car_park_chrg_to": null,
      "car_park_chrg_from": null
    },
    "lay_side_price_cf": "1",
    "limousin_eith": "1",
    "check_in_time_1": "1400",
    "check_out_time_1": "1100",
    "check_inout_strt_mmdd_1": "0101",
    "check_inout_end_mmdd_1": "1231",
    "check_in_time_2": null,
    "check_out_time_2": null,
    "check_inout_strt_mmdd_2": null,
    "check_inout_end_mmdd_2": null,
    "check_in_time_3": null,
    "check_out_time_3": null,
    "check_inout_strt_mmdd_3": null,
    "check_inout_end_mmdd_3": null,
    "check_in_out_note": null,
    "built_yy": "1995",
    "noted_plc_nam_1": "道立帯広美術館",
    "noted_tp_1": "0",
    "noted_tp_tm_1": 20,
    "noted_plc_nam_2": "帯広百年記念館",
    "noted_tp_2": "0",
    "noted_tp_tm_2": 20,
    "noted_plc_nam_3": null,
    "noted_tp_3": null,
    "noted_tp_tm_3": null,
    "noted_plc_nam_4": null,
    "noted_tp_4": null,
    "noted_tp_tm_4": null,
    "noted_plc_nam_5": null,
    "noted_tp_5": null,
    "noted_tp_tm_5": null,
    "lay_side_chrg_list": null,
    "dactylology_eith": "1",
    "wheelchair_eith": "0",
    "wheelchair_lav_eith": "0",
    "sa_msg_eith": "1",
    "sa_est_eith": "0",
    "card_cf": {
      "edy_eith": "1",
      "dc_card_cf": "1",
      "uc_card_cf": "1",
      "jcb_card_cf": "1",
      "amex_card_cf": "1",
      "visa_card_cf": "1",
      "debit_card_cf": "1",
      "nicos_card_cf": "1",
      "other_card_cf": "0",
      "diners_card_cf": "1",
      "master_card_cf": "1",
      "other_card_nam": null
    },
    "room_info": {
      "jp_rooms": 1,
      "semi_rooms": 0,
      "twin_rooms": 90,
      "other_rooms": 0,
      "sweet_rooms": 3,
      "total_rooms": 117,
      "cn_room_eith": "1",
      "double_rooms": 12,
      "fourth_rooms": 0,
      "hc_room_eith": "1",
      "jpwest_rooms": 0,
      "rd_flor_eith": "1",
      "rd_room_eith": "1",
      "single_rooms": 11,
      "triple_rooms": 0,
      "cottage_rooms": 0,
      "special_rooms": 0,
      "fivemore_rooms": 0,
      "room_info_note": null,
      "not_sm_flor_eith": "0",
      "not_sm_room_eith": "0"
    },
    "room_facl": {
      "bath_cf": "1",
      "tv_eith": "0",
      "wash_cf": "1",
      "bath_eith": "0",
      "wash_eith": "0",
      "drier_eith": "0",
      "razor_eith": "0",
      "rinse_eith": "0",
      "rm_heat_cf": "1",
      "towel_eith": "0",
      "wc_warm_cf": "1",
      "fridge_eith": "0",
      "lavatory_cf": "1",
      "pay_tv_eith": "0",
      "yukata_eith": "0",
      "rm_aircon_cf": "1",
      "rm_heat_eith": "0",
      "shampoo_eith": "0",
      "wc_warm_eith": "0",
      "bathrobe_eith": "1",
      "lavatory_eith": "0",
      "rm_heat_other": null,
      "rm_aircon_eith": "0",
      "room_facl_note": "客室冷暖房は、温度調整できません。　　　　　　　　　　　　　",
      "bath_towel_eith": "0",
      "face_towel_eith": "0",
      "humidifier_eith": "0",
      "rm_aircon_other": null,
      "toothbrush_eith": "0",
      "night_weare_eith": "0",
      "yukata_adlt_eith": "0",
      "yukata_chld_eith": "1",
      "body_shampoo_eith": "0",
      "trouser_presser_eith": "0",
      "night_weare_adlt_eith": "0",
      "night_weare_chld_eith": "0"
    },
    "bath_facl": {
      "spa_eith": "0",
      "sauna_eith": "0",
      "bathhouse_eith": "0",
      "charter_bath_eith": "1",
      "charter_bath_note": null,
      "bathhouse_spa_note": null,
      "open_air_bath_eith": "0"
    },
    "indoor_facl": {
      "facl_note": "大浴場、サウナ、温泉、露天風呂は６:００－１０:００も利用できます。",
      "game_eith": "1",
      "store_eith": "0",
      "karaoke_eith": "1",
      "nearest_cs_nam": "ローソン",
      "nearest_cs_eith": "0",
      "business_cnt_eith": "0",
      "fittness_cnt_eith": "1",
      "nearest_cs_require": 5
    },
    "sport_facl": {
      "pool_eith": "1",
      "beach_eith": "1",
      "ski_slope_eith": "1",
      "golf_course_eith": "1",
      "golf_course_name": null,
      "pool_indoor_eith": "1",
      "sports_facl_note": null,
      "pool_outdoor_eith": "1",
      "tennis_court_eith": "1",
      "private_beach_eith": "1"
    },
    "purpose_facl": {
      "cat_pac": "1",
      "puppy_pac": "1",
      "baby_bed_cf": "0",
      "baby_cot_cf": "0",
      "stroller_cf": "1",
      "baby_bed_chrg": 1200,
      "baby_bed_eith": "0",
      "baby_cot_chrg": 1200,
      "baby_cot_eith": "0",
      "baby_guard_cf": "1",
      "stroller_chrg": null,
      "stroller_eith": "0",
      "kids_room_eith": "1",
      "baby_guard_chrg": null,
      "baby_guard_eith": "0",
      "purpose_facl_note": null,
      "pet_accompany_eith": "1",
      "large_sized_dog_pac": "1"
    },
    "meal_facl_list": [{
      "dish_cf_a": "0",
      "dish_cf_b": "1",
      "dish_cf_c": "0",
      "dish_cf_d": "0",
      "dish_cf_e": "1",
      "dish_cf_f": "0",
      "dish_cf_g": "0",
      "dish_cf_h": "0",
      "dish_cf_i": "0",
      "dish_cf_j": "0",
      "open_hour_1": "0700",
      "open_hour_2": null,
      "close_hour_1": "2200",
      "clsoe_hour_2": null,
      "meal_facl_nam": "バードウォッチカフェ",
      "stay_meal_note": null
    }, {
      "dish_cf_a": "1",
      "dish_cf_b": "0",
      "dish_cf_c": "0",
      "dish_cf_d": "0",
      "dish_cf_e": "0",
      "dish_cf_f": "0",
      "dish_cf_g": "0",
      "dish_cf_h": "0",
      "dish_cf_i": "0",
      "dish_cf_j": "0",
      "open_hour_1": "1130",
      "open_hour_2": "1700",
      "close_hour_1": "1400",
      "clsoe_hour_2": "2200",
      "meal_facl_nam": "六郎",
      "stay_meal_note": null
    }, {
      "dish_cf_a": "0",
      "dish_cf_b": "0",
      "dish_cf_c": "0",
      "dish_cf_d": "0",
      "dish_cf_e": "0",
      "dish_cf_f": "0",
      "dish_cf_g": "0",
      "dish_cf_h": "0",
      "dish_cf_i": "1",
      "dish_cf_j": "0",
      "open_hour_1": "1000",
      "open_hour_2": null,
      "close_hour_1": "2130",
      "clsoe_hour_2": null,
      "meal_facl_nam": "ダイヤモンドダスト",
      "stay_meal_note": null
    }],
    "service_facl": {
      "it_cf": "1",
      "it_eith": "0",
      "it_note": null,
      "offer_note": "※送迎サービスは朝のみホテルからＪＲ帯広駅まで運行（定刻）時刻はお問合せください。添寝無料。",
      "laundry_eith": "1",
      "pick_up_eith": "0",
      "pick_up_note": null,
      "delivery_eith": "1",
      "wire_lan_eith": "0",
      "pc_rental_eith": "0",
      "fax_service_eith": "0",
      "copy_service_eith": "0",
      "room_service_eith": "0",
      "wireless_lan_eith": "1",
      "laundry_service_eith": "0"
    }
  }
}