<env:Envelope xmlns:env="http://schemas.xmlsoap.org/soap/envelope/" xmlns="http://www.anaskyholiday.co.jp/adam/dto/api"
  xmlns:api="http://www.anaskyholiday.co.jp/adam/api">
  <env:Header />
  <env:Body>
    <api:sf0050aResponse>
      <IFASW048IRes>
        <cmnHedInf>
          <reqResCf>2</reqResCf>
          <reqOrgCd>INTERNET</reqOrgCd>
          <pwd>pass9999</pwd>
          <svcKd>IFASW048I</svcKd>
          <mkMsgDt>2018-05-16T11:10:38+09:00</mkMsgDt>
        </cmnHedInf>
        <proRstInf>
          <rstCd>0</rstCd>
        </proRstInf>
        <judRst>0</judRst>
      </IFASW048IRes>
    </api:sf0050aResponse>
  </env:Body>
</env:Envelope>