<env:Envelope xmlns:env="http://schemas.xmlsoap.org/soap/envelope/" xmlns="http://www.anaskyholiday.co.jp/adam/dto/api"
  xmlns:api="http://www.anaskyholiday.co.jp/adam/api">
  <env:Header />
  <env:Body>
    <api:sb0040aResponse>
      <IFASW008IRes>
        <cmnHedInf>
          <reqResCf>2</reqResCf>
          <reqOrgCd>INTERNET</reqOrgCd>
          <pwd>pass9999</pwd>
          <svcKd>IFASW008I</svcKd>
          <mkMsgDt>2018-07-12T07:47:48+09:00</mkMsgDt>
        </cmnHedInf>
        <proRstInf>
          <rstCd>0</rstCd>
        </proRstInf>
        <mtInf>
          <fcTypCd>00</fcTypCd>
          <fcNm>平成館 しおさい亭</fcNm>
          <rvDspNm>喫煙 和室</rvDspNm>
          <dspPlNm>通常</dspPlNm>
          <plDsc>■□■ANAのマイルが貯まる スタンダードプラン■□■

            ご旅行や、出張・ビジネス利用にもおススメです。

            ◆おすすめポイント◆
            １、ANAマイレージクラブ会員のお客様なら、ご利用料金の100円につき1マイルが貯まります。
            ２、ご利用日の直前までご予約いただけます。
          </plDsc>
          <matCd>11</matCd>
          <snmCf>2</snmCf>
          <majMatCd>02</majMatCd>
          <majMatNm>北海道</majMatNm>
          <rgnCd>009</rgnCd>
          <rgnNm>函館・湯の川・大沼</rgnNm>
          <araCd>045</araCd>
          <araNm>湯の川</araNm>
          <cpnIssFlg>0</cpnIssFlg>
          <lieFlg>0</lieFlg>
          <kdsLieFlg>0</kdsLieFlg>
          <lieFeeStgFlg>1</lieFeeStgFlg>
          <chFeeStgFlg>1</chFeeStgFlg>
          <pbDd>0</pbDd>
          <pbTm>1700</pbTm>
          <cpcFrm>2</cpcFrm>
          <cpcTo>5</cpcTo>
          <ageLmtFlg>0</ageLmtFlg>
          <ageLmtFrm>0</ageLmtFrm>
          <ageLmtTo>999</ageLmtTo>
          <sexLmt>2</sexLmt>
          <tmLmtFlg>0</tmLmtFlg>
          <tmLmtFrm>0000</tmLmtFrm>
          <tmLmtTo>2359</tmLmtTo>
          <airBdDdUseFlg>1</airBdDdUseFlg>
          <useNum>0</useNum>
          <useSu>1</useSu>
          <useMo>1</useMo>
          <useTu>1</useTu>
          <useWe>1</useWe>
          <useTh>1</useTh>
          <useFr>1</useFr>
          <useSa>1</useSa>
          <stgStrYmd>20180420</stgStrYmd>
          <stgEndYmd>29991231</stgEndYmd>
          <sal1>ロビーからは雄大な津軽海峡が一望頂け、日ごろの喧騒</sal1>
          <sal2>を忘れさせてくれることでしょう。※※</sal2>
          <lat>41.7742318875</lat>
          <lon>140.786869156</lon>
          <stMtdCf>1</stMtdCf>
          <minRmSfc>25</minRmSfc>
          <mxmRmSfc>25</mxmRmSfc>
          <rmUntFlg>0</rmUntFlg>
          <rmTypNm>和室</rmTypNm>
          <smCf>1</smCf>
          <petRdnCf>0</petRdnCf>
          <useCndInf>
            <useCndNo>001</useCndNo>
            <useCndNm>２名１室利用</useCndNm>
            <useNumUntCf>1</useNumUntCf>
            <dspUseCndUntNm>室</dspUseCndUntNm>
            <numFrm>2</numFrm>
            <numTo>2</numTo>
          </useCndInf>
          <imgInf>
            <imgKd>1</imgKd>
            <imgDtInf>
              <imgDspPos>0</imgDspPos>
              <rpFlg>1</rpFlg>
              <imgLUrl>https://adam-kensyo.image.aims.ana.co.jp/1044101/images/1044101_00004_l.jpg</imgLUrl>
              <imgMUrl>https://adam-kensyo.image.aims.ana.co.jp/1044101/images/1044101_00004_m.jpg</imgMUrl>
              <imgSUrl>https://adam-kensyo.image.aims.ana.co.jp/1044101/images/1044101_00004_s.jpg</imgSUrl>
              <imgCatCd>01</imgCatCd>
              <imgNm>ケース１－１－１ 宿泊１</imgNm>
              <imgCmt>ケース１－１－１ 宿泊１用</imgCmt>
            </imgDtInf>
            <imgDtInf>
              <imgDspPos>0</imgDspPos>
              <rpFlg>1</rpFlg>
              <imgLUrl>https://image.aims.ana.co.jp/1044101/images/1044101_00029_l.jpg</imgLUrl>
              <imgMUrl>https://image.aims.ana.co.jp/1044101/images/1044101_00029_m.jpg</imgMUrl>
              <imgSUrl>https://image.aims.ana.co.jp/1044101/images/1044101_00029_s.jpg</imgSUrl>
              <imgCatCd>01</imgCatCd>
              <imgNm>【本館海側和室】イメ－ジ</imgNm>
              <imgCmt>【本館海側和室】イメ－ジ</imgCmt>
            </imgDtInf>
            <imgDtInf>
              <imgDspPos>0</imgDspPos>
              <rpFlg>1</rpFlg>
              <imgLUrl>https://image.aims.ana.co.jp/1044101/images/1044101_00030_l.jpg</imgLUrl>
              <imgMUrl>https://image.aims.ana.co.jp/1044101/images/1044101_00030_m.jpg</imgMUrl>
              <imgSUrl>https://image.aims.ana.co.jp/1044101/images/1044101_00030_s.jpg</imgSUrl>
              <imgCatCd>07</imgCatCd>
              <imgNm>外観昼イメージ</imgNm>
              <imgCmt>外観昼イメージ</imgCmt>
            </imgDtInf>
            <imgDtInf>
              <imgDspPos>0</imgDspPos>
              <rpFlg>1</rpFlg>
              <imgLUrl>https://image.aims.ana.co.jp/1044101/images/1044101_00040_l.jpg</imgLUrl>
              <imgMUrl>https://image.aims.ana.co.jp/1044101/images/1044101_00040_m.jpg</imgMUrl>
              <imgSUrl>https://image.aims.ana.co.jp/1044101/images/1044101_00040_s.jpg</imgSUrl>
              <imgCatCd>05</imgCatCd>
              <imgNm>【本館】浴衣イメージ</imgNm>
              <imgCmt>【本館】浴衣イメージ</imgCmt>
            </imgDtInf>
            <imgDtInf>
              <imgDspPos>0</imgDspPos>
              <rpFlg>1</rpFlg>
              <imgLUrl>https://image.aims.ana.co.jp/1044101/images/1044101_00089_l.jpg</imgLUrl>
              <imgMUrl>https://image.aims.ana.co.jp/1044101/images/1044101_00089_m.jpg</imgMUrl>
              <imgSUrl>https://image.aims.ana.co.jp/1044101/images/1044101_00089_s.jpg</imgSUrl>
              <imgCatCd>04</imgCatCd>
              <imgNm>ロビー景観　</imgNm>
              <imgCmt>ロビー景観　</imgCmt>
            </imgDtInf>
            <imgDtInf>
              <imgDspPos>0</imgDspPos>
              <rpFlg>1</rpFlg>
              <imgLUrl>https://image.aims.ana.co.jp/1044101/images/1044101_00099_l.jpg</imgLUrl>
              <imgMUrl>https://image.aims.ana.co.jp/1044101/images/1044101_00099_m.jpg</imgMUrl>
              <imgSUrl>https://image.aims.ana.co.jp/1044101/images/1044101_00099_s.jpg</imgSUrl>
              <imgCatCd>03</imgCatCd>
              <imgNm>オーシャンテラス</imgNm>
            </imgDtInf>
            <imgDtInf>
              <imgDspPos>0</imgDspPos>
              <rpFlg>1</rpFlg>
              <imgLUrl>https://image.aims.ana.co.jp/1044101/images/1044101_00100_l.jpg</imgLUrl>
              <imgMUrl>https://image.aims.ana.co.jp/1044101/images/1044101_00100_m.jpg</imgMUrl>
              <imgSUrl>https://image.aims.ana.co.jp/1044101/images/1044101_00100_s.jpg</imgSUrl>
              <imgCatCd>06</imgCatCd>
              <imgNm>しおさい亭 外観</imgNm>
            </imgDtInf>
            <imgDtInf>
              <imgDspPos>0</imgDspPos>
              <rpFlg>1</rpFlg>
              <imgLUrl>https://image.aims.ana.co.jp/1044101/images/1044101_00101_l.jpg</imgLUrl>
              <imgMUrl>https://image.aims.ana.co.jp/1044101/images/1044101_00101_m.jpg</imgMUrl>
              <imgSUrl>https://image.aims.ana.co.jp/1044101/images/1044101_00101_s.jpg</imgSUrl>
              <imgCatCd>02</imgCatCd>
              <imgNm>大浴場</imgNm>
            </imgDtInf>
            <imgDtInf>
              <imgDspPos>0</imgDspPos>
              <rpFlg>0</rpFlg>
              <imgLUrl>https://image.aims.ana.co.jp/1044101/images/1044101_00019_l.jpg</imgLUrl>
              <imgMUrl>https://image.aims.ana.co.jp/1044101/images/1044101_00019_m.jpg</imgMUrl>
              <imgSUrl>https://image.aims.ana.co.jp/1044101/images/1044101_00019_s.jpg</imgSUrl>
              <imgCatCd>04</imgCatCd>
              <imgNm>エステＶＩＳＡＧＥイメージ</imgNm>
              <imgCmt>エステＶＩＳＡＧＥイメージ</imgCmt>
            </imgDtInf>
          </imgInf>
          <imgInf>
            <imgKd>3</imgKd>
            <imgDtInf>
              <imgDspPos>1</imgDspPos>
              <rpFlg>0</rpFlg>
              <imgLUrl>https://image.aims.ana.co.jp/1044101/images/1044101_00078_l.jpg</imgLUrl>
              <imgMUrl>https://image.aims.ana.co.jp/1044101/images/1044101_00078_m.jpg</imgMUrl>
              <imgSUrl>https://image.aims.ana.co.jp/1044101/images/1044101_00078_s.jpg</imgSUrl>
              <imgCatCd>01</imgCatCd>
              <imgNm>【景観無指定和室】イメージ</imgNm>
              <imgCmt>【景観無指定和室】イメージ</imgCmt>
            </imgDtInf>
          </imgInf>
          <arrCnlCmsInf>
            <cpCd>10441</cpCd>
            <fcCd>01</fcCd>
            <plCd>K00200</plCd>
            <appStrDd>20160301</appStrDd>
            <appEndDd>29991231</appEndDd>
            <arrCnlCmsApNumInf>
              <rvApNumFrm>3</rvApNumFrm>
              <rvApNumTo>99</rvApNumTo>
              <dspUseCndUntNm>室</dspUseCndUntNm>
              <clfRmk>取消料はテスト用のデータです。</clfRmk>
              <arrCnlCmsDtlInf>
                <cmsSeq>001</cmsSeq>
                <strAppDdNum>999</strAppDdNum>
                <endAppDdNum>21</endAppDdNum>
                <cnlCmsRat>0</cnlCmsRat>
                <cnlCmsAmt>0</cnlCmsAmt>
              </arrCnlCmsDtlInf>
              <arrCnlCmsDtlInf>
                <cmsSeq>002</cmsSeq>
                <strAppDdNum>20</strAppDdNum>
                <endAppDdNum>4</endAppDdNum>
                <cnlCmsRat>20</cnlCmsRat>
              </arrCnlCmsDtlInf>
              <arrCnlCmsDtlInf>
                <cmsSeq>003</cmsSeq>
                <strAppDdNum>3</strAppDdNum>
                <endAppDdNum>2</endAppDdNum>
                <cnlCmsRat>40</cnlCmsRat>
              </arrCnlCmsDtlInf>
              <arrCnlCmsDtlInf>
                <cmsSeq>004</cmsSeq>
                <strAppDdNum>1</strAppDdNum>
                <endAppDdNum>1</endAppDdNum>
              </arrCnlCmsDtlInf>
              <arrCnlCmsDtlInf>
                <cmsSeq>005</cmsSeq>
                <strAppDdNum>0</strAppDdNum>
                <endAppDdNum>0</endAppDdNum>
              </arrCnlCmsDtlInf>
              <arrCnlCmsDtlInf>
                <cmsSeq>006</cmsSeq>
                <strAppDdNum>-1</strAppDdNum>
                <endAppDdNum>-99</endAppDdNum>
              </arrCnlCmsDtlInf>
            </arrCnlCmsApNumInf>
            <arrCnlCmsApNumInf>
              <rvApNumFrm>1</rvApNumFrm>
              <rvApNumTo>2</rvApNumTo>
              <dspUseCndUntNm>室</dspUseCndUntNm>
              <clfRmk>取消料はテスト用のデータです。</clfRmk>
              <arrCnlCmsDtlInf>
                <cmsSeq>001</cmsSeq>
                <strAppDdNum>999</strAppDdNum>
                <endAppDdNum>21</endAppDdNum>
                <cnlCmsRat>0</cnlCmsRat>
                <cnlCmsAmt>0</cnlCmsAmt>
              </arrCnlCmsDtlInf>
              <arrCnlCmsDtlInf>
                <cmsSeq>002</cmsSeq>
                <strAppDdNum>20</strAppDdNum>
                <endAppDdNum>4</endAppDdNum>
                <cnlCmsRat>30</cnlCmsRat>
              </arrCnlCmsDtlInf>
              <arrCnlCmsDtlInf>
                <cmsSeq>003</cmsSeq>
                <strAppDdNum>3</strAppDdNum>
                <endAppDdNum>2</endAppDdNum>
                <cnlCmsRat>50</cnlCmsRat>
              </arrCnlCmsDtlInf>
              <arrCnlCmsDtlInf>
                <cmsSeq>004</cmsSeq>
                <strAppDdNum>1</strAppDdNum>
                <endAppDdNum>1</endAppDdNum>
              </arrCnlCmsDtlInf>
              <arrCnlCmsDtlInf>
                <cmsSeq>005</cmsSeq>
                <strAppDdNum>0</strAppDdNum>
                <endAppDdNum>0</endAppDdNum>
              </arrCnlCmsDtlInf>
              <arrCnlCmsDtlInf>
                <cmsSeq>006</cmsSeq>
                <strAppDdNum>-1</strAppDdNum>
                <endAppDdNum>-99</endAppDdNum>
              </arrCnlCmsDtlInf>
            </arrCnlCmsApNumInf>
          </arrCnlCmsInf>
          <lieFcUseFee>
            <lieFee>2160</lieFee>
            <StrAge>3</StrAge>
            <EndAge>5</EndAge>
          </lieFcUseFee>
          <fcAccInf>
            <chkiStrTm>1400</chkiStrTm>
            <chkiLstTm>----</chkiLstTm>
            <chkoLstTm>1000</chkoLstTm>
            <fcMiPyfMtd>1</fcMiPyfMtd>
            <puSvcEth>1</puSvcEth>
            <fcWlsLanConEth>1</fcWlsLanConEth>
            <fcWirLanConEth>1</fcWirLanConEth>
            <pvdSvcRmk>添寝施設使用料２，１６０円（３歳－５歳）。※全室ＷｉＦｉ完備。</pvdSvcRmk>
            <dlvSvcEth>0</dlvSvcEth>
            <rmSvcEth>1</rmSvcEth>
            <ldySvcEth>1</ldySvcEth>
            <cpySvcEth>0</cpySvcEth>
            <fcNetConEth>1</fcNetConEth>
            <faxSvcEth>0</faxSvcEth>
            <rmWlsLanCon>1</rmWlsLanCon>
            <rmWirLanCon>0</rmWirLanCon>
            <smCf>1</smCf>
            <rmWarEth>1</rmWarEth>
            <rmWarChEth>1</rmWarChEth>
            <rmWarAdEth>1</rmWarAdEth>
            <busTltCf>0</busTltCf>
            <bhrEth>0</bhrEth>
            <dryEth>1</dryEth>
            <shwTltEth>1</shwTltEth>
            <rmNetConEth>1</rmNetConEth>
          </fcAccInf>
          <mealCndInf>
            <cndNo>0</cndNo>
            <cndNm>朝食</cndNm>
            <rstFlg>1</rstFlg>
            <rmMealFlg>0</rmMealFlg>
            <bnqFlg>0</bnqFlg>
            <prvRmBnqFlg>0</prvRmBnqFlg>
            <grdFlg>0</grdFlg>
            <othMealPlcFlg>0</othMealPlcFlg>
            <bftFlg>1</bftFlg>
            <setMnuFlg>0</setMnuFlg>
            <bbqFlg>0</bbqFlg>
            <dnnFlg>0</dnnFlg>
            <othDshStlFlg>0</othDshStlFlg>
            <jfdFlg>1</jfdFlg>
            <wmlFlg>1</wmlFlg>
            <chnFlg>0</chnFlg>
            <itlFlg>0</itlFlg>
            <frnFlg>0</frnFlg>
            <lclFlg>0</lclFlg>
            <othDshCfFlg>0</othDshCfFlg>
          </mealCndInf>
          <mealCndInf>
            <cndNo>1</cndNo>
            <cndNm>夕食</cndNm>
            <rstFlg>1</rstFlg>
            <rmMealFlg>0</rmMealFlg>
            <bnqFlg>0</bnqFlg>
            <prvRmBnqFlg>0</prvRmBnqFlg>
            <grdFlg>0</grdFlg>
            <othMealPlcFlg>0</othMealPlcFlg>
            <bftFlg>1</bftFlg>
            <setMnuFlg>0</setMnuFlg>
            <bbqFlg>0</bbqFlg>
            <dnnFlg>0</dnnFlg>
            <othDshStlFlg>0</othDshStlFlg>
            <jfdFlg>1</jfdFlg>
            <wmlFlg>1</wmlFlg>
            <chnFlg>1</chnFlg>
            <itlFlg>0</itlFlg>
            <frnFlg>0</frnFlg>
            <lclFlg>0</lclFlg>
            <othDshCfFlg>0</othDshCfFlg>
          </mealCndInf>
          <narStaInf>
            <narStaNo>1</narStaNo>
            <narStaTrnfNm>あ</narStaTrnfNm>
            <narStaRutNm>い</narStaRutNm>
            <narStaNm>う</narStaNm>
            <narStaMvgMenCf>0</narStaMvgMenCf>
            <rqdTm>999</rqdTm>
          </narStaInf>
          <!-- narStaInf>
            <narStaNo>2</narStaNo>
            <narStaTrnfNm>え</narStaTrnfNm>
            <narStaRutNm>お</narStaRutNm>
            <narStaNm>か</narStaNm>
            <narStaMvgMenCf>2</narStaMvgMenCf>
            <rqdTm>888</rqdTm>
          </narStaInf>
          <narStaInf>
            <narStaNo>3</narStaNo>
            <narStaTrnfNm>ＪＲあああああああああああああ</narStaTrnfNm>
            <narStaRutNm>函館本線あああああああああ</narStaRutNm>
            <narStaNm>函館駅ああああああああああああ</narStaNm>
            <narStaMvgMenCf>3</narStaMvgMenCf>
            <rqdTm>999</rqdTm>
          </narStaInf-->
        </mtInf>
      </IFASW008IRes>
    </api:sb0040aResponse>
  </env:Body>
</env:Envelope>