<?xml version="1.0" encoding="utf-8"?>
<soapenv:Envelope xmlns:soapenv="http://schemas.xmlsoap.org/soap/envelope/" xmlns:api="http://www.anaskyholiday.co.jp/adam/api"
  xmlns:api1="http://www.anaskyholiday.co.jp/adam/dto/api">
	<soapenv:Header/>
	<soapenv:Body>
		<api:sb0040aResponse>
			<api1:IFASW008IRes>
				<api1:cmnHedInf>
					<api1:reqResCf>2</api1:reqResCf>
					<api1:reqOrgCd>INTERNET</api1:reqOrgCd>
					<api1:pwd>P@ssw0rd</api1:pwd>
					<api1:svcKd>IFASW044I</api1:svcKd>
					<api1:mkMsgDt/>
					<api1:spStId>AAAAA</api1:spStId>
				</api1:cmnHedInf>
				<api1:proRstInf>
					<api1:rstCd>0</api1:rstCd>
					<api1:lstUpdDtInf>
						<api1:rcNo>AA123456</api1:rcNo>
						<api1:lstUpdDt/>
					</api1:lstUpdDtInf>
					<api1:errCon>
						<api1:errCd>1011</api1:errCd>
						<api1:errMsg></api1:errMsg>
						<api1:rcNo>AA123456</api1:rcNo>
						<api1:addInf>未定
	要検討</api1:addInf>
					</api1:errCon>
				</api1:proRstInf>
				<api1:mtInf>
					<api1:fcTypCd>04</api1:fcTypCd>
					<api1:fcNm>寺井町九谷焼資料館</api1:fcNm>
					<api1:gdNm>神戸市内フリー観光</api1:gdNm>
					<api1:rvDspNm>タクシー3時間</api1:rvDspNm>
					<api1:plNm>【冬季限定】ANAプラン2</api1:plNm>
					<api1:plDsc>冬季限定のおすすめ企画です！</api1:plDsc>
					<api1:matCd>20</api1:matCd>
					<api1:majMatCd>02</api1:majMatCd>
					<api1:majMatNm>関西</api1:majMatNm>
					<api1:rgnCd>001</api1:rgnCd>
					<api1:rgnNm>道北</api1:rgnNm>
					<api1:araCd>189</api1:araCd>
					<api1:araNm>稚内</api1:araNm>
					<api1:cvsIssFlg>1</api1:cvsIssFlg>
					<api1:cvsIssPst>ANA国内線予約・案内センター</api1:cvsIssPst>
					<api1:tkPst>２Ｆ窓口</api1:tkPst>
					<api1:cpnIssFlg>1</api1:cpnIssFlg>
					<api1:ageLmtFlg>0</api1:ageLmtFlg>
					<api1:lieFlg>0</api1:lieFlg>
					<api1:kdsLieFlg>0</api1:kdsLieFlg>
					<api1:lieFeeStgFlg>0</api1:lieFeeStgFlg>
					<api1:chFeeStgFlg>0</api1:chFeeStgFlg>
					<api1:pbDd>3</api1:pbDd>
					<api1:pbTm>1500</api1:pbTm>
					<api1:cpcFrm>18</api1:cpcFrm>
					<api1:cpcTo>60</api1:cpcTo>
					<api1:ageLmtFrm>18</api1:ageLmtFrm>
					<api1:ageLmtTo>60</api1:ageLmtTo>
					<api1:sexLmt>2</api1:sexLmt>
					<api1:tmLmtFrm>2300</api1:tmLmtFrm>
					<api1:tmLmtTo>0500</api1:tmLmtTo>
					<api1:airBdDdUseFlg>1</api1:airBdDdUseFlg>
					<api1:stgStrYmd>20180401</api1:stgStrYmd>
					<api1:stgEndYmd>20180731</api1:stgEndYmd>
					<api1:salPhr>旭山動物園と富良野がセットになった魅力的なプラン</api1:salPhr>
					<api1:chgBrCd>TYA506</api1:chgBrCd>
					<api1:sal1>５名以上のグループでご予約のお客様はＡＮＡ　ＦＥＳＴＡお買物券をおひとり様につき１０００円分付き！</api1:sal1>
					<api1:sal2>関西エリアで楽しめる「スカイホリデーわくわくチケット」が追加代金１０００円でご利用可能！</api1:sal2>
					<api1:sal3>１４空港から選べるフライト！</api1:sal3>
					<api1:sal4>関西・中国・四国エリア充実のホテルライナップ！３００軒以上の宿泊施設からチョイス可能！</api1:sal4>
					<api1:depMtgPlc>0950</api1:depMtgPlc>
					<api1:feeSpp>(1)包括旅行割引運賃適用の航空運賃
	(2)国内線旅客施設使用料（対象空港利用時のみ）
	(3)規定の宿泊費・食事代</api1:feeSpp>
					<api1:mngCpm>ＡＮＡセールス</api1:mngCpm>
					<api1:lat/>
					<api1:lon/>
					<api1:stMtdCf>0</api1:stMtdCf>
					<api1:minRmSfc>3</api1:minRmSfc>
					<api1:mxmRmSfc>6</api1:mxmRmSfc>
					<api1:rmTypNm>和室</api1:rmTypNm>
					<api1:miNum>300</api1:miNum>
					<api1:useNum>8</api1:useNum>
					<api1:smCf>1</api1:smCf>
					<api1:carClsNm>Sクラス</api1:carClsNm>
					<api1:etcCf>1</api1:etcCf>
					<api1:navCf>1</api1:navCf>
					<api1:awdCf>1</api1:awdCf>
					<api1:petRdnCf>1</api1:petRdnCf>
					<api1:depTmFrm>1000</api1:depTmFrm>
					<api1:depTmTo>1030</api1:depTmTo>
					<api1:arrTmFrm>1200</api1:arrTmFrm>
					<api1:arrTmTo>1230</api1:arrTmTo>
					<api1:secFrm>10001</api1:secFrm>
					<api1:secTo>10005</api1:secTo>
					<api1:deppStppNm>★三十三間堂</api1:deppStppNm>
					<api1:deppRsrAccInf>大人600円 小人300円</api1:deppRsrAccInf>
					<api1:deppStppRsrInf>京都</api1:deppStppRsrInf>
					<api1:arrpStppNm>★三千院</api1:arrpStppNm>
					<api1:arrpRsrAccInf>一般 700円 中学生・高校生 400円</api1:arrpRsrAccInf>
					<api1:arrpStppRsrInf>大原</api1:arrpStppRsrInf>
					<api1:itnPhr>ガトーキングダムサッポロ▲(07:35)→札幌アスペンホテル▲(08:15)→センチュリーロイヤルホテル▲(08:20)→札幌全日空ホテル▲(08:30)→ニューオータニイン札幌▲(08:37)→札幌東急ＲＥＩホテル▲(08:50)→札幌エクセルホテル東急▲(09:00)→アートホテルズ札幌▲(09:05)→砂川ＳＡ→(11:20-11:30)【☆旭山動物園】{※６／２５－８／２１は見学時間が１２０分となります。}(13:40-13：50)→《パッチワークの路》→(15:50)【フラワーランドかみふらの】{※６／２５－８／２１はファーム富田見学（約６０分）}(17:00)→(18:20-19:30)札幌市内ホテル（※順不同）▼{アートホテルズ・札幌エクセル・東急ＲＥＩ・ニューオータニイン・札幌全日空 センチュリーロイヤル・札幌アスペン・ガトーキングダム}</api1:itnPhr>
					<api1:conToFcNo>399970</api1:conToFcNo>
					<api1:htlKdCd>31</api1:htlKdCd>
					<api1:plTagInf>
						<api1:plTagNm/>
						<api1:plTagCatNm/>
					</api1:plTagInf>
					<api1:useCndInf>
						<api1:useCndNm>小型1台（１－４名）</api1:useCndNm>
						<api1:useCndDt>添い寝のお子様の施設使用料は不要です。</api1:useCndDt>
						<api1:useNumUntCf>1</api1:useNumUntCf>
						<api1:dspUseCndUntNm>室</api1:dspUseCndUntNm>
						<api1:numFrm>4</api1:numFrm>
						<api1:numTo>5</api1:numTo>
					</api1:useCndInf>
					<api1:imgInf>
						<api1:imgKd>1</api1:imgKd>
						<api1:imgDtInf>
							<api1:imgDspPos>1</api1:imgDspPos>
							<api1:rpFlg>0</api1:rpFlg>
							<api1:imgOUrl>https://85ery2mn8pk3g63883igyf9w-wpengine.netdna-ssl.com/wp-content/uploads/2014/08/Dodge-Grand-Caravan-Wheelchair-Van-True-Blue-Pearl.jpg</api1:imgOUrl>
							<api1:imgLUrl>http://www.kmart.com.au/wcsstore/Kmart/images/ncatalog/tf/7/42342977-1-tf.jpg</api1:imgLUrl>
							<api1:imgMUrl>https://85ery2mn8pk3g63883igyf9w-wpengine.netdna-ssl.com/wp-content/uploads/2014/08/Dodge-Grand-Caravan-Wheelchair-Van-True-Blue-Pearl.jpg</api1:imgMUrl>
							<api1:imgSUrl>https://85ery2mn8pk3g63883igyf9w-wpengine.netdna-ssl.com/wp-content/uploads/2014/08/Dodge-Grand-Caravan-Wheelchair-Van-True-Blue-Pearl.jpg</api1:imgSUrl>
							<api1:imgCmt>宿泊部屋</api1:imgCmt>
						</api1:imgDtInf>
					</api1:imgInf>
					<api1:rvFbtInf>
						<api1:rvFbtCf>1</api1:rvFbtCf>
						<api1:msgConCf>0</api1:msgConCf>
						<api1:rvFbtFrm>20080521</api1:rvFbtFrm>
						<api1:rvFbtTo>20130101</api1:rvFbtTo>
						<api1:rvFbtRsn>露天風呂改装工事のためクローズ</api1:rvFbtRsn>
					</api1:rvFbtInf>
					<api1:gdCnlCmsRatInf>
						<api1:rcGdNo>1</api1:rcGdNo>
						<api1:gdKdCd>001</api1:gdKdCd>
						<api1:appStrDd>20180401</api1:appStrDd>
						<api1:appEndDd>20180930</api1:appEndDd>
						<api1:gdCnlCmsRatDtlInf>
							<api1:cmsRatSeq>001</api1:cmsRatSeq>
							<api1:strAppDdNum>999</api1:strAppDdNum>
							<api1:endAppDdNum>21</api1:endAppDdNum>
							<api1:cnlCmsRat>50</api1:cnlCmsRat>
						</api1:gdCnlCmsRatDtlInf>
					</api1:gdCnlCmsRatInf>
					<api1:arrCnlCmsInf>
						<api1:rcGdNo>1</api1:rcGdNo>
						<api1:cpCd>90044</api1:cpCd>
						<api1:fcCd>70</api1:fcCd>
						<api1:plCd>SA0101</api1:plCd>
						<api1:appStrDd>20180401</api1:appStrDd>
						<api1:appEndDd>20180930</api1:appEndDd>
						<api1:arrCnlCmsApNumInf>
							<api1:rvApNumFrm>3</api1:rvApNumFrm>
							<api1:rvApNumTo>5</api1:rvApNumTo>
							<api1:dspUseCndUntNm>室</api1:dspUseCndUntNm>
							<api1:clfRmk>取消パターン１の備考です</api1:clfRmk>
							<api1:arrCnlCmsDtlInf>
								<api1:cmsSeq>001</api1:cmsSeq>
								<api1:strAppDdNum>999</api1:strAppDdNum>
								<api1:endAppDdNum>21</api1:endAppDdNum>
								<api1:cnlCmsRat>20</api1:cnlCmsRat>
								<api1:cnlCmsAmt>500</api1:cnlCmsAmt>
							</api1:arrCnlCmsDtlInf>
						</api1:arrCnlCmsApNumInf>
					</api1:arrCnlCmsInf>
					<api1:fcAccInf>
						<api1:chkiStrTm>1530</api1:chkiStrTm>
						<api1:chkiLstTm>2200</api1:chkiLstTm>
						<api1:chkoLstTm>1030</api1:chkoLstTm>
						<api1:elyChkiCf>1</api1:elyChkiCf>
						<api1:elyChkiTm>1400</api1:elyChkiTm>
						<api1:elyChkiNmlTm>1600</api1:elyChkiNmlTm>
						<api1:elyChkiRmk>ネット限定のお得なプランです！</api1:elyChkiRmk>
						<api1:latChkoCf>1</api1:latChkoCf>
						<api1:latChkoTm>1200</api1:latChkoTm>
						<api1:latChkoNmlTm>1000</api1:latChkoNmlTm>
						<api1:latChkoRmk>ネット限定のお得なプランです！</api1:latChkoRmk>
						<api1:miNum>1000</api1:miNum>
						<api1:fcMiPyfMtd/>
						<api1:plMiPyfMtd/>
						<api1:puSvcEth/>
						<api1:puSvcRmk>送迎バス</api1:puSvcRmk>
						<api1:fcWlsLanConEth/>
						<api1:fcWirLanConEth/>
						<api1:pvdSvcRmk>コンシェリジュサービス</api1:pvdSvcRmk>
						<api1:dlvSvcEth/>
						<api1:rmSvcEth/>
						<api1:ldySvcEth/>
						<api1:cpySvcEth/>
						<api1:fcNetConEth/>
						<api1:netConCf/>
						<api1:faxSvcEth/>
						<api1:rmWlsLanCon/>
						<api1:rmWirLanCon/>
						<api1:smCf/>
						<api1:rmWarEth/>
						<api1:rmWarChEth/>
						<api1:rmWarAdEth/>
						<api1:busTltCf/>
						<api1:bhrEth/>
						<api1:dryEth/>
						<api1:shwTltEth/>
						<api1:rmNetConEth/>
					</api1:fcAccInf>
					<api1:ofInf>
						<api1:ofGpNm>東京</api1:ofGpNm>
						<api1:ofNm>羽田空港1</api1:ofNm>
						<api1:ofAraNm>京都1</api1:ofAraNm>
						<api1:ofTel>044-444-4444</api1:ofTel>
						<api1:drArNm>千歳空港</api1:drArNm>
						<api1:ofStrTrm>20180401</api1:ofStrTrm>
						<api1:ofEndTrm>20190331</api1:ofEndTrm>
						<api1:ofStrTm>1000</api1:ofStrTm>
						<api1:ofEndTm>2000</api1:ofEndTm>
						<api1:alCf>0</api1:alCf>
						<api1:narGid>ＪＲ新宿駅南口５分。</api1:narGid>
						<api1:ofFlg>1</api1:ofFlg>
						<api1:rmk>乗捨て不可。</api1:rmk>
					</api1:ofInf>
					<api1:ofInf>
						<api1:ofGpNm>東京</api1:ofGpNm>
						<api1:ofNm>羽田空港2</api1:ofNm>
						<api1:ofAraNm>京都2</api1:ofAraNm>
						<api1:ofTel>044-444-4444</api1:ofTel>
						<api1:drArNm>千歳空港</api1:drArNm>
						<api1:ofStrTrm>20180401</api1:ofStrTrm>
						<api1:ofEndTrm>20190331</api1:ofEndTrm>
						<api1:ofStrTm>1000</api1:ofStrTm>
						<api1:ofEndTm>2000</api1:ofEndTm>
						<api1:alCf>0</api1:alCf>
						<api1:narGid>ＪＲ新宿駅南口５分。</api1:narGid>
						<api1:ofFlg>1</api1:ofFlg>
						<api1:rmk>乗捨て不可。</api1:rmk>
					</api1:ofInf>
					<api1:alHtInf>
						<api1:ofGpNm>東京</api1:ofGpNm>
						<api1:alHtFcNm>リーガロイヤルホテル京都</api1:alHtFcNm>
						<api1:alHtAraNm>京都1</api1:alHtAraNm>
						<api1:drArNm>大原</api1:drArNm>
						<api1:alHtStrTrm>20160401</api1:alHtStrTrm>
						<api1:alHtEndTrm>20190331</api1:alHtEndTrm>
						<api1:alHtStrTm>3000</api1:alHtStrTm>
						<api1:alHtEndTm>2000</api1:alHtEndTm>
						<api1:alHtAlCf>1</api1:alHtAlCf>
						<api1:alHtTaxCf>1</api1:alHtTaxCf>
						<api1:alHtAlSalAmt>0</api1:alHtAlSalAmt>
						<api1:alHtRmk>京都センター営業所までの配返車（宿泊者限定）</api1:alHtRmk>
					</api1:alHtInf>
					<api1:alHtInf>
						<api1:ofGpNm>東京</api1:ofGpNm>
						<api1:alHtFcNm>リーガロイヤルホテル京都</api1:alHtFcNm>
						<api1:alHtAraNm>京都2</api1:alHtAraNm>
						<api1:drArNm>大原</api1:drArNm>
						<api1:alHtStrTrm>20180401</api1:alHtStrTrm>
						<api1:alHtEndTrm>20190331</api1:alHtEndTrm>
						<api1:alHtStrTm>1000</api1:alHtStrTm>
						<api1:alHtEndTm>2000</api1:alHtEndTm>
						<api1:alHtAlCf>1</api1:alHtAlCf>
						<api1:alHtTaxCf>1</api1:alHtTaxCf>
						<api1:alHtAlSalAmt>0</api1:alHtAlSalAmt>
						<api1:alHtRmk>京都センター営業所までの配返車（宿泊者限定）</api1:alHtRmk>
					</api1:alHtInf>
					<api1:mealCndInf>
						<api1:cndNo>1</api1:cndNo>
						<api1:cndNm>夕食</api1:cndNm>
						<api1:cndOthCon/>
						<api1:rstFlg>1</api1:rstFlg>
						<api1:rmMealFlg>1</api1:rmMealFlg>
						<api1:bnqFlg>1</api1:bnqFlg>
						<api1:prvRmBnqFlg>1</api1:prvRmBnqFlg>
						<api1:grdFlg>1</api1:grdFlg>
						<api1:othMealPlcFlg>1</api1:othMealPlcFlg>
						<api1:othMealPlcCon>屋外</api1:othMealPlcCon>
						<api1:bftFlg>1</api1:bftFlg>
						<api1:setMnuFlg>1</api1:setMnuFlg>
						<api1:bbqFlg>1</api1:bbqFlg>
						<api1:dnnFlg>1</api1:dnnFlg>
						<api1:othDshStlFlg>1</api1:othDshStlFlg>
						<api1:othDshStlCon>立食</api1:othDshStlCon>
						<api1:jfdFlg>1</api1:jfdFlg>
						<api1:wmlFlg>1</api1:wmlFlg>
						<api1:chnFlg>1</api1:chnFlg>
						<api1:itlFlg>1</api1:itlFlg>
						<api1:frnFlg>1</api1:frnFlg>
						<api1:lclFlg>1</api1:lclFlg>
						<api1:othDshCfFlg>1</api1:othDshCfFlg>
						<api1:othDshCfCon>無国籍</api1:othDshCfCon>
					</api1:mealCndInf>
					<api1:narStaInf>
						<api1:narStaNo>3</api1:narStaNo>
						<api1:narStaTrnfNm>JR</api1:narStaTrnfNm>
						<api1:narStaRutNm>101番</api1:narStaRutNm>
						<api1:narStaNm>JR紀伊勝浦駅</api1:narStaNm>
						<api1:narStaMvgMenCf>0</api1:narStaMvgMenCf>
						<api1:rqdTm>1</api1:rqdTm>
					</api1:narStaInf>
				</api1:mtInf>
			</api1:IFASW008IRes>
			</api:sb0040aResponse>
		</soapenv:Body>
</soapenv:Envelope>
