{
  "db_version_time": "20160401100000",
  "response": {
    "region_list": [
      {
        "region_cd": "029",
        "area_list": [
          {
            "area_cd": "187"
          },
          {
            "area_cd": "188"
          },
          {
            "area_cd": "189"
          },
          {
            "area_cd": "190"
          },
          {
            "area_cd": "191"
          }
        ],
        "price_from": 0,
        "price_to": 0,
        "count": 0
      },
      {
        "region_cd": "030",
        "area_list": [
          {
            "area_cd": "192"
          },
          {
            "area_cd": "193"
          },
          {
            "area_cd": "194"
          },
          {
            "area_cd": "195"
          },
          {
            "area_cd": "196"
          },
          {
            "area_cd": "197"
          }
        ],
        "price_from": 0,
        "price_to": 5000000,
        "count": 5
      },

      {
        "region_cd": "031",
        "area_list": [
          {
            "area_cd": "198"
          },
          {
            "area_cd": "199"
          },
          {
            "area_cd": "200"
          }
        ],
        "price_from": 5000000,
        "price_to": 5000000,
        "count": 5
      }
    ]
  }
}