{
  "db_version_time": "20160401100000",
  "response": {
    "count": 5,
    "total_pages": 10,
    "display_range_from": 5,
    "display_range_to": 5,
    "office": {
      "copt_cd": "00001",
      "facl_cd": "00",
      "abandon_area_cd": "001",
      "office_no": 82,
      "car_company_cd": "NIPPON",
      "office_nam": "\u548C\u5009\u6E29\u6CC9",
      "facl_nam": "\u30CB\u30C3\u30DD\u30F3\u30EC\u30F3\u30BF\u30AB\u30FC\u3000\u5317\u9678",
      "adrs": "\u548C\u6B4C\u5C71\u5E02\u6BDB\u898B\uFF11\uFF15\uFF12\uFF17\u756A\u5730",
      "nearest_guide": "\u30B5\u30F3\u30D7\u30EB\u99C5\u6771\u53E3\u3059\u3050",
      "latitude": "111.111111",
      "longitude": "40.222222"
    },
    "plan_list": [
      {
        "cart_key_option": "OOOOOOOOOOOOOOOOOOOO",
        "plan_cd": "000000",
        "product_cd": "00",
        "stock_limits_no": "#001",
        "plan_image": {
          "pic_url_s": "/csm/resources/image/car_sample.png",
          "pic_url_m": "/csm/resources/image/car_sample.png",
          "pic_url_l": "/csm/resources/image/car_sample.png",
          "pic_url_o": "/csm/resources/image/car_sample.png",
          "pic_nam": "\u25EF\u25EF\u306E\u9593 \u30C0\u30A4\u30CB\u30F3\u30B0\u30B9\u30DA\u30FC\u30B9",
          "pic_comment": "\u753B\u50CF\u306E\u30B3\u30E1\u30F3\u30C8\u3067\u3059"
        },
        "car_class_cd": "01",
        "car_class_nam": "S",
        "num_p_from": 1,
        "num_p_to": 1,
        "for_rsv_nam": "\u7981\u7159\u3000\u6D0B\u5BA4\uFF081\u540D\uFF09\u3000\u30B7\u30F3\u30B0\u30EB",
        "plan_nam": "\u5C02\u7528\u67A0\u30D1\u30C3\u30B1\u30FC\u30B8\u30AA\u30D7\u30B7\u30E7\u30F3\u30D7\u30E9\u30F3",
        "ret_hotel_note": "\u8FD4\u8ECA\u30DB\u30C6\u30EB\u5099\u8003",
        "use_qtty": 24,
        "icon_flgs": {
          "smoking_cf": "1",
          "etc_cf": "1",
          "navi_cf": "1"
        },
        "recommended_flg": "1",
        "use_pre_req_no": "001",
        "use_pre_req_unit": "1",
        "use_pre_req_nam": "\uFF11\u540D\uFF11\u5BA4",
        "disp_use_req_unit_nam": "\u5BA4",
        "settle_way_cf": "0",
        "cvs_isst_eith": "1",
        "basic_price": 5000000,
        "abandon_price": 5000000,
        "ret_hotel_price": 5000000,
        "return_location": {
          "copt_cd": "00001",
          "facl_cd": "00",
          "all_ret_copt_cd": "00003",
          "all_ret_facl_cd": "01",
          "abandon_area_cd": "001",
          "office_no": 82,
          "office_nam": "\u548C\u5009\u6E29\u6CC9",
          "facl_nam": "\u30CB\u30C3\u30DD\u30F3\u30EC\u30F3\u30BF\u30AB\u30FC\u3000\u5317\u9678"
        },
        "stock": 5
      },
      {
        "cart_key_option": "OOOOOOOOOOOOOOOOOOOO",
        "plan_cd": "000000",
        "product_cd": "00",
        "stock_limits_no": "#001",
        "plan_image": {
          "pic_url_s": "http://www.domain.com/path/to/contents",
          "pic_url_m": "http://www.domain.com/path/to/contents",
          "pic_url_l": "http://www.domain.com/path/to/contents",
          "pic_url_o": "http://www.domain.com/path/to/contents",
          "pic_nam": "\u25EF\u25EF\u306E\u9593 \u30C0\u30A4\u30CB\u30F3\u30B0\u30B9\u30DA\u30FC\u30B9",
          "pic_comment": "\u753B\u50CF\u306E\u30B3\u30E1\u30F3\u30C8\u3067\u3059"
        },
        "car_class_cd": "01",
        "car_class_nam": "S",
        "num_p_from": 1,
        "num_p_to": 1,
        "for_rsv_nam": "\u7981\u7159\u3000\u6D0B\u5BA4\uFF081\u540D\uFF09\u3000\u30B7\u30F3\u30B0\u30EB",
        "plan_nam": "\u5C02\u7528\u67A0\u30D1\u30C3\u30B1\u30FC\u30B8\u30AA\u30D7\u30B7\u30E7\u30F3\u30D7\u30E9\u30F3",
        "ret_hotel_note": "\u8FD4\u8ECA\u30DB\u30C6\u30EB\u5099\u8003",
        "use_qtty": 24,
        "icon_flgs": {
          "smoking_cf": "2",
          "etc_cf": "1",
          "navi_cf": "1"
        },
        "recommended_flg": "1",
        "use_pre_req_no": "001",
        "use_pre_req_unit": "1",
        "use_pre_req_nam": "\uFF11\u540D\uFF11\u5BA4",
        "disp_use_req_unit_nam": "\u5BA4",
        "settle_way_cf": "0",
        "cvs_isst_eith": "1",
        "basic_price": 5000000,
        "abandon_price": 5000000,
        "ret_hotel_price": 5000000,
        "return_location": {
          "copt_cd": "00001",
          "facl_cd": "00",
          "all_ret_copt_cd": "00003",
          "all_ret_facl_cd": "01",
          "abandon_area_cd": "001",
          "office_no": 82,
          "office_nam": "\u548C\u5009\u6E29\u6CC9",
          "facl_nam": "\u30CB\u30C3\u30DD\u30F3\u30EC\u30F3\u30BF\u30AB\u30FC\u3000\u5317\u9678"
        },
        "stock": 5
      },
      {
        "cart_key_option": "OOOOOOOOOOOOOOOOOOOO",
        "plan_cd": "000000",
        "product_cd": "00",
        "stock_limits_no": "#001",
        "plan_image": {
          "pic_url_s": "http://www.domain.com/path/to/contents",
          "pic_url_m": "http://www.domain.com/path/to/contents",
          "pic_url_l": "http://www.domain.com/path/to/contents",
          "pic_url_o": "http://www.domain.com/path/to/contents",
          "pic_nam": "\u25EF\u25EF\u306E\u9593 \u30C0\u30A4\u30CB\u30F3\u30B0\u30B9\u30DA\u30FC\u30B9",
          "pic_comment": "\u753B\u50CF\u306E\u30B3\u30E1\u30F3\u30C8\u3067\u3059"
        },
        "car_class_cd": "01",
        "car_class_nam": "S",
        "num_p_from": 1,
        "num_p_to": 1,
        "for_rsv_nam": "\u7981\u7159\u3000\u6D0B\u5BA4\uFF081\u540D\uFF09\u3000\u30B7\u30F3\u30B0\u30EB",
        "plan_nam": "\u5C02\u7528\u67A0\u30D1\u30C3\u30B1\u30FC\u30B8\u30AA\u30D7\u30B7\u30E7\u30F3\u30D7\u30E9\u30F3",
        "ret_hotel_note": "\u8FD4\u8ECA\u30DB\u30C6\u30EB\u5099\u8003",
        "use_qtty": 24,
        "icon_flgs": {
          "smoking_cf": "2",
          "etc_cf": "1",
          "navi_cf": "1"
        },
        "recommended_flg": "1",
        "use_pre_req_no": "001",
        "use_pre_req_unit": "1",
        "use_pre_req_nam": "\uFF11\u540D\uFF11\u5BA4",
        "disp_use_req_unit_nam": "\u5BA4",
        "settle_way_cf": "0",
        "cvs_isst_eith": "1",
        "basic_price": 5000000,
        "abandon_price": 5000000,
        "ret_hotel_price": 5000000,
        "return_location": {
          "copt_cd": "00001",
          "facl_cd": "00",
          "all_ret_copt_cd": "00003",
          "all_ret_facl_cd": "01",
          "abandon_area_cd": "001",
          "office_no": 82,
          "office_nam": "\u548C\u5009\u6E29\u6CC9",
          "facl_nam": "\u30CB\u30C3\u30DD\u30F3\u30EC\u30F3\u30BF\u30AB\u30FC\u3000\u5317\u9678"
        },
        "stock": 5
      }
    ]
  }
}