{
  "db_version_time": "20160401100000",
  "response": {
    "total_price": 5000000,
    "hotels": [
      {
        "key": "OOOOOOOOOOOOOOOOOOOO",
        "check_in_date": "20160101",
        "check_out_date": "20160105",
        "kind_type_list": [
          {
            "kind_type_cd": "1",
            "price": 50000
          }
        ]
      }
    ],
    "cars": [
      {
        "key": "OOOOOOOOOOOOOOOOOOOO",
        "car_abandon_chrg": 1000,
        "price": 10000,
        "fix_list": [
          {
            "key": "OOOOOOOOOOOOOOOOOOOO",
            "stock_limits_nam": "ベビーシート",
            "price": 0
          }
        ]
      }
    ],
    "options": [
      {
        "key": "OOOOOOOOOOOOOOOOOOOO",
        "kind_type_list": [
          {
            "kind_type_cd": "001",
            "price": 1000
          }
        ]
      }
    ],
    "rsv_forbid_list": [
      {
        "copt_cd": "00000",
        "facl_cd": "00",
        "rsv_frbt_term_no": "00001",
        "rsv_frbt_cf": "2",
        "plan_cd": "000000",
        "stock_limits_no": "0000",
        "msg_cont_flg": "0",
        "setu_term_flg": "1",
        "rsv_frbt_from": "20160101",
        "rsv_frbt_to": "20161231",
        "obj_day_mon": "1",
        "obj_day_tue": "1",
        "obj_day_wed": "1",
        "obj_day_thu": "1",
        "obj_day_fri": "1",
        "obj_day_sat": "1",
        "obj_day_sun": "1",
        "reason_rsv_frbt": "注意文言本文です。",
        "dsp_lvl": "0"
      }
    ]
  }
}