{
  "db_version_time": "20160401100000",
  "response": {
    "count": 5,
    "total_pages": 10,
    "display_range_from": 5,
    "display_range_to": 5,
    "office_list": [
      {
        "copt_cd": "00001",
        "facl_cd": "00",
        "abandon_area_cd": "001",
        "office_no": 82,
        "car_company_cd": "NIPPON",
        "office_nam": "和倉温泉",
        "facl_nam": "ニッポンレンタカー　北陸",
        "adrs": "和歌山市毛見１５２７番地",
        "nearest_guide": "サンプル駅東口すぐ",
        "latitude": "35.7100627",
        "longitude": "139.8107004",
        "plan_list": [
          {
            "cart_key_option": "OOOOOOOOOOOOOOOOOOOO",
            "plan_cd": "000000",
            "product_cd": "00",
            "stock_limits_no": "#001",
            "plan_image": {
              "pic_url_s": "/csm/resources/image/car_sample.png",
              "pic_url_m": "/csm/resources/image/car_sample.png",
              "pic_url_l": "/csm/resources/image/car_sample.png",
              "pic_url_o": "/csm/resources/image/car_sample.png",
              "pic_nam": "◯◯の間 ダイニングスペース",
              "pic_comment": "画像のコメントです"
            },
            "car_class_cd": "01",
            "car_class_nam": "S",
            "num_p_from": 1,
            "num_p_to": 1,
            "for_rsv_nam": "禁煙　洋室（1名）　シングル",
            "plan_nam": "専用枠パッケージオプションプラン",
            "ret_hotel_note": "返車ホテル備考",
            "use_qtty": 24,
            "icon_flgs": {
              "smoking_cf": "2",
              "etc_cf": "1",
              "navi_cf": "1"
            },
            "recommended_flg": "1",
            "use_pre_req_no": "001",
            "use_pre_req_unit": "1",
            "use_pre_req_nam": "１名１室",
            "disp_use_req_unit_nam": "室",
            "settle_way_cf": "0",
            "cvs_isst_eith": "1",
            "basic_price": 5000000,
            "abandon_price": 5000000,
            "ret_hotel_price": 5000000,
            "return_location": {
              "copt_cd": "00001",
              "facl_cd": "00",
              "all_ret_copt_cd": "00003",
              "all_ret_facl_cd": "01",
              "abandon_area_cd": "001",
              "office_no": 82,
              "office_nam": "和倉温泉",
              "facl_nam": "ニッポンレンタカー　北陸"
            },
            "stock": 5
          },
          {
            "cart_key_option": "OOOOOOOOOOOOOOOOOOOO",
            "plan_cd": "000000",
            "product_cd": "00",
            "stock_limits_no": "#001",
            "plan_image": {
              "pic_url_s": "http://www.domain.com/path/to/contents",
              "pic_url_m": "http://www.domain.com/path/to/contents",
              "pic_url_l": "http://www.domain.com/path/to/contents",
              "pic_url_o": "http://www.domain.com/path/to/contents",
              "pic_nam": "◯◯の間 ダイニングスペース",
              "pic_comment": "画像のコメントです"
            },
            "car_class_cd": "01",
            "car_class_nam": "S",
            "num_p_from": 1,
            "num_p_to": 1,
            "for_rsv_nam": "禁煙　洋室（1名）　シングル",
            "plan_nam": "専用枠パッケージオプションプラン",
            "ret_hotel_note": "返車ホテル備考",
            "use_qtty": 24,
            "icon_flgs": {
              "smoking_cf": "2",
              "etc_cf": "1",
              "navi_cf": "1"
            },
            "recommended_flg": "1",
            "use_pre_req_no": "001",
            "use_pre_req_unit": "1",
            "use_pre_req_nam": "１名１室",
            "disp_use_req_unit_nam": "室",
            "settle_way_cf": "0",
            "cvs_isst_eith": "1",
            "basic_price": 5000000,
            "abandon_price": 5000000,
            "ret_hotel_price": 5000000,
            "return_location": {
              "copt_cd": "00001",
              "facl_cd": "00",
              "all_ret_copt_cd": "00003",
              "all_ret_facl_cd": "01",
              "abandon_area_cd": "001",
              "office_no": 82,
              "office_nam": "和倉温泉",
              "facl_nam": "ニッポンレンタカー　北陸"
            },
            "stock": 5
          },
          {
            "cart_key_option": "OOOOOOOOOOOOOOOOOOOO",
            "plan_cd": "000000",
            "product_cd": "00",
            "stock_limits_no": "#001",
            "plan_image": {
              "pic_url_s": "http://www.domain.com/path/to/contents",
              "pic_url_m": "http://www.domain.com/path/to/contents",
              "pic_url_l": "http://www.domain.com/path/to/contents",
              "pic_url_o": "http://www.domain.com/path/to/contents",
              "pic_nam": "◯◯の間 ダイニングスペース",
              "pic_comment": "画像のコメントです"
            },
            "car_class_cd": "01",
            "car_class_nam": "S",
            "num_p_from": 1,
            "num_p_to": 1,
            "for_rsv_nam": "禁煙　洋室（1名）　シングル",
            "plan_nam": "専用枠パッケージオプションプラン",
            "ret_hotel_note": "返車ホテル備考",
            "use_qtty": 24,
            "icon_flgs": {
              "smoking_cf": "2",
              "etc_cf": "1",
              "navi_cf": "1"
            },
            "recommended_flg": "1",
            "use_pre_req_no": "001",
            "use_pre_req_unit": "1",
            "use_pre_req_nam": "１名１室",
            "disp_use_req_unit_nam": "室",
            "settle_way_cf": "0",
            "cvs_isst_eith": "1",
            "basic_price": 5000000,
            "abandon_price": 5000000,
            "ret_hotel_price": 5000000,
            "return_location": {
              "copt_cd": "00001",
              "facl_cd": "00",
              "all_ret_copt_cd": "00003",
              "all_ret_facl_cd": "01",
              "abandon_area_cd": "001",
              "office_no": 82,
              "office_nam": "和倉温泉",
              "facl_nam": "ニッポンレンタカー　北陸"
            },
            "stock": 5
          }
        ]
      }
    ]
  }
}