{
  "db_version_time": "20180806161500",
  "response": {
    "itin_days": 4,
    "max_days": 4,
    "net_app_from_dd": 8,
    "net_app_to_dd": 8,
    "net_app_from_dt": "0000",
    "net_app_to_dt": "1700",
    "maj_mat_list": [{
      "maj_mat_cd": "02",
      "maj_mat_nam": "北海道",
      "region_list": [{
        "region_cd": "001",
        "region_nam": "札幌・定山渓",
        "area_list": [{
          "area_cd": "001",
          "area_nam": "札幌（札幌駅周辺）"
        }, {
          "area_cd": "002",
          "area_nam": "札幌（大通公園周辺）"
        }, {
          "area_cd": "003",
          "area_nam": "札幌（すすきの周辺）"
        }, {
          "area_cd": "004",
          "area_nam": "札幌（中島公園周辺）"
        }, {
          "area_cd": "005",
          "area_nam": "札幌（西１１丁目周辺）"
        }, {
          "area_cd": "007",
          "area_nam": "札幌（新札幌周辺）"
        }, {
          "area_cd": "008",
          "area_nam": "札幌（茨戸周辺）"
        }, {
          "area_cd": "009",
          "area_nam": "札幌（北広島）"
        }, {
          "area_cd": "010",
          "area_nam": "札幌（その他）"
        }, {
          "area_cd": "011",
          "area_nam": "定山渓"
        }]
      }, {
        "region_cd": "002",
        "region_nam": "千歳・支笏湖・苫小牧・夕張",
        "area_list": [{
          "area_cd": "012",
          "area_nam": "千歳"
        }, {
          "area_cd": "013",
          "area_nam": "苫小牧"
        }, {
          "area_cd": "014",
          "area_nam": "支笏湖"
        }]
      }, {
        "region_cd": "003",
        "region_nam": "小樽・朝里川・キロロ",
        "area_list": [{
          "area_cd": "016",
          "area_nam": "小樽"
        }, {
          "area_cd": "018",
          "area_nam": "朝里川"
        }, {
          "area_cd": "019",
          "area_nam": "キロロ"
        }]
      }, {
        "region_cd": "004",
        "region_nam": "旭川・層雲峡・旭岳",
        "area_list": [{
          "area_cd": "020",
          "area_nam": "旭川"
        }, {
          "area_cd": "021",
          "area_nam": "層雲峡"
        }, {
          "area_cd": "022",
          "area_nam": "天人峡"
        }, {
          "area_cd": "023",
          "area_nam": "旭岳"
        }]
      }, {
        "region_cd": "005",
        "region_nam": "富良野・美瑛・トマム",
        "area_list": [{
          "area_cd": "026",
          "area_nam": "富良野"
        }, {
          "area_cd": "028",
          "area_nam": "トマム"
        }, {
          "area_cd": "029",
          "area_nam": "白金温泉・その他"
        }]
      }, {
        "region_cd": "006",
        "region_nam": "帯広・十勝川・然別湖・サホロ",
        "area_list": [{
          "area_cd": "030",
          "area_nam": "然別湖"
        }, {
          "area_cd": "031",
          "area_nam": "サホロ"
        }, {
          "area_cd": "033",
          "area_nam": "帯広"
        }, {
          "area_cd": "034",
          "area_nam": "十勝川"
        }]
      }, {
        "region_cd": "007",
        "region_nam": "ニセコ・ルスツ",
        "area_list": [{
          "area_cd": "035",
          "area_nam": "ニセコ"
        }, {
          "area_cd": "036",
          "area_nam": "ルスツ"
        }, {
          "area_cd": "037",
          "area_nam": "岩内・その他"
        }]
      }, {
        "region_cd": "008",
        "region_nam": "洞爺湖・登別",
        "area_list": [{
          "area_cd": "038",
          "area_nam": "洞爺湖"
        }, {
          "area_cd": "039",
          "area_nam": "登別"
        }]
      }, {
        "region_cd": "009",
        "region_nam": "函館・湯の川・大沼",
        "area_list": [{
          "area_cd": "043",
          "area_nam": "函館"
        }, {
          "area_cd": "044",
          "area_nam": "大沼"
        }, {
          "area_cd": "045",
          "area_nam": "湯の川"
        }]
      }, {
        "region_cd": "010",
        "region_nam": "網走・知床・北見・紋別",
        "area_list": [{
          "area_cd": "048",
          "area_nam": "知床（ウトロ・羅臼）"
        }, {
          "area_cd": "049",
          "area_nam": "網走"
        }, {
          "area_cd": "051",
          "area_nam": "温根湯"
        }, {
          "area_cd": "052",
          "area_nam": "サロマ湖"
        }, {
          "area_cd": "053",
          "area_nam": "紋別"
        }, {
          "area_cd": "054",
          "area_nam": "北見"
        }]
      }, {
        "region_cd": "011",
        "region_nam": "釧路・阿寒湖・中標津・根室・屈斜路・川湯",
        "area_list": [{
          "area_cd": "055",
          "area_nam": "釧路"
        }, {
          "area_cd": "056",
          "area_nam": "阿寒湖"
        }, {
          "area_cd": "057",
          "area_nam": "川湯"
        }, {
          "area_cd": "058",
          "area_nam": "根室"
        }, {
          "area_cd": "060",
          "area_nam": "標津・中標津"
        }]
      }, {
        "region_cd": "012",
        "region_nam": "稚内・利尻・礼文・豊富",
        "area_list": [{
          "area_cd": "062",
          "area_nam": "稚内"
        }, {
          "area_cd": "065",
          "area_nam": "豊富"
        }]
      }]
    }, {
      "maj_mat_cd": "15",
      "maj_mat_nam": "東海",
      "region_list": [{
        "region_cd": "801",
        "region_nam": "愛知県",
        "area_list": [{
          "area_cd": "807",
          "area_nam": "中部国際空港（常滑）"
        }]
      }]
    }],
    "syo_air_itin_list": [{
      "airp_nam": "中部国際",
      "itin_kind": "2",
      "rel_use_dd": 1,
      "dep_airp_cd": "NGO",
      "flight_kind": "1",
      "air_route_list": [{
        "route_key": "003::NGO::CTS::::::KUH",
        "arr_airp_cd": "KUH",
        "arr_airp_nam": "釧路",
        "via_1_airp_cd": "CTS",
        "via_2_airp_cd": null,
        "via_3_airp_cd": null,
        "via_1_airp_nam": "新千歳",
        "via_2_airp_nam": null,
        "via_3_airp_nam": null
      }, {
        "route_key": "003::NGO::CTS::::::SHB",
        "arr_airp_cd": "SHB",
        "arr_airp_nam": "中標津",
        "via_1_airp_cd": "CTS",
        "via_2_airp_cd": null,
        "via_3_airp_cd": null,
        "via_1_airp_nam": "新千歳",
        "via_2_airp_nam": null,
        "via_3_airp_nam": null
      }, {
        "route_key": "003::NGO::CTS::::::WKJ",
        "arr_airp_cd": "WKJ",
        "arr_airp_nam": "稚内",
        "via_1_airp_cd": "CTS",
        "via_2_airp_cd": null,
        "via_3_airp_cd": null,
        "via_1_airp_nam": "新千歳",
        "via_2_airp_nam": null,
        "via_3_airp_nam": null
      }, {
        "route_key": "003::NGO::::::::AKJ",
        "arr_airp_cd": "AKJ",
        "arr_airp_nam": "旭川",
        "via_1_airp_cd": null,
        "via_2_airp_cd": null,
        "via_3_airp_cd": null,
        "via_1_airp_nam": null,
        "via_2_airp_nam": null,
        "via_3_airp_nam": null
      }, {
        "route_key": "003::NGO::::::::MMB",
        "arr_airp_cd": "MMB",
        "arr_airp_nam": "女満別",
        "via_1_airp_cd": null,
        "via_2_airp_cd": null,
        "via_3_airp_cd": null,
        "via_1_airp_nam": null,
        "via_2_airp_nam": null,
        "via_3_airp_nam": null
      }, {
        "route_key": "003::NGO::::::::CTS",
        "arr_airp_cd": "CTS",
        "arr_airp_nam": "新千歳",
        "via_1_airp_cd": null,
        "via_2_airp_cd": null,
        "via_3_airp_cd": null,
        "via_1_airp_nam": null,
        "via_2_airp_nam": null,
        "via_3_airp_nam": null
      }, {
        "route_key": "003::NGO::::::::HKD",
        "arr_airp_cd": "HKD",
        "arr_airp_nam": "函館",
        "via_1_airp_cd": null,
        "via_2_airp_cd": null,
        "via_3_airp_cd": null,
        "via_1_airp_nam": null,
        "via_2_airp_nam": null,
        "via_3_airp_nam": null
      }]
    }, {
      "airp_nam": "旭川",
      "itin_kind": "2",
      "rel_use_dd": 4,
      "dep_airp_cd": "AKJ",
      "flight_kind": "3",
      "air_route_list": [{
        "route_key": "003::AKJ::::::::NGO",
        "arr_airp_cd": "NGO",
        "arr_airp_nam": "中部国際",
        "via_1_airp_cd": null,
        "via_2_airp_cd": null,
        "via_3_airp_cd": null,
        "via_1_airp_nam": null,
        "via_2_airp_nam": null,
        "via_3_airp_nam": null
      }]
    }, {
      "airp_nam": "新千歳",
      "itin_kind": "2",
      "rel_use_dd": 4,
      "dep_airp_cd": "CTS",
      "flight_kind": "3",
      "air_route_list": [{
        "route_key": "003::CTS::::::::NGO",
        "arr_airp_cd": "NGO",
        "arr_airp_nam": "中部国際",
        "via_1_airp_cd": null,
        "via_2_airp_cd": null,
        "via_3_airp_cd": null,
        "via_1_airp_nam": null,
        "via_2_airp_nam": null,
        "via_3_airp_nam": null
      }]
    }, {
      "airp_nam": "函館",
      "itin_kind": "2",
      "rel_use_dd": 4,
      "dep_airp_cd": "HKD",
      "flight_kind": "3",
      "air_route_list": [{
        "route_key": "003::HKD::::::::NGO",
        "arr_airp_cd": "NGO",
        "arr_airp_nam": "中部国際",
        "via_1_airp_cd": null,
        "via_2_airp_cd": null,
        "via_3_airp_cd": null,
        "via_1_airp_nam": null,
        "via_2_airp_nam": null,
        "via_3_airp_nam": null
      }]
    }, {
      "airp_nam": "釧路",
      "itin_kind": "2",
      "rel_use_dd": 4,
      "dep_airp_cd": "KUH",
      "flight_kind": "3",
      "air_route_list": [{
        "route_key": "003::KUH::CTS::::::NGO",
        "arr_airp_cd": "NGO",
        "arr_airp_nam": "中部国際",
        "via_1_airp_cd": "CTS",
        "via_2_airp_cd": null,
        "via_3_airp_cd": null,
        "via_1_airp_nam": "新千歳",
        "via_2_airp_nam": null,
        "via_3_airp_nam": null
      }]
    }, {
      "airp_nam": "女満別",
      "itin_kind": "2",
      "rel_use_dd": 4,
      "dep_airp_cd": "MMB",
      "flight_kind": "3",
      "air_route_list": [{
        "route_key": "003::MMB::::::::NGO",
        "arr_airp_cd": "NGO",
        "arr_airp_nam": "中部国際",
        "via_1_airp_cd": null,
        "via_2_airp_cd": null,
        "via_3_airp_cd": null,
        "via_1_airp_nam": null,
        "via_2_airp_nam": null,
        "via_3_airp_nam": null
      }]
    }, {
      "airp_nam": "中標津",
      "itin_kind": "2",
      "rel_use_dd": 4,
      "dep_airp_cd": "SHB",
      "flight_kind": "3",
      "air_route_list": [{
        "route_key": "003::SHB::CTS::::::NGO",
        "arr_airp_cd": "NGO",
        "arr_airp_nam": "中部国際",
        "via_1_airp_cd": "CTS",
        "via_2_airp_cd": null,
        "via_3_airp_cd": null,
        "via_1_airp_nam": "新千歳",
        "via_2_airp_nam": null,
        "via_3_airp_nam": null
      }]
    }, {
      "airp_nam": "稚内",
      "itin_kind": "2",
      "rel_use_dd": 4,
      "dep_airp_cd": "WKJ",
      "flight_kind": "3",
      "air_route_list": [{
        "route_key": "003::WKJ::CTS::::::NGO",
        "arr_airp_cd": "NGO",
        "arr_airp_nam": "中部国際",
        "via_1_airp_cd": "CTS",
        "via_2_airp_cd": null,
        "via_3_airp_cd": null,
        "via_1_airp_nam": "新千歳",
        "via_2_airp_nam": null,
        "via_3_airp_nam": null
      }]
    }],
    "syo_hotel_itin_list": [{
      "rel_use_dd": 1,
      "itin_kind": "2",
      "use_n_times": 1
    }, {
      "rel_use_dd": 2,
      "itin_kind": "2",
      "use_n_times": 1
    }, {
      "rel_use_dd": 3,
      "itin_kind": "2",
      "use_n_times": 1
    }],
    "indispensible_itin_list": [{
      "folder_kind":0,
      "rel_use_dd":0,
      "auto_flg":0,
      "itin_kind":0,
      "folder_no":999,
      "folder_nam":"ABC",
      "folder_comment":"あい
      うえお",
      "use_n_times":999,
      "material_use_n_times_total":9999
    }],
    "conditional_indispensible_itin_list": [{
      "folder_kind": "2",
      "rel_use_dd": 1,
      "itin_kind": "3",
      "folder_no": "010",
      "folder_nam": "小松空港駐車場利用サービス券",
      "folder_comment": "※小松空港発752・754便ご利用者限定",
      "cond_appl_cf": "03",
      "cond_airp_list": null,
      "cond_route_list": null,
      "cond_pax": null,
      "cond_kind_type_list": null,
      "cond_flight_list": [{
        "flight": "0752",
        "carrier": "NH"
      }, {
        "flight": "0754",
        "carrier": "NH"
      }],
      "cond_itin_days": null,
      "cond_term_list": null,
      "cond_rsv_limits": null,
      "cond_hotel_list": null
    }],
    "optional_itin_list": [{
      "folder_kind": "2",
      "rel_use_dd": 1,
      "itin_kind": "1",
      "folder_no": "009",
      "folder_nam": "スカイホリデーわくわくチケット",
      "folder_comment": null,
      "use_n_times": 1
    }],
    "indispensible_item_list": null,
    "optional_item_info": {
      "pkg_ext_facl_type_list": ["00", "01", "02", "04", "05", "06", "07", "10"],
      "itin_kind": "1"
    },
    "cond_appl_flg": "1",
    "back_extendible_flg": "0",
    "chrg_appl_kind_info": {
      "chrg_appl_kind": "1",
      "appl_std_use_dd": null,
      "disp_nam_info": null
    }
  }
}
