{
  "db_version_time": "20160401100000",
  "response": {
    "count": 11,
    "total_pages": 2,
    "display_range_from": 1,
    "display_range_to": 10,
    "copt_cd": "00001",
    "facl_cd": "00",
    "facl_nam": "札幌全日空ホテル",
    "facl_images": [
      {
        "pic_url_s": "",
        "pic_url_m": "http://localhost:8080/csm/resources/image/I-0img03.jpg",
        "pic_url_l": "http://localhost:8080/csm/resources/image/I-0img03.jpg",
        "pic_url_o": "http://localhost:8080/csm/resources/image/I-0img03.jpg",
        "pic_nam": "◯◯の間 ダイニングスペース",
        "pic_comment": "画像のコメントです"
      }
    ],
    "maj_mat_cd": "02",
    "region_cd": "001",
    "area_cd": "001",
    "access": {
      "nearest_airp": [
        {
          "airp_cd": "HND",
          "arr_point": "ZZZZ駅",
          "car_tra_bus_shp_cf": "5",
          "ctbs_min_tm_required": 10,
          "ctbs_max_tm_required": 20,
          "other_nam": "ICから自転車",
          "ctbs_special_mention": "徒歩",
          "ctbs_sm_min_tm_required": 30,
          "ctbs_sm_max_tm_required": 40,
          "nearest_airp_note": "最寄空港から徒歩３０分"
        }
      ],
      "nearest_sta": [
        {
          "nearest_sta_trans": "AAAバス",
          "nearest_route_nam": "BBB線",
          "nearest_sta_nam": "CCC駅",
          "walk_car_shp_cf": "0",
          "tm_required": 50
        }
      ]
    },
    "zip_cd": "060-0003",
    "adrs": "北海道札幌市中央区北３条西１丁目２−９",
    "tripadvisor": {
      "rate": 3.5,
      "image_url": "http://localhost:8080/csm/resources/image/tripadvisor-logo.png",
      "count": 5,
      "url": "http://www.jalan.net/uw/uwp3200/uww3201init.do?vos=dsjlnpgdhpzzx00322405&yadNo=322405&roomCount=1&adultNum=2&stayCount=1&stayYear=2017&stayMonth=02&stayDay=05&planCd=02217570&roomTypeCd=0108890"
    },
    "latitude": "43.065729",
    "longitude": "141.355257",
    "plan_list": [
      {
        "cart_key_hotel": "HHHHHHHHHHHHHHHHHHHH",
        "stock_limits_no": "#001",
        "use_pre_req_no": "001",
        "use_pre_req_nam": "１名１室",
        "use_pre_req_dtl": "利用条件詳細１",
        "plan_cd": "000000",
        "product_cd": "00",
        "plan_nam": "専用枠パッケージオプションプラン",
        "for_rsv_nam": "禁煙　洋室（1名）　シングル",
        "meal_conditions": [
          {
            "meal_pre_req_no": "1",
            "meal_pre_requis_nam": "夕食"
          }
        ],
        "use_pre_req_unit": "1",
        "disp_use_req_unit_nam": "室",
        "roomtype_cd": "03",
        "roomtype_nam": "洋室(ツイン)",
        "host_cf": "1",
        "min_room_area": "20",
        "max_room_area": "40",
        "room_unit_flg": "0",
        "stock": 5,
        "day_price": [
          [
            {
              "kind_type_cd": "001",
              "kind_type_nam": "大人",
              "kind_type_price": 5000000,
              "kind_pax": 6,
              "kind_total_price": 5000000
            }
          ]
        ],
        "total_price": 5000000,
        "plus_mile": 500,
        "standard_mile": 200,
        "mile_rsv_term_from": "20160401",
        "mile_rsv_term_to": "20160430",
        "mile_stay_term_from": "20160501",
        "mile_stay_term_to": "20160530",
        "nights_poss_from": 5,
        "nights_poss_to": 5,
        "settle_way_cf": "0"
      },
      {
        "cart_key_hotel": "HHHHHHHHHHHHHHHHHHHH",
        "stock_limits_no": "#001",
        "use_pre_req_no": "001",
        "use_pre_req_nam": "１名１室",
        "use_pre_req_dtl": "利用条件詳細１",
        "plan_cd": "000000",
        "product_cd": "00",
        "plan_nam": "専用枠パッケージオプションプラン",
        "for_rsv_nam": "禁煙　洋室（1名）　シングル",
        "meal_conditions": [
          {
            "meal_pre_req_no": "1",
            "meal_pre_requis_nam": "夕食"
          }
        ],
        "use_pre_req_unit": "1",
        "disp_use_req_unit_nam": "室",
        "roomtype_cd": "03",
        "roomtype_nam": "洋室(ツイン)",
        "host_cf": "1",
        "min_room_area": "20",
        "max_room_area": "40",
        "room_unit_flg": "0",
        "stock": 5,
        "day_price": [
          [
            {
              "kind_type_cd": "001",
              "kind_type_nam": "大人",
              "kind_type_price": 5000000,
              "kind_pax": 6,
              "kind_total_price": 5000000
            }
          ]
        ],
        "total_price": 5000000,
        "plus_mile": 500,
        "standard_mile": 200,
        "mile_rsv_term_from": "20160401",
        "mile_rsv_term_to": "20160430",
        "mile_stay_term_from": "20160501",
        "mile_stay_term_to": "20160530",
        "nights_poss_from": 5,
        "nights_poss_to": 5,
        "settle_way_cf": "0"
      },
      {
        "cart_key_hotel": "HHHHHHHHHHHHHHHHHHHH",
        "stock_limits_no": "#001",
        "use_pre_req_no": "001",
        "use_pre_req_nam": "１名１室",
        "use_pre_req_dtl": "利用条件詳細１",
        "plan_cd": "000000",
        "product_cd": "00",
        "plan_nam": "専用枠パッケージオプションプラン",
        "for_rsv_nam": "禁煙　洋室（1名）　シングル",
        "meal_conditions": [
          {
            "meal_pre_req_no": "1",
            "meal_pre_requis_nam": "夕食"
          }
        ],
        "use_pre_req_unit": "1",
        "disp_use_req_unit_nam": "室",
        "roomtype_cd": "03",
        "roomtype_nam": "洋室(ツイン)",
        "host_cf": "1",
        "min_room_area": "20",
        "max_room_area": "40",
        "room_unit_flg": "0",
        "stock": 5,
        "day_price": [
          [
            {
              "kind_type_cd": "001",
              "kind_type_nam": "大人",
              "kind_type_price": 5000000,
              "kind_pax": 6,
              "kind_total_price": 5000000
            }
          ]
        ],
        "total_price": 5000000,
        "plus_mile": 500,
        "standard_mile": 200,
        "mile_rsv_term_from": "20160401",
        "mile_rsv_term_to": "20160430",
        "mile_stay_term_from": "20160501",
        "mile_stay_term_to": "20160530",
        "nights_poss_from": 5,
        "nights_poss_to": 5,
        "settle_way_cf": "0"
      },
      {
        "cart_key_hotel": "HHHHHHHHHHHHHHHHHHHH",
        "stock_limits_no": "#001",
        "use_pre_req_no": "001",
        "use_pre_req_nam": "１名１室",
        "use_pre_req_dtl": "利用条件詳細１",
        "plan_cd": "000000",
        "product_cd": "00",
        "plan_nam": "専用枠パッケージオプションプラン",
        "for_rsv_nam": "禁煙　洋室（1名）　シングル",
        "meal_conditions": [
          {
            "meal_pre_req_no": "1",
            "meal_pre_requis_nam": "夕食"
          }
        ],
        "use_pre_req_unit": "1",
        "disp_use_req_unit_nam": "室",
        "roomtype_cd": "03",
        "roomtype_nam": "洋室(ツイン)",
        "host_cf": "1",
        "min_room_area": "20",
        "max_room_area": "40",
        "room_unit_flg": "0",
        "stock": 5,
        "day_price": [
          [
            {
              "kind_type_cd": "001",
              "kind_type_nam": "大人",
              "kind_type_price": 5000000,
              "kind_pax": 6,
              "kind_total_price": 5000000
            }
          ]
        ],
        "total_price": 5000000,
        "plus_mile": 500,
        "standard_mile": 200,
        "mile_rsv_term_from": "20160401",
        "mile_rsv_term_to": "20160430",
        "mile_stay_term_from": "20160501",
        "mile_stay_term_to": "20160530",
        "nights_poss_from": 5,
        "nights_poss_to": 5,
        "settle_way_cf": "0"
      },
      {
        "cart_key_hotel": "HHHHHHHHHHHHHHHHHHHH",
        "stock_limits_no": "#001",
        "use_pre_req_no": "001",
        "use_pre_req_nam": "１名１室",
        "use_pre_req_dtl": "利用条件詳細１",
        "plan_cd": "000000",
        "product_cd": "00",
        "plan_nam": "専用枠パッケージオプションプラン",
        "for_rsv_nam": "禁煙　洋室（1名）　シングル",
        "meal_conditions": [
          {
            "meal_pre_req_no": "1",
            "meal_pre_requis_nam": "夕食"
          }
        ],
        "use_pre_req_unit": "1",
        "disp_use_req_unit_nam": "室",
        "roomtype_cd": "03",
        "roomtype_nam": "洋室(ツイン)",
        "host_cf": "1",
        "min_room_area": "20",
        "max_room_area": "40",
        "room_unit_flg": "0",
        "stock": 5,
        "day_price": [
          [
            {
              "kind_type_cd": "001",
              "kind_type_nam": "大人",
              "kind_type_price": 5000000,
              "kind_pax": 6,
              "kind_total_price": 5000000
            }
          ]
        ],
        "total_price": 5000000,
        "plus_mile": 500,
        "standard_mile": 200,
        "mile_rsv_term_from": "20160401",
        "mile_rsv_term_to": "20160430",
        "mile_stay_term_from": "20160501",
        "mile_stay_term_to": "20160530",
        "nights_poss_from": 5,
        "nights_poss_to": 5,
        "settle_way_cf": "0"
      },
      {
        "cart_key_hotel": "HHHHHHHHHHHHHHHHHHHH",
        "stock_limits_no": "#001",
        "use_pre_req_no": "001",
        "use_pre_req_nam": "１名１室",
        "use_pre_req_dtl": "利用条件詳細１",
        "plan_cd": "000000",
        "product_cd": "00",
        "plan_nam": "専用枠パッケージオプションプラン",
        "for_rsv_nam": "禁煙　洋室（1名）　シングル",
        "meal_conditions": [
          {
            "meal_pre_req_no": "1",
            "meal_pre_requis_nam": "夕食"
          }
        ],
        "use_pre_req_unit": "1",
        "disp_use_req_unit_nam": "室",
        "roomtype_cd": "03",
        "roomtype_nam": "洋室(ツイン)",
        "host_cf": "1",
        "min_room_area": "20",
        "max_room_area": "40",
        "room_unit_flg": "0",
        "stock": 5,
        "day_price": [
          [
            {
              "kind_type_cd": "001",
              "kind_type_nam": "大人",
              "kind_type_price": 5000000,
              "kind_pax": 6,
              "kind_total_price": 5000000
            }
          ]
        ],
        "total_price": 5000000,
        "plus_mile": 500,
        "standard_mile": 200,
        "mile_rsv_term_from": "20160401",
        "mile_rsv_term_to": "20160430",
        "mile_stay_term_from": "20160501",
        "mile_stay_term_to": "20160530",
        "nights_poss_from": 5,
        "nights_poss_to": 5,
        "settle_way_cf": "0"
      },
      {
        "cart_key_hotel": "HHHHHHHHHHHHHHHHHHHH",
        "stock_limits_no": "#001",
        "use_pre_req_no": "001",
        "use_pre_req_nam": "１名１室",
        "use_pre_req_dtl": "利用条件詳細１",
        "plan_cd": "000000",
        "product_cd": "00",
        "plan_nam": "専用枠パッケージオプションプラン",
        "for_rsv_nam": "禁煙　洋室（1名）　シングル",
        "meal_conditions": [
          {
            "meal_pre_req_no": "1",
            "meal_pre_requis_nam": "夕食"
          }
        ],
        "use_pre_req_unit": "1",
        "disp_use_req_unit_nam": "室",
        "roomtype_cd": "03",
        "roomtype_nam": "洋室(ツイン)",
        "host_cf": "1",
        "min_room_area": "20",
        "max_room_area": "40",
        "room_unit_flg": "0",
        "stock": 5,
        "day_price": [
          [
            {
              "kind_type_cd": "001",
              "kind_type_nam": "大人",
              "kind_type_price": 5000000,
              "kind_pax": 6,
              "kind_total_price": 5000000
            }
          ]
        ],
        "total_price": 5000000,
        "plus_mile": 500,
        "standard_mile": 200,
        "mile_rsv_term_from": "20160401",
        "mile_rsv_term_to": "20160430",
        "mile_stay_term_from": "20160501",
        "mile_stay_term_to": "20160530",
        "nights_poss_from": 5,
        "nights_poss_to": 5,
        "settle_way_cf": "0"
      },
      {
        "cart_key_hotel": "HHHHHHHHHHHHHHHHHHHH",
        "stock_limits_no": "#001",
        "use_pre_req_no": "001",
        "use_pre_req_nam": "１名１室",
        "use_pre_req_dtl": "利用条件詳細１",
        "plan_cd": "000000",
        "product_cd": "00",
        "plan_nam": "専用枠パッケージオプションプラン",
        "for_rsv_nam": "禁煙　洋室（1名）　シングル",
        "meal_conditions": [
          {
            "meal_pre_req_no": "1",
            "meal_pre_requis_nam": "夕食"
          }
        ],
        "use_pre_req_unit": "1",
        "disp_use_req_unit_nam": "室",
        "roomtype_cd": "03",
        "roomtype_nam": "洋室(ツイン)",
        "host_cf": "1",
        "min_room_area": "20",
        "max_room_area": "40",
        "room_unit_flg": "0",
        "stock": 5,
        "day_price": [
          [
            {
              "kind_type_cd": "001",
              "kind_type_nam": "大人",
              "kind_type_price": 5000000,
              "kind_pax": 6,
              "kind_total_price": 5000000
            }
          ]
        ],
        "total_price": 5000000,
        "plus_mile": 500,
        "standard_mile": 200,
        "mile_rsv_term_from": "20160401",
        "mile_rsv_term_to": "20160430",
        "mile_stay_term_from": "20160501",
        "mile_stay_term_to": "20160530",
        "nights_poss_from": 5,
        "nights_poss_to": 5,
        "settle_way_cf": "0"
      },
      {
        "cart_key_hotel": "HHHHHHHHHHHHHHHHHHHH",
        "stock_limits_no": "#001",
        "use_pre_req_no": "001",
        "use_pre_req_nam": "１名１室",
        "use_pre_req_dtl": "利用条件詳細１",
        "plan_cd": "000000",
        "product_cd": "00",
        "plan_nam": "専用枠パッケージオプションプラン",
        "for_rsv_nam": "禁煙　洋室（1名）　シングル",
        "meal_conditions": [
          {
            "meal_pre_req_no": "1",
            "meal_pre_requis_nam": "夕食"
          }
        ],
        "use_pre_req_unit": "1",
        "disp_use_req_unit_nam": "室",
        "roomtype_cd": "03",
        "roomtype_nam": "洋室(ツイン)",
        "host_cf": "1",
        "min_room_area": "20",
        "max_room_area": "40",
        "room_unit_flg": "0",
        "stock": 5,
        "day_price": [
          [
            {
              "kind_type_cd": "001",
              "kind_type_nam": "大人",
              "kind_type_price": 5000000,
              "kind_pax": 6,
              "kind_total_price": 5000000
            }
          ]
        ],
        "total_price": 5000000,
        "plus_mile": 500,
        "standard_mile": 200,
        "mile_rsv_term_from": "20160401",
        "mile_rsv_term_to": "20160430",
        "mile_stay_term_from": "20160501",
        "mile_stay_term_to": "20160530",
        "nights_poss_from": 5,
        "nights_poss_to": 5,
        "settle_way_cf": "0"
      },
      {
        "cart_key_hotel": "HHHHHHHHHHHHHHHHHHHH",
        "stock_limits_no": "#001",
        "use_pre_req_no": "001",
        "use_pre_req_nam": "１名１室",
        "use_pre_req_dtl": "利用条件詳細１",
        "plan_cd": "000000",
        "product_cd": "00",
        "plan_nam": "専用枠パッケージオプションプラン",
        "for_rsv_nam": "禁煙　洋室（1名）　シングル",
        "meal_conditions": [
          {
            "meal_pre_req_no": "1",
            "meal_pre_requis_nam": "夕食"
          }
        ],
        "use_pre_req_unit": "1",
        "disp_use_req_unit_nam": "室",
        "roomtype_cd": "03",
        "roomtype_nam": "洋室(ツイン)",
        "host_cf": "1",
        "min_room_area": "20",
        "max_room_area": "40",
        "room_unit_flg": "0",
        "stock": 5,
        "day_price": [
          [
            {
              "kind_type_cd": "001",
              "kind_type_nam": "大人",
              "kind_type_price": 5000000,
              "kind_pax": 6,
              "kind_total_price": 5000000
            }
          ]
        ],
        "total_price": 5000000,
        "plus_mile": 500,
        "standard_mile": 200,
        "mile_rsv_term_from": "20160401",
        "mile_rsv_term_to": "20160430",
        "mile_stay_term_from": "20160501",
        "mile_stay_term_to": "20160530",
        "nights_poss_from": 5,
        "nights_poss_to": 5,
        "settle_way_cf": "0"
      }
    ]
  }
}