<soapenv:Envelope xmlns:soapenv="http://schemas.xmlsoap.org/soap/envelope/" xmlns:api="http://www.anaskyholiday.co.jp/adam/api" xmlns:api1="http://www.anaskyholiday.co.jp/adam/dto/api">
   <soapenv:Header/>
   <soapenv:Body>
      <api:sb0050aResponse>
         <!--Optional:-->
         <api1:IFASW009IRes>
            <api1:cmnHedInf>
               <api1:reqResCf>2</api1:reqResCf>
               <api1:reqOrgCd>INTERNET</api1:reqOrgCd>
               <api1:pwd>P@ssw0rd</api1:pwd>
               <api1:svcKd>IFASW044I</api1:svcKd>
               <api1:mkMsgDt></api1:mkMsgDt>
               <!--Optional:-->
               <api1:spStId>AAAAA</api1:spStId>
            </api1:cmnHedInf>
            <api1:proRstInf>
               <api1:rstCd>0</api1:rstCd>
               <!--Zero or more repetitions:-->
               <api1:lstUpdDtInf>
                  <api1:rcNo>AA123456</api1:rcNo>
                  <api1:lstUpdDt></api1:lstUpdDt>
               </api1:lstUpdDtInf>
               <!--Zero or more repetitions:-->
               <api1:errCon>
                  <api1:errCd>1011</api1:errCd>
                  <api1:errMsg></api1:errMsg>
                  <!--Optional:-->
                  <api1:rcNo>AA123456</api1:rcNo>
                  <!--Optional:-->
                  <api1:addInf>\u672A\u5B9A\u8981\u691C\u8A0E</api1:addInf>
               </api1:errCon>
            </api1:proRstInf>
            <!--1 or more repetitions:-->
            <api1:prkCld>
          <api1:prkId>TDL</api1:prkId>
          <api1:useDd>20170101</api1:useDd>
          <api1:clsFlg>1</api1:clsFlg>
          <api1:opnTm>0805</api1:opnTm>
          <api1:clsTm>2105</api1:clsTm>
          <api1:spDdFlg>0</api1:spDdFlg>
          <api1:strFlg>0</api1:strFlg>
          <api1:aft6flg>0</api1:aft6flg>
          <api1:usjSn>1</api1:usjSn>
        </api1:prkCld>
        <api1:prkCld>
          <api1:prkId>TDL</api1:prkId>
          <api1:useDd>20170102</api1:useDd>
          <api1:clsFlg>0</api1:clsFlg>
          <api1:opnTm>0805</api1:opnTm>
          <api1:clsTm>2105</api1:clsTm>
          <api1:spDdFlg>0</api1:spDdFlg>
          <api1:strFlg>0</api1:strFlg>
          <api1:aft6flg>0</api1:aft6flg>
          <api1:usjSn>1</api1:usjSn>
        </api1:prkCld>
        <api1:prkCld>
          <api1:prkId>TDL</api1:prkId>
          <api1:useDd>20170103</api1:useDd>
          <api1:clsFlg>0</api1:clsFlg>
          <api1:opnTm>0805</api1:opnTm>
          <api1:clsTm>2105</api1:clsTm>
          <api1:spDdFlg>0</api1:spDdFlg>
          <api1:strFlg>0</api1:strFlg>
          <api1:aft6flg>0</api1:aft6flg>
          <api1:usjSn>1</api1:usjSn>
        </api1:prkCld>
        <api1:prkCld>
          <api1:prkId>TDL</api1:prkId>
          <api1:useDd>20170104</api1:useDd>
          <api1:clsFlg>0</api1:clsFlg>
          <api1:opnTm>0805</api1:opnTm>
          <api1:clsTm>2105</api1:clsTm>
          <api1:spDdFlg>0</api1:spDdFlg>
          <api1:strFlg>0</api1:strFlg>
          <api1:aft6flg>0</api1:aft6flg>
          <api1:usjSn>1</api1:usjSn>
        </api1:prkCld>
        <api1:prkCld>
          <api1:prkId>TDL</api1:prkId>
          <api1:useDd>20170105</api1:useDd>
          <api1:clsFlg>1</api1:clsFlg>
          <api1:opnTm>0805</api1:opnTm>
          <api1:clsTm>2105</api1:clsTm>
          <api1:spDdFlg>0</api1:spDdFlg>
          <api1:strFlg>0</api1:strFlg>
          <api1:aft6flg>0</api1:aft6flg>
          <api1:usjSn>1</api1:usjSn>
        </api1:prkCld>
        <api1:prkCld>
          <api1:prkId>TDL</api1:prkId>
          <api1:useDd>20170106</api1:useDd>
          <api1:clsFlg>0</api1:clsFlg>
          <api1:opnTm>0805</api1:opnTm>
          <api1:clsTm>2105</api1:clsTm>
          <api1:spDdFlg>0</api1:spDdFlg>
          <api1:strFlg>0</api1:strFlg>
          <api1:aft6flg>0</api1:aft6flg>
          <api1:usjSn>1</api1:usjSn>
        </api1:prkCld>
        <api1:prkCld>
          <api1:prkId>TDL</api1:prkId>
          <api1:useDd>20170107</api1:useDd>
          <api1:clsFlg>0</api1:clsFlg>
          <api1:opnTm>0805</api1:opnTm>
          <api1:clsTm>2105</api1:clsTm>
          <api1:spDdFlg>0</api1:spDdFlg>
          <api1:strFlg>0</api1:strFlg>
          <api1:aft6flg>0</api1:aft6flg>
          <api1:usjSn>1</api1:usjSn>
        </api1:prkCld>
        <api1:prkCld>
          <api1:prkId>TDL</api1:prkId>
          <api1:useDd>20170108</api1:useDd>
          <api1:clsFlg>0</api1:clsFlg>
          <api1:opnTm>0805</api1:opnTm>
          <api1:clsTm>2105</api1:clsTm>
          <api1:spDdFlg>0</api1:spDdFlg>
          <api1:strFlg>0</api1:strFlg>
          <api1:aft6flg>0</api1:aft6flg>
          <api1:usjSn>1</api1:usjSn>
        </api1:prkCld>
        <api1:prkCld>
          <api1:prkId>TDL</api1:prkId>
          <api1:useDd>20170109</api1:useDd>
          <api1:clsFlg>0</api1:clsFlg>
          <api1:opnTm>0805</api1:opnTm>
          <api1:clsTm>2105</api1:clsTm>
          <api1:spDdFlg>0</api1:spDdFlg>
          <api1:strFlg>0</api1:strFlg>
          <api1:aft6flg>0</api1:aft6flg>
          <api1:usjSn>1</api1:usjSn>
        </api1:prkCld>
        <api1:prkCld>
          <api1:prkId>TDL</api1:prkId>
          <api1:useDd>20170110</api1:useDd>
          <api1:clsFlg>0</api1:clsFlg>
          <api1:opnTm>0805</api1:opnTm>
          <api1:clsTm>2105</api1:clsTm>
          <api1:spDdFlg>0</api1:spDdFlg>
          <api1:strFlg>0</api1:strFlg>
          <api1:aft6flg>0</api1:aft6flg>
          <api1:usjSn>1</api1:usjSn>
        </api1:prkCld>
        <api1:prkCld>
          <api1:prkId>TDL</api1:prkId>
          <api1:useDd>20170111</api1:useDd>
          <api1:clsFlg>0</api1:clsFlg>
          <api1:opnTm>0805</api1:opnTm>
          <api1:clsTm>2105</api1:clsTm>
          <api1:spDdFlg>0</api1:spDdFlg>
          <api1:strFlg>0</api1:strFlg>
          <api1:aft6flg>0</api1:aft6flg>
          <api1:usjSn>1</api1:usjSn>
        </api1:prkCld>
        <api1:prkCld>
          <api1:prkId>TDL</api1:prkId>
          <api1:useDd>20170112</api1:useDd>
          <api1:clsFlg>0</api1:clsFlg>
          <api1:opnTm>0805</api1:opnTm>
          <api1:clsTm>2105</api1:clsTm>
          <api1:spDdFlg>0</api1:spDdFlg>
          <api1:strFlg>0</api1:strFlg>
          <api1:aft6flg>0</api1:aft6flg>
          <api1:usjSn>1</api1:usjSn>
        </api1:prkCld>
        <api1:prkCld>
          <api1:prkId>TDL</api1:prkId>
          <api1:useDd>20170113</api1:useDd>
          <api1:clsFlg>0</api1:clsFlg>
          <api1:opnTm>0805</api1:opnTm>
          <api1:clsTm>2105</api1:clsTm>
          <api1:spDdFlg>0</api1:spDdFlg>
          <api1:strFlg>0</api1:strFlg>
          <api1:aft6flg>0</api1:aft6flg>
          <api1:usjSn>1</api1:usjSn>
        </api1:prkCld>
        <api1:prkCld>
          <api1:prkId>TDL</api1:prkId>
          <api1:useDd>20170114</api1:useDd>
          <api1:clsFlg>0</api1:clsFlg>
          <api1:opnTm>0805</api1:opnTm>
          <api1:clsTm>2105</api1:clsTm>
          <api1:spDdFlg>0</api1:spDdFlg>
          <api1:strFlg>0</api1:strFlg>
          <api1:aft6flg>0</api1:aft6flg>
          <api1:usjSn>1</api1:usjSn>
        </api1:prkCld>
        <api1:prkCld>
          <api1:prkId>TDL</api1:prkId>
          <api1:useDd>20170115</api1:useDd>
          <api1:clsFlg>0</api1:clsFlg>
          <api1:opnTm>0805</api1:opnTm>
          <api1:clsTm>2105</api1:clsTm>
          <api1:spDdFlg>0</api1:spDdFlg>
          <api1:strFlg>0</api1:strFlg>
          <api1:aft6flg>0</api1:aft6flg>
          <api1:usjSn>1</api1:usjSn>
        </api1:prkCld>
        <api1:prkCld>
          <api1:prkId>TDL</api1:prkId>
          <api1:useDd>20170116</api1:useDd>
          <api1:clsFlg>0</api1:clsFlg>
          <api1:opnTm>0805</api1:opnTm>
          <api1:clsTm>2105</api1:clsTm>
          <api1:spDdFlg>0</api1:spDdFlg>
          <api1:strFlg>0</api1:strFlg>
          <api1:aft6flg>0</api1:aft6flg>
          <api1:usjSn>1</api1:usjSn>
        </api1:prkCld>
        <api1:prkCld>
          <api1:prkId>TDL</api1:prkId>
          <api1:useDd>20170117</api1:useDd>
          <api1:clsFlg>0</api1:clsFlg>
          <api1:opnTm>0805</api1:opnTm>
          <api1:clsTm>2105</api1:clsTm>
          <api1:spDdFlg>0</api1:spDdFlg>
          <api1:strFlg>0</api1:strFlg>
          <api1:aft6flg>0</api1:aft6flg>
          <api1:usjSn>1</api1:usjSn>
        </api1:prkCld>
        <api1:prkCld>
          <api1:prkId>TDL</api1:prkId>
          <api1:useDd>20170118</api1:useDd>
          <api1:clsFlg>0</api1:clsFlg>
          <api1:opnTm>0805</api1:opnTm>
          <api1:clsTm>2105</api1:clsTm>
          <api1:spDdFlg>0</api1:spDdFlg>
          <api1:strFlg>0</api1:strFlg>
          <api1:aft6flg>0</api1:aft6flg>
          <api1:usjSn>1</api1:usjSn>
        </api1:prkCld>
        <api1:prkCld>
          <api1:prkId>TDL</api1:prkId>
          <api1:useDd>20170119</api1:useDd>
          <api1:clsFlg>0</api1:clsFlg>
          <api1:opnTm>0805</api1:opnTm>
          <api1:clsTm>2105</api1:clsTm>
          <api1:spDdFlg>0</api1:spDdFlg>
          <api1:strFlg>0</api1:strFlg>
          <api1:aft6flg>0</api1:aft6flg>
          <api1:usjSn>1</api1:usjSn>
        </api1:prkCld>
        <api1:prkCld>
          <api1:prkId>TDL</api1:prkId>
          <api1:useDd>20170120</api1:useDd>
          <api1:clsFlg>0</api1:clsFlg>
          <api1:opnTm>0805</api1:opnTm>
          <api1:clsTm>2105</api1:clsTm>
          <api1:spDdFlg>0</api1:spDdFlg>
          <api1:strFlg>0</api1:strFlg>
          <api1:aft6flg>0</api1:aft6flg>
          <api1:usjSn>1</api1:usjSn>
        </api1:prkCld>
        <api1:prkCld>
          <api1:prkId>TDL</api1:prkId>
          <api1:useDd>20170121</api1:useDd>
          <api1:clsFlg>0</api1:clsFlg>
          <api1:opnTm>0805</api1:opnTm>
          <api1:clsTm>2105</api1:clsTm>
          <api1:spDdFlg>0</api1:spDdFlg>
          <api1:strFlg>0</api1:strFlg>
          <api1:aft6flg>0</api1:aft6flg>
          <api1:usjSn>1</api1:usjSn>
        </api1:prkCld>
        <api1:prkCld>
          <api1:prkId>TDL</api1:prkId>
          <api1:useDd>20170122</api1:useDd>
          <api1:clsFlg>0</api1:clsFlg>
          <api1:opnTm>0805</api1:opnTm>
          <api1:clsTm>2105</api1:clsTm>
          <api1:spDdFlg>0</api1:spDdFlg>
          <api1:strFlg>0</api1:strFlg>
          <api1:aft6flg>0</api1:aft6flg>
          <api1:usjSn>1</api1:usjSn>
        </api1:prkCld>
        <api1:prkCld>
          <api1:prkId>TDL</api1:prkId>
          <api1:useDd>20170123</api1:useDd>
          <api1:clsFlg>0</api1:clsFlg>
          <api1:opnTm>0805</api1:opnTm>
          <api1:clsTm>2105</api1:clsTm>
          <api1:spDdFlg>0</api1:spDdFlg>
          <api1:strFlg>0</api1:strFlg>
          <api1:aft6flg>0</api1:aft6flg>
          <api1:usjSn>1</api1:usjSn>
        </api1:prkCld>
        <api1:prkCld>
          <api1:prkId>TDL</api1:prkId>
          <api1:useDd>20170124</api1:useDd>
          <api1:clsFlg>0</api1:clsFlg>
          <api1:opnTm>0805</api1:opnTm>
          <api1:clsTm>2105</api1:clsTm>
          <api1:spDdFlg>0</api1:spDdFlg>
          <api1:strFlg>0</api1:strFlg>
          <api1:aft6flg>0</api1:aft6flg>
          <api1:usjSn>1</api1:usjSn>
        </api1:prkCld>
        <api1:prkCld>
          <api1:prkId>TDL</api1:prkId>
          <api1:useDd>20170125</api1:useDd>
          <api1:clsFlg>0</api1:clsFlg>
          <api1:opnTm>0805</api1:opnTm>
          <api1:clsTm>2105</api1:clsTm>
          <api1:spDdFlg>0</api1:spDdFlg>
          <api1:strFlg>0</api1:strFlg>
          <api1:aft6flg>0</api1:aft6flg>
          <api1:usjSn>1</api1:usjSn>
        </api1:prkCld>
        <api1:prkCld>
          <api1:prkId>TDL</api1:prkId>
          <api1:useDd>20170126</api1:useDd>
          <api1:clsFlg>0</api1:clsFlg>
          <api1:opnTm>0805</api1:opnTm>
          <api1:clsTm>2105</api1:clsTm>
          <api1:spDdFlg>0</api1:spDdFlg>
          <api1:strFlg>0</api1:strFlg>
          <api1:aft6flg>0</api1:aft6flg>
          <api1:usjSn>1</api1:usjSn>
        </api1:prkCld>
        <api1:prkCld>
          <api1:prkId>TDL</api1:prkId>
          <api1:useDd>20170127</api1:useDd>
          <api1:clsFlg>0</api1:clsFlg>
          <api1:opnTm>0805</api1:opnTm>
          <api1:clsTm>2105</api1:clsTm>
          <api1:spDdFlg>0</api1:spDdFlg>
          <api1:strFlg>0</api1:strFlg>
          <api1:aft6flg>0</api1:aft6flg>
          <api1:usjSn>1</api1:usjSn>
        </api1:prkCld>
        <api1:prkCld>
          <api1:prkId>TDL</api1:prkId>
          <api1:useDd>20170128</api1:useDd>
          <api1:clsFlg>0</api1:clsFlg>
          <api1:opnTm>0805</api1:opnTm>
          <api1:clsTm>2105</api1:clsTm>
          <api1:spDdFlg>0</api1:spDdFlg>
          <api1:strFlg>0</api1:strFlg>
          <api1:aft6flg>0</api1:aft6flg>
          <api1:usjSn>1</api1:usjSn>
        </api1:prkCld>
        <api1:prkCld>
          <api1:prkId>TDL</api1:prkId>
          <api1:useDd>20170129</api1:useDd>
          <api1:clsFlg>0</api1:clsFlg>
          <api1:opnTm>0805</api1:opnTm>
          <api1:clsTm>2105</api1:clsTm>
          <api1:spDdFlg>0</api1:spDdFlg>
          <api1:strFlg>0</api1:strFlg>
          <api1:aft6flg>0</api1:aft6flg>
          <api1:usjSn>1</api1:usjSn>
        </api1:prkCld>
        <api1:prkCld>
          <api1:prkId>TDL</api1:prkId>
          <api1:useDd>20170130</api1:useDd>
          <api1:clsFlg>0</api1:clsFlg>
          <api1:opnTm>0805</api1:opnTm>
          <api1:clsTm>2105</api1:clsTm>
          <api1:spDdFlg>0</api1:spDdFlg>
          <api1:strFlg>0</api1:strFlg>
          <api1:aft6flg>0</api1:aft6flg>
          <api1:usjSn>1</api1:usjSn>
        </api1:prkCld>
         <api1:prkCld>
          <api1:prkId>TDL</api1:prkId>
          <api1:useDd>20170201</api1:useDd>
          <api1:clsFlg>1</api1:clsFlg>
          <api1:opnTm>0805</api1:opnTm>
          <api1:clsTm>2105</api1:clsTm>
          <api1:spDdFlg>0</api1:spDdFlg>
          <api1:strFlg>0</api1:strFlg>
          <api1:aft6flg>0</api1:aft6flg>
          <api1:usjSn>1</api1:usjSn>
        </api1:prkCld>
        <api1:prkCld>
          <api1:prkId>TDL</api1:prkId>
          <api1:useDd>20170202</api1:useDd>
          <api1:clsFlg>0</api1:clsFlg>
          <api1:opnTm>0805</api1:opnTm>
          <api1:clsTm>2105</api1:clsTm>
          <api1:spDdFlg>0</api1:spDdFlg>
          <api1:strFlg>0</api1:strFlg>
          <api1:aft6flg>0</api1:aft6flg>
          <api1:usjSn>1</api1:usjSn>
        </api1:prkCld>
        <api1:prkCld>
          <api1:prkId>TDL</api1:prkId>
          <api1:useDd>20170203</api1:useDd>
          <api1:clsFlg>0</api1:clsFlg>
          <api1:opnTm>0805</api1:opnTm>
          <api1:clsTm>2105</api1:clsTm>
          <api1:spDdFlg>0</api1:spDdFlg>
          <api1:strFlg>0</api1:strFlg>
          <api1:aft6flg>0</api1:aft6flg>
          <api1:usjSn>1</api1:usjSn>
        </api1:prkCld>
        <api1:prkCld>
          <api1:prkId>TDL</api1:prkId>
          <api1:useDd>20170204</api1:useDd>
          <api1:clsFlg>0</api1:clsFlg>
          <api1:opnTm>0805</api1:opnTm>
          <api1:clsTm>2105</api1:clsTm>
          <api1:spDdFlg>0</api1:spDdFlg>
          <api1:strFlg>0</api1:strFlg>
          <api1:aft6flg>0</api1:aft6flg>
          <api1:usjSn>1</api1:usjSn>
        </api1:prkCld>
        <api1:prkCld>
          <api1:prkId>TDL</api1:prkId>
          <api1:useDd>20170205</api1:useDd>
          <api1:clsFlg>1</api1:clsFlg>
          <api1:opnTm>0805</api1:opnTm>
          <api1:clsTm>2105</api1:clsTm>
          <api1:spDdFlg>0</api1:spDdFlg>
          <api1:strFlg>0</api1:strFlg>
          <api1:aft6flg>0</api1:aft6flg>
          <api1:usjSn>1</api1:usjSn>
        </api1:prkCld>
        <api1:prkCld>
          <api1:prkId>TDL</api1:prkId>
          <api1:useDd>20170206</api1:useDd>
          <api1:clsFlg>0</api1:clsFlg>
          <api1:opnTm>0805</api1:opnTm>
          <api1:clsTm>2105</api1:clsTm>
          <api1:spDdFlg>0</api1:spDdFlg>
          <api1:strFlg>0</api1:strFlg>
          <api1:aft6flg>0</api1:aft6flg>
          <api1:usjSn>1</api1:usjSn>
        </api1:prkCld>
        <api1:prkCld>
          <api1:prkId>TDL</api1:prkId>
          <api1:useDd>20170207</api1:useDd>
          <api1:clsFlg>0</api1:clsFlg>
          <api1:opnTm>0805</api1:opnTm>
          <api1:clsTm>2105</api1:clsTm>
          <api1:spDdFlg>0</api1:spDdFlg>
          <api1:strFlg>0</api1:strFlg>
          <api1:aft6flg>0</api1:aft6flg>
          <api1:usjSn>1</api1:usjSn>
        </api1:prkCld>
        <api1:prkCld>
          <api1:prkId>TDL</api1:prkId>
          <api1:useDd>20170208</api1:useDd>
          <api1:clsFlg>0</api1:clsFlg>
          <api1:opnTm>0805</api1:opnTm>
          <api1:clsTm>2105</api1:clsTm>
          <api1:spDdFlg>0</api1:spDdFlg>
          <api1:strFlg>0</api1:strFlg>
          <api1:aft6flg>0</api1:aft6flg>
          <api1:usjSn>1</api1:usjSn>
        </api1:prkCld>
        <api1:prkCld>
          <api1:prkId>TDL</api1:prkId>
          <api1:useDd>20170209</api1:useDd>
          <api1:clsFlg>0</api1:clsFlg>
          <api1:opnTm>0805</api1:opnTm>
          <api1:clsTm>2105</api1:clsTm>
          <api1:spDdFlg>0</api1:spDdFlg>
          <api1:strFlg>0</api1:strFlg>
          <api1:aft6flg>0</api1:aft6flg>
          <api1:usjSn>1</api1:usjSn>
        </api1:prkCld>
        <api1:prkCld>
          <api1:prkId>TDL</api1:prkId>
          <api1:useDd>20170210</api1:useDd>
          <api1:clsFlg>0</api1:clsFlg>
          <api1:opnTm>0805</api1:opnTm>
          <api1:clsTm>2105</api1:clsTm>
          <api1:spDdFlg>0</api1:spDdFlg>
          <api1:strFlg>0</api1:strFlg>
          <api1:aft6flg>0</api1:aft6flg>
          <api1:usjSn>1</api1:usjSn>
        </api1:prkCld>
        <api1:prkCld>
          <api1:prkId>TDL</api1:prkId>
          <api1:useDd>20170211</api1:useDd>
          <api1:clsFlg>0</api1:clsFlg>
          <api1:opnTm>0805</api1:opnTm>
          <api1:clsTm>2105</api1:clsTm>
          <api1:spDdFlg>0</api1:spDdFlg>
          <api1:strFlg>0</api1:strFlg>
          <api1:aft6flg>0</api1:aft6flg>
          <api1:usjSn>1</api1:usjSn>
        </api1:prkCld>
        <api1:prkCld>
          <api1:prkId>TDL</api1:prkId>
          <api1:useDd>20170212</api1:useDd>
          <api1:clsFlg>0</api1:clsFlg>
          <api1:opnTm>0805</api1:opnTm>
          <api1:clsTm>2105</api1:clsTm>
          <api1:spDdFlg>0</api1:spDdFlg>
          <api1:strFlg>0</api1:strFlg>
          <api1:aft6flg>0</api1:aft6flg>
          <api1:usjSn>1</api1:usjSn>
        </api1:prkCld>
        <api1:prkCld>
          <api1:prkId>TDL</api1:prkId>
          <api1:useDd>20170213</api1:useDd>
          <api1:clsFlg>0</api1:clsFlg>
          <api1:opnTm>0805</api1:opnTm>
          <api1:clsTm>2105</api1:clsTm>
          <api1:spDdFlg>0</api1:spDdFlg>
          <api1:strFlg>0</api1:strFlg>
          <api1:aft6flg>0</api1:aft6flg>
          <api1:usjSn>1</api1:usjSn>
        </api1:prkCld>
        <api1:prkCld>
          <api1:prkId>TDL</api1:prkId>
          <api1:useDd>20170214</api1:useDd>
          <api1:clsFlg>0</api1:clsFlg>
          <api1:opnTm>0805</api1:opnTm>
          <api1:clsTm>2105</api1:clsTm>
          <api1:spDdFlg>0</api1:spDdFlg>
          <api1:strFlg>0</api1:strFlg>
          <api1:aft6flg>0</api1:aft6flg>
          <api1:usjSn>1</api1:usjSn>
        </api1:prkCld>
        <api1:prkCld>
          <api1:prkId>TDL</api1:prkId>
          <api1:useDd>20170215</api1:useDd>
          <api1:clsFlg>0</api1:clsFlg>
          <api1:opnTm>0805</api1:opnTm>
          <api1:clsTm>2105</api1:clsTm>
          <api1:spDdFlg>0</api1:spDdFlg>
          <api1:strFlg>0</api1:strFlg>
          <api1:aft6flg>0</api1:aft6flg>
          <api1:usjSn>1</api1:usjSn>
        </api1:prkCld>
        <api1:prkCld>
          <api1:prkId>TDL</api1:prkId>
          <api1:useDd>20170216</api1:useDd>
          <api1:clsFlg>0</api1:clsFlg>
          <api1:opnTm>0805</api1:opnTm>
          <api1:clsTm>2105</api1:clsTm>
          <api1:spDdFlg>0</api1:spDdFlg>
          <api1:strFlg>0</api1:strFlg>
          <api1:aft6flg>0</api1:aft6flg>
          <api1:usjSn>1</api1:usjSn>
        </api1:prkCld>
        <api1:prkCld>
          <api1:prkId>TDL</api1:prkId>
          <api1:useDd>20170217</api1:useDd>
          <api1:clsFlg>0</api1:clsFlg>
          <api1:opnTm>0805</api1:opnTm>
          <api1:clsTm>2105</api1:clsTm>
          <api1:spDdFlg>0</api1:spDdFlg>
          <api1:strFlg>0</api1:strFlg>
          <api1:aft6flg>0</api1:aft6flg>
          <api1:usjSn>1</api1:usjSn>
        </api1:prkCld>
        <api1:prkCld>
          <api1:prkId>TDL</api1:prkId>
          <api1:useDd>20170218</api1:useDd>
          <api1:clsFlg>0</api1:clsFlg>
          <api1:opnTm>0805</api1:opnTm>
          <api1:clsTm>2105</api1:clsTm>
          <api1:spDdFlg>0</api1:spDdFlg>
          <api1:strFlg>0</api1:strFlg>
          <api1:aft6flg>0</api1:aft6flg>
          <api1:usjSn>1</api1:usjSn>
        </api1:prkCld>
        <api1:prkCld>
          <api1:prkId>TDL</api1:prkId>
          <api1:useDd>20170219</api1:useDd>
          <api1:clsFlg>0</api1:clsFlg>
          <api1:opnTm>0805</api1:opnTm>
          <api1:clsTm>2105</api1:clsTm>
          <api1:spDdFlg>0</api1:spDdFlg>
          <api1:strFlg>0</api1:strFlg>
          <api1:aft6flg>0</api1:aft6flg>
          <api1:usjSn>1</api1:usjSn>
        </api1:prkCld>
        <api1:prkCld>
          <api1:prkId>TDL</api1:prkId>
          <api1:useDd>20170220</api1:useDd>
          <api1:clsFlg>0</api1:clsFlg>
          <api1:opnTm>0805</api1:opnTm>
          <api1:clsTm>2105</api1:clsTm>
          <api1:spDdFlg>0</api1:spDdFlg>
          <api1:strFlg>0</api1:strFlg>
          <api1:aft6flg>0</api1:aft6flg>
          <api1:usjSn>1</api1:usjSn>
        </api1:prkCld>
        <api1:prkCld>
          <api1:prkId>TDL</api1:prkId>
          <api1:useDd>20170221</api1:useDd>
          <api1:clsFlg>0</api1:clsFlg>
          <api1:opnTm>0805</api1:opnTm>
          <api1:clsTm>2105</api1:clsTm>
          <api1:spDdFlg>0</api1:spDdFlg>
          <api1:strFlg>0</api1:strFlg>
          <api1:aft6flg>0</api1:aft6flg>
          <api1:usjSn>1</api1:usjSn>
        </api1:prkCld>
        <api1:prkCld>
          <api1:prkId>TDL</api1:prkId>
          <api1:useDd>20170222</api1:useDd>
          <api1:clsFlg>0</api1:clsFlg>
          <api1:opnTm>0805</api1:opnTm>
          <api1:clsTm>2105</api1:clsTm>
          <api1:spDdFlg>0</api1:spDdFlg>
          <api1:strFlg>0</api1:strFlg>
          <api1:aft6flg>0</api1:aft6flg>
          <api1:usjSn>1</api1:usjSn>
        </api1:prkCld>
        <api1:prkCld>
          <api1:prkId>TDL</api1:prkId>
          <api1:useDd>20170223</api1:useDd>
          <api1:clsFlg>0</api1:clsFlg>
          <api1:opnTm>0805</api1:opnTm>
          <api1:clsTm>2105</api1:clsTm>
          <api1:spDdFlg>0</api1:spDdFlg>
          <api1:strFlg>0</api1:strFlg>
          <api1:aft6flg>0</api1:aft6flg>
          <api1:usjSn>1</api1:usjSn>
        </api1:prkCld>
        <api1:prkCld>
          <api1:prkId>TDL</api1:prkId>
          <api1:useDd>20170224</api1:useDd>
          <api1:clsFlg>0</api1:clsFlg>
          <api1:opnTm>0805</api1:opnTm>
          <api1:clsTm>2105</api1:clsTm>
          <api1:spDdFlg>0</api1:spDdFlg>
          <api1:strFlg>0</api1:strFlg>
          <api1:aft6flg>0</api1:aft6flg>
          <api1:usjSn>1</api1:usjSn>
        </api1:prkCld>
        <api1:prkCld>
          <api1:prkId>TDL</api1:prkId>
          <api1:useDd>20170225</api1:useDd>
          <api1:clsFlg>0</api1:clsFlg>
          <api1:opnTm>0805</api1:opnTm>
          <api1:clsTm>2105</api1:clsTm>
          <api1:spDdFlg>0</api1:spDdFlg>
          <api1:strFlg>0</api1:strFlg>
          <api1:aft6flg>0</api1:aft6flg>
          <api1:usjSn>1</api1:usjSn>
        </api1:prkCld>
        <api1:prkCld>
          <api1:prkId>TDL</api1:prkId>
          <api1:useDd>20170226</api1:useDd>
          <api1:clsFlg>0</api1:clsFlg>
          <api1:opnTm>0805</api1:opnTm>
          <api1:clsTm>2105</api1:clsTm>
          <api1:spDdFlg>0</api1:spDdFlg>
          <api1:strFlg>0</api1:strFlg>
          <api1:aft6flg>0</api1:aft6flg>
          <api1:usjSn>1</api1:usjSn>
        </api1:prkCld>
        <api1:prkCld>
          <api1:prkId>TDL</api1:prkId>
          <api1:useDd>20170227</api1:useDd>
          <api1:clsFlg>0</api1:clsFlg>
          <api1:opnTm>0805</api1:opnTm>
          <api1:clsTm>2105</api1:clsTm>
          <api1:spDdFlg>0</api1:spDdFlg>
          <api1:strFlg>0</api1:strFlg>
          <api1:aft6flg>0</api1:aft6flg>
          <api1:usjSn>1</api1:usjSn>
        </api1:prkCld>
        <api1:prkCld>
          <api1:prkId>TDL</api1:prkId>
          <api1:useDd>20170228</api1:useDd>
          <api1:clsFlg>0</api1:clsFlg>
          <api1:opnTm>0805</api1:opnTm>
          <api1:clsTm>2105</api1:clsTm>
          <api1:spDdFlg>0</api1:spDdFlg>
          <api1:strFlg>0</api1:strFlg>
          <api1:aft6flg>0</api1:aft6flg>
          <api1:usjSn>1</api1:usjSn>
        </api1:prkCld>
        <api1:prkCld>
          <api1:prkId>USJ</api1:prkId>
          <api1:useDd>20170101</api1:useDd>
          <api1:clsFlg>1</api1:clsFlg>
          <api1:opnTm>0805</api1:opnTm>
          <api1:clsTm>2105</api1:clsTm>
          <api1:spDdFlg>0</api1:spDdFlg>
          <api1:strFlg>0</api1:strFlg>
          <api1:aft6flg>0</api1:aft6flg>
          <api1:usjSn>1</api1:usjSn>
        </api1:prkCld>
        <api1:prkCld>
          <api1:prkId>USJ</api1:prkId>
          <api1:useDd>20170102</api1:useDd>
          <api1:clsFlg>0</api1:clsFlg>
          <api1:opnTm>0805</api1:opnTm>
          <api1:clsTm>2105</api1:clsTm>
          <api1:spDdFlg>0</api1:spDdFlg>
          <api1:strFlg>0</api1:strFlg>
          <api1:aft6flg>0</api1:aft6flg>
          <api1:usjSn>1</api1:usjSn>
        </api1:prkCld>
        <api1:prkCld>
          <api1:prkId>USJ</api1:prkId>
          <api1:useDd>20170103</api1:useDd>
          <api1:clsFlg>0</api1:clsFlg>
          <api1:opnTm>0805</api1:opnTm>
          <api1:clsTm>2105</api1:clsTm>
          <api1:spDdFlg>0</api1:spDdFlg>
          <api1:strFlg>0</api1:strFlg>
          <api1:aft6flg>0</api1:aft6flg>
          <api1:usjSn>1</api1:usjSn>
        </api1:prkCld>
        <api1:prkCld>
          <api1:prkId>USJ</api1:prkId>
          <api1:useDd>20170104</api1:useDd>
          <api1:clsFlg>0</api1:clsFlg>
          <api1:opnTm>0805</api1:opnTm>
          <api1:clsTm>2105</api1:clsTm>
          <api1:spDdFlg>0</api1:spDdFlg>
          <api1:strFlg>0</api1:strFlg>
          <api1:aft6flg>0</api1:aft6flg>
          <api1:usjSn>1</api1:usjSn>
        </api1:prkCld>
        <api1:prkCld>
          <api1:prkId>USJ</api1:prkId>
          <api1:useDd>20170105</api1:useDd>
          <api1:clsFlg>1</api1:clsFlg>
          <api1:opnTm>0805</api1:opnTm>
          <api1:clsTm>2105</api1:clsTm>
          <api1:spDdFlg>0</api1:spDdFlg>
          <api1:strFlg>0</api1:strFlg>
          <api1:aft6flg>0</api1:aft6flg>
          <api1:usjSn>1</api1:usjSn>
        </api1:prkCld>
        <api1:prkCld>
          <api1:prkId>USJ</api1:prkId>
          <api1:useDd>20170106</api1:useDd>
          <api1:clsFlg>0</api1:clsFlg>
          <api1:opnTm>0805</api1:opnTm>
          <api1:clsTm>2105</api1:clsTm>
          <api1:spDdFlg>0</api1:spDdFlg>
          <api1:strFlg>0</api1:strFlg>
          <api1:aft6flg>0</api1:aft6flg>
          <api1:usjSn>1</api1:usjSn>
        </api1:prkCld>
        <api1:prkCld>
          <api1:prkId>USJ</api1:prkId>
          <api1:useDd>20170107</api1:useDd>
          <api1:clsFlg>0</api1:clsFlg>
          <api1:opnTm>0805</api1:opnTm>
          <api1:clsTm>2105</api1:clsTm>
          <api1:spDdFlg>0</api1:spDdFlg>
          <api1:strFlg>0</api1:strFlg>
          <api1:aft6flg>0</api1:aft6flg>
          <api1:usjSn>1</api1:usjSn>
        </api1:prkCld>
        <api1:prkCld>
          <api1:prkId>USJ</api1:prkId>
          <api1:useDd>20170108</api1:useDd>
          <api1:clsFlg>0</api1:clsFlg>
          <api1:opnTm>0805</api1:opnTm>
          <api1:clsTm>2105</api1:clsTm>
          <api1:spDdFlg>0</api1:spDdFlg>
          <api1:strFlg>0</api1:strFlg>
          <api1:aft6flg>0</api1:aft6flg>
          <api1:usjSn>1</api1:usjSn>
        </api1:prkCld>
        <api1:prkCld>
          <api1:prkId>USJ</api1:prkId>
          <api1:useDd>20170109</api1:useDd>
          <api1:clsFlg>0</api1:clsFlg>
          <api1:opnTm>0805</api1:opnTm>
          <api1:clsTm>2105</api1:clsTm>
          <api1:spDdFlg>0</api1:spDdFlg>
          <api1:strFlg>0</api1:strFlg>
          <api1:aft6flg>0</api1:aft6flg>
          <api1:usjSn>1</api1:usjSn>
        </api1:prkCld>
        <api1:prkCld>
          <api1:prkId>USJ</api1:prkId>
          <api1:useDd>20170110</api1:useDd>
          <api1:clsFlg>0</api1:clsFlg>
          <api1:opnTm>0805</api1:opnTm>
          <api1:clsTm>2105</api1:clsTm>
          <api1:spDdFlg>0</api1:spDdFlg>
          <api1:strFlg>0</api1:strFlg>
          <api1:aft6flg>0</api1:aft6flg>
          <api1:usjSn>1</api1:usjSn>
        </api1:prkCld>
        <api1:prkCld>
          <api1:prkId>USJ</api1:prkId>
          <api1:useDd>20170111</api1:useDd>
          <api1:clsFlg>0</api1:clsFlg>
          <api1:opnTm>0805</api1:opnTm>
          <api1:clsTm>2105</api1:clsTm>
          <api1:spDdFlg>0</api1:spDdFlg>
          <api1:strFlg>0</api1:strFlg>
          <api1:aft6flg>0</api1:aft6flg>
          <api1:usjSn>1</api1:usjSn>
        </api1:prkCld>
        <api1:prkCld>
          <api1:prkId>USJ</api1:prkId>
          <api1:useDd>20170112</api1:useDd>
          <api1:clsFlg>0</api1:clsFlg>
          <api1:opnTm>0805</api1:opnTm>
          <api1:clsTm>2105</api1:clsTm>
          <api1:spDdFlg>0</api1:spDdFlg>
          <api1:strFlg>0</api1:strFlg>
          <api1:aft6flg>0</api1:aft6flg>
          <api1:usjSn>1</api1:usjSn>
        </api1:prkCld>
        <api1:prkCld>
          <api1:prkId>USJ</api1:prkId>
          <api1:useDd>20170113</api1:useDd>
          <api1:clsFlg>0</api1:clsFlg>
          <api1:opnTm>0805</api1:opnTm>
          <api1:clsTm>2105</api1:clsTm>
          <api1:spDdFlg>0</api1:spDdFlg>
          <api1:strFlg>0</api1:strFlg>
          <api1:aft6flg>0</api1:aft6flg>
          <api1:usjSn>1</api1:usjSn>
        </api1:prkCld>
        <api1:prkCld>
          <api1:prkId>USJ</api1:prkId>
          <api1:useDd>20170114</api1:useDd>
          <api1:clsFlg>0</api1:clsFlg>
          <api1:opnTm>0805</api1:opnTm>
          <api1:clsTm>2105</api1:clsTm>
          <api1:spDdFlg>0</api1:spDdFlg>
          <api1:strFlg>0</api1:strFlg>
          <api1:aft6flg>0</api1:aft6flg>
          <api1:usjSn>1</api1:usjSn>
        </api1:prkCld>
        <api1:prkCld>
          <api1:prkId>USJ</api1:prkId>
          <api1:useDd>20170115</api1:useDd>
          <api1:clsFlg>0</api1:clsFlg>
          <api1:opnTm>0805</api1:opnTm>
          <api1:clsTm>2105</api1:clsTm>
          <api1:spDdFlg>0</api1:spDdFlg>
          <api1:strFlg>0</api1:strFlg>
          <api1:aft6flg>0</api1:aft6flg>
          <api1:usjSn>1</api1:usjSn>
        </api1:prkCld>
        <api1:prkCld>
          <api1:prkId>USJ</api1:prkId>
          <api1:useDd>20170116</api1:useDd>
          <api1:clsFlg>0</api1:clsFlg>
          <api1:opnTm>0805</api1:opnTm>
          <api1:clsTm>2105</api1:clsTm>
          <api1:spDdFlg>0</api1:spDdFlg>
          <api1:strFlg>0</api1:strFlg>
          <api1:aft6flg>0</api1:aft6flg>
          <api1:usjSn>1</api1:usjSn>
        </api1:prkCld>
        <api1:prkCld>
          <api1:prkId>USJ</api1:prkId>
          <api1:useDd>20170117</api1:useDd>
          <api1:clsFlg>0</api1:clsFlg>
          <api1:opnTm>0805</api1:opnTm>
          <api1:clsTm>2105</api1:clsTm>
          <api1:spDdFlg>0</api1:spDdFlg>
          <api1:strFlg>0</api1:strFlg>
          <api1:aft6flg>0</api1:aft6flg>
          <api1:usjSn>1</api1:usjSn>
        </api1:prkCld>
        <api1:prkCld>
          <api1:prkId>USJ</api1:prkId>
          <api1:useDd>20170118</api1:useDd>
          <api1:clsFlg>0</api1:clsFlg>
          <api1:opnTm>0805</api1:opnTm>
          <api1:clsTm>2105</api1:clsTm>
          <api1:spDdFlg>0</api1:spDdFlg>
          <api1:strFlg>0</api1:strFlg>
          <api1:aft6flg>0</api1:aft6flg>
          <api1:usjSn>1</api1:usjSn>
        </api1:prkCld>
        <api1:prkCld>
          <api1:prkId>USJ</api1:prkId>
          <api1:useDd>20170119</api1:useDd>
          <api1:clsFlg>0</api1:clsFlg>
          <api1:opnTm>0805</api1:opnTm>
          <api1:clsTm>2105</api1:clsTm>
          <api1:spDdFlg>0</api1:spDdFlg>
          <api1:strFlg>0</api1:strFlg>
          <api1:aft6flg>0</api1:aft6flg>
          <api1:usjSn>1</api1:usjSn>
        </api1:prkCld>
        <api1:prkCld>
          <api1:prkId>USJ</api1:prkId>
          <api1:useDd>20170120</api1:useDd>
          <api1:clsFlg>0</api1:clsFlg>
          <api1:opnTm>0805</api1:opnTm>
          <api1:clsTm>2105</api1:clsTm>
          <api1:spDdFlg>0</api1:spDdFlg>
          <api1:strFlg>0</api1:strFlg>
          <api1:aft6flg>0</api1:aft6flg>
          <api1:usjSn>1</api1:usjSn>
        </api1:prkCld>
        <api1:prkCld>
          <api1:prkId>USJ</api1:prkId>
          <api1:useDd>20170121</api1:useDd>
          <api1:clsFlg>0</api1:clsFlg>
          <api1:opnTm>0805</api1:opnTm>
          <api1:clsTm>2105</api1:clsTm>
          <api1:spDdFlg>0</api1:spDdFlg>
          <api1:strFlg>0</api1:strFlg>
          <api1:aft6flg>0</api1:aft6flg>
          <api1:usjSn>1</api1:usjSn>
        </api1:prkCld>
        <api1:prkCld>
          <api1:prkId>USJ</api1:prkId>
          <api1:useDd>20170122</api1:useDd>
          <api1:clsFlg>0</api1:clsFlg>
          <api1:opnTm>0805</api1:opnTm>
          <api1:clsTm>2105</api1:clsTm>
          <api1:spDdFlg>0</api1:spDdFlg>
          <api1:strFlg>0</api1:strFlg>
          <api1:aft6flg>0</api1:aft6flg>
          <api1:usjSn>1</api1:usjSn>
        </api1:prkCld>
        <api1:prkCld>
          <api1:prkId>USJ</api1:prkId>
          <api1:useDd>20170123</api1:useDd>
          <api1:clsFlg>0</api1:clsFlg>
          <api1:opnTm>0805</api1:opnTm>
          <api1:clsTm>2105</api1:clsTm>
          <api1:spDdFlg>0</api1:spDdFlg>
          <api1:strFlg>0</api1:strFlg>
          <api1:aft6flg>0</api1:aft6flg>
          <api1:usjSn>1</api1:usjSn>
        </api1:prkCld>
        <api1:prkCld>
          <api1:prkId>USJ</api1:prkId>
          <api1:useDd>20170124</api1:useDd>
          <api1:clsFlg>0</api1:clsFlg>
          <api1:opnTm>0805</api1:opnTm>
          <api1:clsTm>2105</api1:clsTm>
          <api1:spDdFlg>0</api1:spDdFlg>
          <api1:strFlg>0</api1:strFlg>
          <api1:aft6flg>0</api1:aft6flg>
          <api1:usjSn>1</api1:usjSn>
        </api1:prkCld>
        <api1:prkCld>
          <api1:prkId>USJ</api1:prkId>
          <api1:useDd>20170125</api1:useDd>
          <api1:clsFlg>0</api1:clsFlg>
          <api1:opnTm>0805</api1:opnTm>
          <api1:clsTm>2105</api1:clsTm>
          <api1:spDdFlg>0</api1:spDdFlg>
          <api1:strFlg>0</api1:strFlg>
          <api1:aft6flg>0</api1:aft6flg>
          <api1:usjSn>1</api1:usjSn>
        </api1:prkCld>
        <api1:prkCld>
          <api1:prkId>USJ</api1:prkId>
          <api1:useDd>20170126</api1:useDd>
          <api1:clsFlg>0</api1:clsFlg>
          <api1:opnTm>0805</api1:opnTm>
          <api1:clsTm>2105</api1:clsTm>
          <api1:spDdFlg>0</api1:spDdFlg>
          <api1:strFlg>0</api1:strFlg>
          <api1:aft6flg>0</api1:aft6flg>
          <api1:usjSn>1</api1:usjSn>
        </api1:prkCld>
        <api1:prkCld>
          <api1:prkId>USJ</api1:prkId>
          <api1:useDd>20170127</api1:useDd>
          <api1:clsFlg>0</api1:clsFlg>
          <api1:opnTm>0805</api1:opnTm>
          <api1:clsTm>2105</api1:clsTm>
          <api1:spDdFlg>0</api1:spDdFlg>
          <api1:strFlg>0</api1:strFlg>
          <api1:aft6flg>0</api1:aft6flg>
          <api1:usjSn>1</api1:usjSn>
        </api1:prkCld>
        <api1:prkCld>
          <api1:prkId>USJ</api1:prkId>
          <api1:useDd>20170128</api1:useDd>
          <api1:clsFlg>0</api1:clsFlg>
          <api1:opnTm>0805</api1:opnTm>
          <api1:clsTm>2105</api1:clsTm>
          <api1:spDdFlg>0</api1:spDdFlg>
          <api1:strFlg>0</api1:strFlg>
          <api1:aft6flg>0</api1:aft6flg>
          <api1:usjSn>1</api1:usjSn>
        </api1:prkCld>
        <api1:prkCld>
          <api1:prkId>USJ</api1:prkId>
          <api1:useDd>20170129</api1:useDd>
          <api1:clsFlg>0</api1:clsFlg>
          <api1:opnTm>0805</api1:opnTm>
          <api1:clsTm>2105</api1:clsTm>
          <api1:spDdFlg>0</api1:spDdFlg>
          <api1:strFlg>0</api1:strFlg>
          <api1:aft6flg>0</api1:aft6flg>
          <api1:usjSn>1</api1:usjSn>
        </api1:prkCld>
        <api1:prkCld>
          <api1:prkId>USJ</api1:prkId>
          <api1:useDd>20170130</api1:useDd>
          <api1:clsFlg>0</api1:clsFlg>
          <api1:opnTm>0805</api1:opnTm>
          <api1:clsTm>2105</api1:clsTm>
          <api1:spDdFlg>0</api1:spDdFlg>
          <api1:strFlg>0</api1:strFlg>
          <api1:aft6flg>0</api1:aft6flg>
          <api1:usjSn>1</api1:usjSn>
        </api1:prkCld>
         <api1:prkCld>
          <api1:prkId>USJ</api1:prkId>
          <api1:useDd>20170201</api1:useDd>
          <api1:clsFlg>1</api1:clsFlg>
          <api1:opnTm>0805</api1:opnTm>
          <api1:clsTm>2105</api1:clsTm>
          <api1:spDdFlg>0</api1:spDdFlg>
          <api1:strFlg>0</api1:strFlg>
          <api1:aft6flg>0</api1:aft6flg>
          <api1:usjSn>1</api1:usjSn>
        </api1:prkCld>
        <api1:prkCld>
          <api1:prkId>USJ</api1:prkId>
          <api1:useDd>20170202</api1:useDd>
          <api1:clsFlg>0</api1:clsFlg>
          <api1:opnTm>0805</api1:opnTm>
          <api1:clsTm>2105</api1:clsTm>
          <api1:spDdFlg>0</api1:spDdFlg>
          <api1:strFlg>0</api1:strFlg>
          <api1:aft6flg>0</api1:aft6flg>
          <api1:usjSn>1</api1:usjSn>
        </api1:prkCld>
        <api1:prkCld>
          <api1:prkId>USJ</api1:prkId>
          <api1:useDd>20170203</api1:useDd>
          <api1:clsFlg>0</api1:clsFlg>
          <api1:opnTm>0805</api1:opnTm>
          <api1:clsTm>2105</api1:clsTm>
          <api1:spDdFlg>0</api1:spDdFlg>
          <api1:strFlg>0</api1:strFlg>
          <api1:aft6flg>0</api1:aft6flg>
          <api1:usjSn>1</api1:usjSn>
        </api1:prkCld>
        <api1:prkCld>
          <api1:prkId>USJ</api1:prkId>
          <api1:useDd>20170204</api1:useDd>
          <api1:clsFlg>0</api1:clsFlg>
          <api1:opnTm>0805</api1:opnTm>
          <api1:clsTm>2105</api1:clsTm>
          <api1:spDdFlg>0</api1:spDdFlg>
          <api1:strFlg>0</api1:strFlg>
          <api1:aft6flg>0</api1:aft6flg>
          <api1:usjSn>1</api1:usjSn>
        </api1:prkCld>
        <api1:prkCld>
          <api1:prkId>USJ</api1:prkId>
          <api1:useDd>20170205</api1:useDd>
          <api1:clsFlg>1</api1:clsFlg>
          <api1:opnTm>0805</api1:opnTm>
          <api1:clsTm>2105</api1:clsTm>
          <api1:spDdFlg>0</api1:spDdFlg>
          <api1:strFlg>0</api1:strFlg>
          <api1:aft6flg>0</api1:aft6flg>
          <api1:usjSn>1</api1:usjSn>
        </api1:prkCld>
        <api1:prkCld>
          <api1:prkId>USJ</api1:prkId>
          <api1:useDd>20170206</api1:useDd>
          <api1:clsFlg>0</api1:clsFlg>
          <api1:opnTm>0805</api1:opnTm>
          <api1:clsTm>2105</api1:clsTm>
          <api1:spDdFlg>0</api1:spDdFlg>
          <api1:strFlg>0</api1:strFlg>
          <api1:aft6flg>0</api1:aft6flg>
          <api1:usjSn>1</api1:usjSn>
        </api1:prkCld>
        <api1:prkCld>
          <api1:prkId>USJ</api1:prkId>
          <api1:useDd>20170207</api1:useDd>
          <api1:clsFlg>0</api1:clsFlg>
          <api1:opnTm>0805</api1:opnTm>
          <api1:clsTm>2105</api1:clsTm>
          <api1:spDdFlg>0</api1:spDdFlg>
          <api1:strFlg>0</api1:strFlg>
          <api1:aft6flg>0</api1:aft6flg>
          <api1:usjSn>1</api1:usjSn>
        </api1:prkCld>
        <api1:prkCld>
          <api1:prkId>USJ</api1:prkId>
          <api1:useDd>20170208</api1:useDd>
          <api1:clsFlg>0</api1:clsFlg>
          <api1:opnTm>0805</api1:opnTm>
          <api1:clsTm>2105</api1:clsTm>
          <api1:spDdFlg>0</api1:spDdFlg>
          <api1:strFlg>0</api1:strFlg>
          <api1:aft6flg>0</api1:aft6flg>
          <api1:usjSn>1</api1:usjSn>
        </api1:prkCld>
        <api1:prkCld>
          <api1:prkId>USJ</api1:prkId>
          <api1:useDd>20170209</api1:useDd>
          <api1:clsFlg>0</api1:clsFlg>
          <api1:opnTm>0805</api1:opnTm>
          <api1:clsTm>2105</api1:clsTm>
          <api1:spDdFlg>0</api1:spDdFlg>
          <api1:strFlg>0</api1:strFlg>
          <api1:aft6flg>0</api1:aft6flg>
          <api1:usjSn>1</api1:usjSn>
        </api1:prkCld>
        <api1:prkCld>
          <api1:prkId>USJ</api1:prkId>
          <api1:useDd>20170210</api1:useDd>
          <api1:clsFlg>0</api1:clsFlg>
          <api1:opnTm>0805</api1:opnTm>
          <api1:clsTm>2105</api1:clsTm>
          <api1:spDdFlg>0</api1:spDdFlg>
          <api1:strFlg>0</api1:strFlg>
          <api1:aft6flg>0</api1:aft6flg>
          <api1:usjSn>1</api1:usjSn>
        </api1:prkCld>
        <api1:prkCld>
          <api1:prkId>USJ</api1:prkId>
          <api1:useDd>20170211</api1:useDd>
          <api1:clsFlg>0</api1:clsFlg>
          <api1:opnTm>0805</api1:opnTm>
          <api1:clsTm>2105</api1:clsTm>
          <api1:spDdFlg>0</api1:spDdFlg>
          <api1:strFlg>0</api1:strFlg>
          <api1:aft6flg>0</api1:aft6flg>
          <api1:usjSn>1</api1:usjSn>
        </api1:prkCld>
        <api1:prkCld>
          <api1:prkId>USJ</api1:prkId>
          <api1:useDd>20170212</api1:useDd>
          <api1:clsFlg>0</api1:clsFlg>
          <api1:opnTm>0805</api1:opnTm>
          <api1:clsTm>2105</api1:clsTm>
          <api1:spDdFlg>0</api1:spDdFlg>
          <api1:strFlg>0</api1:strFlg>
          <api1:aft6flg>0</api1:aft6flg>
          <api1:usjSn>1</api1:usjSn>
        </api1:prkCld>
        <api1:prkCld>
          <api1:prkId>USJ</api1:prkId>
          <api1:useDd>20170213</api1:useDd>
          <api1:clsFlg>0</api1:clsFlg>
          <api1:opnTm>0805</api1:opnTm>
          <api1:clsTm>2105</api1:clsTm>
          <api1:spDdFlg>0</api1:spDdFlg>
          <api1:strFlg>0</api1:strFlg>
          <api1:aft6flg>0</api1:aft6flg>
          <api1:usjSn>1</api1:usjSn>
        </api1:prkCld>
        <api1:prkCld>
          <api1:prkId>USJ</api1:prkId>
          <api1:useDd>20170214</api1:useDd>
          <api1:clsFlg>0</api1:clsFlg>
          <api1:opnTm>0805</api1:opnTm>
          <api1:clsTm>2105</api1:clsTm>
          <api1:spDdFlg>0</api1:spDdFlg>
          <api1:strFlg>0</api1:strFlg>
          <api1:aft6flg>0</api1:aft6flg>
          <api1:usjSn>1</api1:usjSn>
        </api1:prkCld>
        <api1:prkCld>
          <api1:prkId>USJ</api1:prkId>
          <api1:useDd>20170215</api1:useDd>
          <api1:clsFlg>0</api1:clsFlg>
          <api1:opnTm>0805</api1:opnTm>
          <api1:clsTm>2105</api1:clsTm>
          <api1:spDdFlg>0</api1:spDdFlg>
          <api1:strFlg>0</api1:strFlg>
          <api1:aft6flg>0</api1:aft6flg>
          <api1:usjSn>1</api1:usjSn>
        </api1:prkCld>
        <api1:prkCld>
          <api1:prkId>USJ</api1:prkId>
          <api1:useDd>20170216</api1:useDd>
          <api1:clsFlg>0</api1:clsFlg>
          <api1:opnTm>0805</api1:opnTm>
          <api1:clsTm>2105</api1:clsTm>
          <api1:spDdFlg>0</api1:spDdFlg>
          <api1:strFlg>0</api1:strFlg>
          <api1:aft6flg>0</api1:aft6flg>
          <api1:usjSn>1</api1:usjSn>
        </api1:prkCld>
        <api1:prkCld>
          <api1:prkId>USJ</api1:prkId>
          <api1:useDd>20170217</api1:useDd>
          <api1:clsFlg>0</api1:clsFlg>
          <api1:opnTm>0805</api1:opnTm>
          <api1:clsTm>2105</api1:clsTm>
          <api1:spDdFlg>0</api1:spDdFlg>
          <api1:strFlg>0</api1:strFlg>
          <api1:aft6flg>0</api1:aft6flg>
          <api1:usjSn>1</api1:usjSn>
        </api1:prkCld>
        <api1:prkCld>
          <api1:prkId>USJ</api1:prkId>
          <api1:useDd>20170218</api1:useDd>
          <api1:clsFlg>0</api1:clsFlg>
          <api1:opnTm>0805</api1:opnTm>
          <api1:clsTm>2105</api1:clsTm>
          <api1:spDdFlg>0</api1:spDdFlg>
          <api1:strFlg>0</api1:strFlg>
          <api1:aft6flg>0</api1:aft6flg>
          <api1:usjSn>1</api1:usjSn>
        </api1:prkCld>
        <api1:prkCld>
          <api1:prkId>USJ</api1:prkId>
          <api1:useDd>20170219</api1:useDd>
          <api1:clsFlg>0</api1:clsFlg>
          <api1:opnTm>0805</api1:opnTm>
          <api1:clsTm>2105</api1:clsTm>
          <api1:spDdFlg>0</api1:spDdFlg>
          <api1:strFlg>0</api1:strFlg>
          <api1:aft6flg>0</api1:aft6flg>
          <api1:usjSn>1</api1:usjSn>
        </api1:prkCld>
        <api1:prkCld>
          <api1:prkId>USJ</api1:prkId>
          <api1:useDd>20170220</api1:useDd>
          <api1:clsFlg>0</api1:clsFlg>
          <api1:opnTm>0805</api1:opnTm>
          <api1:clsTm>2105</api1:clsTm>
          <api1:spDdFlg>0</api1:spDdFlg>
          <api1:strFlg>0</api1:strFlg>
          <api1:aft6flg>0</api1:aft6flg>
          <api1:usjSn>1</api1:usjSn>
        </api1:prkCld>
        <api1:prkCld>
          <api1:prkId>USJ</api1:prkId>
          <api1:useDd>20170221</api1:useDd>
          <api1:clsFlg>0</api1:clsFlg>
          <api1:opnTm>0805</api1:opnTm>
          <api1:clsTm>2105</api1:clsTm>
          <api1:spDdFlg>0</api1:spDdFlg>
          <api1:strFlg>0</api1:strFlg>
          <api1:aft6flg>0</api1:aft6flg>
          <api1:usjSn>1</api1:usjSn>
        </api1:prkCld>
        <api1:prkCld>
          <api1:prkId>USJ</api1:prkId>
          <api1:useDd>20170222</api1:useDd>
          <api1:clsFlg>0</api1:clsFlg>
          <api1:opnTm>0805</api1:opnTm>
          <api1:clsTm>2105</api1:clsTm>
          <api1:spDdFlg>0</api1:spDdFlg>
          <api1:strFlg>0</api1:strFlg>
          <api1:aft6flg>0</api1:aft6flg>
          <api1:usjSn>1</api1:usjSn>
        </api1:prkCld>
        <api1:prkCld>
          <api1:prkId>USJ</api1:prkId>
          <api1:useDd>20170223</api1:useDd>
          <api1:clsFlg>0</api1:clsFlg>
          <api1:opnTm>0805</api1:opnTm>
          <api1:clsTm>2105</api1:clsTm>
          <api1:spDdFlg>0</api1:spDdFlg>
          <api1:strFlg>0</api1:strFlg>
          <api1:aft6flg>0</api1:aft6flg>
          <api1:usjSn>1</api1:usjSn>
        </api1:prkCld>
        <api1:prkCld>
          <api1:prkId>USJ</api1:prkId>
          <api1:useDd>20170224</api1:useDd>
          <api1:clsFlg>0</api1:clsFlg>
          <api1:opnTm>0805</api1:opnTm>
          <api1:clsTm>2105</api1:clsTm>
          <api1:spDdFlg>0</api1:spDdFlg>
          <api1:strFlg>0</api1:strFlg>
          <api1:aft6flg>0</api1:aft6flg>
          <api1:usjSn>1</api1:usjSn>
        </api1:prkCld>
        <api1:prkCld>
          <api1:prkId>USJ</api1:prkId>
          <api1:useDd>20170225</api1:useDd>
          <api1:clsFlg>0</api1:clsFlg>
          <api1:opnTm>0805</api1:opnTm>
          <api1:clsTm>2105</api1:clsTm>
          <api1:spDdFlg>0</api1:spDdFlg>
          <api1:strFlg>0</api1:strFlg>
          <api1:aft6flg>0</api1:aft6flg>
          <api1:usjSn>1</api1:usjSn>
        </api1:prkCld>
        <api1:prkCld>
          <api1:prkId>USJ</api1:prkId>
          <api1:useDd>20170226</api1:useDd>
          <api1:clsFlg>0</api1:clsFlg>
          <api1:opnTm>0805</api1:opnTm>
          <api1:clsTm>2105</api1:clsTm>
          <api1:spDdFlg>0</api1:spDdFlg>
          <api1:strFlg>0</api1:strFlg>
          <api1:aft6flg>0</api1:aft6flg>
          <api1:usjSn>1</api1:usjSn>
        </api1:prkCld>
        <api1:prkCld>
          <api1:prkId>USJ</api1:prkId>
          <api1:useDd>20170227</api1:useDd>
          <api1:clsFlg>0</api1:clsFlg>
          <api1:opnTm>0805</api1:opnTm>
          <api1:clsTm>2105</api1:clsTm>
          <api1:spDdFlg>0</api1:spDdFlg>
          <api1:strFlg>0</api1:strFlg>
          <api1:aft6flg>0</api1:aft6flg>
          <api1:usjSn>1</api1:usjSn>
        </api1:prkCld>
        <api1:prkCld>
          <api1:prkId>USJ</api1:prkId>
          <api1:useDd>20170228</api1:useDd>
          <api1:clsFlg>0</api1:clsFlg>
          <api1:opnTm>0805</api1:opnTm>
          <api1:clsTm>2105</api1:clsTm>
          <api1:spDdFlg>0</api1:spDdFlg>
          <api1:strFlg>0</api1:strFlg>
          <api1:aft6flg>0</api1:aft6flg>
          <api1:usjSn>1</api1:usjSn>
        </api1:prkCld>
        <api1:prkCld>
          <api1:prkId>TDS</api1:prkId>
          <api1:useDd>20170101</api1:useDd>
          <api1:clsFlg>1</api1:clsFlg>
          <api1:opnTm>0805</api1:opnTm>
          <api1:clsTm>2105</api1:clsTm>
          <api1:spDdFlg>0</api1:spDdFlg>
          <api1:strFlg>0</api1:strFlg>
          <api1:aft6flg>0</api1:aft6flg>
          <api1:usjSn>1</api1:usjSn>
        </api1:prkCld>
        <api1:prkCld>
          <api1:prkId>TDS</api1:prkId>
          <api1:useDd>20170102</api1:useDd>
          <api1:clsFlg>0</api1:clsFlg>
          <api1:opnTm>0805</api1:opnTm>
          <api1:clsTm>2105</api1:clsTm>
          <api1:spDdFlg>0</api1:spDdFlg>
          <api1:strFlg>0</api1:strFlg>
          <api1:aft6flg>0</api1:aft6flg>
          <api1:usjSn>1</api1:usjSn>
        </api1:prkCld>
        <api1:prkCld>
          <api1:prkId>TDS</api1:prkId>
          <api1:useDd>20170103</api1:useDd>
          <api1:clsFlg>0</api1:clsFlg>
          <api1:opnTm>0805</api1:opnTm>
          <api1:clsTm>2105</api1:clsTm>
          <api1:spDdFlg>0</api1:spDdFlg>
          <api1:strFlg>0</api1:strFlg>
          <api1:aft6flg>0</api1:aft6flg>
          <api1:usjSn>1</api1:usjSn>
        </api1:prkCld>
        <api1:prkCld>
          <api1:prkId>TDS</api1:prkId>
          <api1:useDd>20170104</api1:useDd>
          <api1:clsFlg>0</api1:clsFlg>
          <api1:opnTm>0805</api1:opnTm>
          <api1:clsTm>2105</api1:clsTm>
          <api1:spDdFlg>0</api1:spDdFlg>
          <api1:strFlg>0</api1:strFlg>
          <api1:aft6flg>0</api1:aft6flg>
          <api1:usjSn>1</api1:usjSn>
        </api1:prkCld>
        <api1:prkCld>
          <api1:prkId>TDS</api1:prkId>
          <api1:useDd>20170105</api1:useDd>
          <api1:clsFlg>1</api1:clsFlg>
          <api1:opnTm>0805</api1:opnTm>
          <api1:clsTm>2105</api1:clsTm>
          <api1:spDdFlg>0</api1:spDdFlg>
          <api1:strFlg>0</api1:strFlg>
          <api1:aft6flg>0</api1:aft6flg>
          <api1:usjSn>1</api1:usjSn>
        </api1:prkCld>
        <api1:prkCld>
          <api1:prkId>TDS</api1:prkId>
          <api1:useDd>20170106</api1:useDd>
          <api1:clsFlg>0</api1:clsFlg>
          <api1:opnTm>0805</api1:opnTm>
          <api1:clsTm>2105</api1:clsTm>
          <api1:spDdFlg>0</api1:spDdFlg>
          <api1:strFlg>0</api1:strFlg>
          <api1:aft6flg>0</api1:aft6flg>
          <api1:usjSn>1</api1:usjSn>
        </api1:prkCld>
        <api1:prkCld>
          <api1:prkId>TDS</api1:prkId>
          <api1:useDd>20170107</api1:useDd>
          <api1:clsFlg>0</api1:clsFlg>
          <api1:opnTm>0805</api1:opnTm>
          <api1:clsTm>2105</api1:clsTm>
          <api1:spDdFlg>0</api1:spDdFlg>
          <api1:strFlg>0</api1:strFlg>
          <api1:aft6flg>0</api1:aft6flg>
          <api1:usjSn>1</api1:usjSn>
        </api1:prkCld>
        <api1:prkCld>
          <api1:prkId>TDS</api1:prkId>
          <api1:useDd>20170108</api1:useDd>
          <api1:clsFlg>0</api1:clsFlg>
          <api1:opnTm>0805</api1:opnTm>
          <api1:clsTm>2105</api1:clsTm>
          <api1:spDdFlg>0</api1:spDdFlg>
          <api1:strFlg>0</api1:strFlg>
          <api1:aft6flg>0</api1:aft6flg>
          <api1:usjSn>1</api1:usjSn>
        </api1:prkCld>
        <api1:prkCld>
          <api1:prkId>TDS</api1:prkId>
          <api1:useDd>20170109</api1:useDd>
          <api1:clsFlg>0</api1:clsFlg>
          <api1:opnTm>0805</api1:opnTm>
          <api1:clsTm>2105</api1:clsTm>
          <api1:spDdFlg>0</api1:spDdFlg>
          <api1:strFlg>0</api1:strFlg>
          <api1:aft6flg>0</api1:aft6flg>
          <api1:usjSn>1</api1:usjSn>
        </api1:prkCld>
        <api1:prkCld>
          <api1:prkId>TDS</api1:prkId>
          <api1:useDd>20170110</api1:useDd>
          <api1:clsFlg>0</api1:clsFlg>
          <api1:opnTm>0805</api1:opnTm>
          <api1:clsTm>2105</api1:clsTm>
          <api1:spDdFlg>0</api1:spDdFlg>
          <api1:strFlg>0</api1:strFlg>
          <api1:aft6flg>0</api1:aft6flg>
          <api1:usjSn>1</api1:usjSn>
        </api1:prkCld>
        <api1:prkCld>
          <api1:prkId>TDS</api1:prkId>
          <api1:useDd>20170111</api1:useDd>
          <api1:clsFlg>0</api1:clsFlg>
          <api1:opnTm>0805</api1:opnTm>
          <api1:clsTm>2105</api1:clsTm>
          <api1:spDdFlg>0</api1:spDdFlg>
          <api1:strFlg>0</api1:strFlg>
          <api1:aft6flg>0</api1:aft6flg>
          <api1:usjSn>1</api1:usjSn>
        </api1:prkCld>
        <api1:prkCld>
          <api1:prkId>TDS</api1:prkId>
          <api1:useDd>20170112</api1:useDd>
          <api1:clsFlg>0</api1:clsFlg>
          <api1:opnTm>0805</api1:opnTm>
          <api1:clsTm>2105</api1:clsTm>
          <api1:spDdFlg>0</api1:spDdFlg>
          <api1:strFlg>0</api1:strFlg>
          <api1:aft6flg>0</api1:aft6flg>
          <api1:usjSn>1</api1:usjSn>
        </api1:prkCld>
        <api1:prkCld>
          <api1:prkId>TDS</api1:prkId>
          <api1:useDd>20170113</api1:useDd>
          <api1:clsFlg>0</api1:clsFlg>
          <api1:opnTm>0805</api1:opnTm>
          <api1:clsTm>2105</api1:clsTm>
          <api1:spDdFlg>0</api1:spDdFlg>
          <api1:strFlg>0</api1:strFlg>
          <api1:aft6flg>0</api1:aft6flg>
          <api1:usjSn>1</api1:usjSn>
        </api1:prkCld>
        <api1:prkCld>
          <api1:prkId>TDS</api1:prkId>
          <api1:useDd>20170114</api1:useDd>
          <api1:clsFlg>0</api1:clsFlg>
          <api1:opnTm>0805</api1:opnTm>
          <api1:clsTm>2105</api1:clsTm>
          <api1:spDdFlg>0</api1:spDdFlg>
          <api1:strFlg>0</api1:strFlg>
          <api1:aft6flg>0</api1:aft6flg>
          <api1:usjSn>1</api1:usjSn>
        </api1:prkCld>
        <api1:prkCld>
          <api1:prkId>TDS</api1:prkId>
          <api1:useDd>20170115</api1:useDd>
          <api1:clsFlg>0</api1:clsFlg>
          <api1:opnTm>0805</api1:opnTm>
          <api1:clsTm>2105</api1:clsTm>
          <api1:spDdFlg>0</api1:spDdFlg>
          <api1:strFlg>0</api1:strFlg>
          <api1:aft6flg>0</api1:aft6flg>
          <api1:usjSn>1</api1:usjSn>
        </api1:prkCld>
        <api1:prkCld>
          <api1:prkId>TDS</api1:prkId>
          <api1:useDd>20170116</api1:useDd>
          <api1:clsFlg>0</api1:clsFlg>
          <api1:opnTm>0805</api1:opnTm>
          <api1:clsTm>2105</api1:clsTm>
          <api1:spDdFlg>0</api1:spDdFlg>
          <api1:strFlg>0</api1:strFlg>
          <api1:aft6flg>0</api1:aft6flg>
          <api1:usjSn>1</api1:usjSn>
        </api1:prkCld>
        <api1:prkCld>
          <api1:prkId>TDS</api1:prkId>
          <api1:useDd>20170117</api1:useDd>
          <api1:clsFlg>0</api1:clsFlg>
          <api1:opnTm>0805</api1:opnTm>
          <api1:clsTm>2105</api1:clsTm>
          <api1:spDdFlg>0</api1:spDdFlg>
          <api1:strFlg>0</api1:strFlg>
          <api1:aft6flg>0</api1:aft6flg>
          <api1:usjSn>1</api1:usjSn>
        </api1:prkCld>
        <api1:prkCld>
          <api1:prkId>TDS</api1:prkId>
          <api1:useDd>20170118</api1:useDd>
          <api1:clsFlg>0</api1:clsFlg>
          <api1:opnTm>0805</api1:opnTm>
          <api1:clsTm>2105</api1:clsTm>
          <api1:spDdFlg>0</api1:spDdFlg>
          <api1:strFlg>0</api1:strFlg>
          <api1:aft6flg>0</api1:aft6flg>
          <api1:usjSn>1</api1:usjSn>
        </api1:prkCld>
        <api1:prkCld>
          <api1:prkId>TDS</api1:prkId>
          <api1:useDd>20170119</api1:useDd>
          <api1:clsFlg>0</api1:clsFlg>
          <api1:opnTm>0805</api1:opnTm>
          <api1:clsTm>2105</api1:clsTm>
          <api1:spDdFlg>0</api1:spDdFlg>
          <api1:strFlg>0</api1:strFlg>
          <api1:aft6flg>0</api1:aft6flg>
          <api1:usjSn>1</api1:usjSn>
        </api1:prkCld>
        <api1:prkCld>
          <api1:prkId>TDS</api1:prkId>
          <api1:useDd>20170120</api1:useDd>
          <api1:clsFlg>0</api1:clsFlg>
          <api1:opnTm>0805</api1:opnTm>
          <api1:clsTm>2105</api1:clsTm>
          <api1:spDdFlg>0</api1:spDdFlg>
          <api1:strFlg>0</api1:strFlg>
          <api1:aft6flg>0</api1:aft6flg>
          <api1:usjSn>1</api1:usjSn>
        </api1:prkCld>
        <api1:prkCld>
          <api1:prkId>TDS</api1:prkId>
          <api1:useDd>20170121</api1:useDd>
          <api1:clsFlg>0</api1:clsFlg>
          <api1:opnTm>0805</api1:opnTm>
          <api1:clsTm>2105</api1:clsTm>
          <api1:spDdFlg>0</api1:spDdFlg>
          <api1:strFlg>0</api1:strFlg>
          <api1:aft6flg>0</api1:aft6flg>
          <api1:usjSn>1</api1:usjSn>
        </api1:prkCld>
        <api1:prkCld>
          <api1:prkId>TDS</api1:prkId>
          <api1:useDd>20170122</api1:useDd>
          <api1:clsFlg>0</api1:clsFlg>
          <api1:opnTm>0805</api1:opnTm>
          <api1:clsTm>2105</api1:clsTm>
          <api1:spDdFlg>0</api1:spDdFlg>
          <api1:strFlg>0</api1:strFlg>
          <api1:aft6flg>0</api1:aft6flg>
          <api1:usjSn>1</api1:usjSn>
        </api1:prkCld>
        <api1:prkCld>
          <api1:prkId>TDS</api1:prkId>
          <api1:useDd>20170123</api1:useDd>
          <api1:clsFlg>0</api1:clsFlg>
          <api1:opnTm>0805</api1:opnTm>
          <api1:clsTm>2105</api1:clsTm>
          <api1:spDdFlg>0</api1:spDdFlg>
          <api1:strFlg>0</api1:strFlg>
          <api1:aft6flg>0</api1:aft6flg>
          <api1:usjSn>1</api1:usjSn>
        </api1:prkCld>
        <api1:prkCld>
          <api1:prkId>TDS</api1:prkId>
          <api1:useDd>20170124</api1:useDd>
          <api1:clsFlg>0</api1:clsFlg>
          <api1:opnTm>0805</api1:opnTm>
          <api1:clsTm>2105</api1:clsTm>
          <api1:spDdFlg>0</api1:spDdFlg>
          <api1:strFlg>0</api1:strFlg>
          <api1:aft6flg>0</api1:aft6flg>
          <api1:usjSn>1</api1:usjSn>
        </api1:prkCld>
        <api1:prkCld>
          <api1:prkId>TDS</api1:prkId>
          <api1:useDd>20170125</api1:useDd>
          <api1:clsFlg>0</api1:clsFlg>
          <api1:opnTm>0805</api1:opnTm>
          <api1:clsTm>2105</api1:clsTm>
          <api1:spDdFlg>0</api1:spDdFlg>
          <api1:strFlg>0</api1:strFlg>
          <api1:aft6flg>0</api1:aft6flg>
          <api1:usjSn>1</api1:usjSn>
        </api1:prkCld>
        <api1:prkCld>
          <api1:prkId>TDS</api1:prkId>
          <api1:useDd>20170126</api1:useDd>
          <api1:clsFlg>0</api1:clsFlg>
          <api1:opnTm>0805</api1:opnTm>
          <api1:clsTm>2105</api1:clsTm>
          <api1:spDdFlg>0</api1:spDdFlg>
          <api1:strFlg>0</api1:strFlg>
          <api1:aft6flg>0</api1:aft6flg>
          <api1:usjSn>1</api1:usjSn>
        </api1:prkCld>
        <api1:prkCld>
          <api1:prkId>TDS</api1:prkId>
          <api1:useDd>20170127</api1:useDd>
          <api1:clsFlg>0</api1:clsFlg>
          <api1:opnTm>0805</api1:opnTm>
          <api1:clsTm>2105</api1:clsTm>
          <api1:spDdFlg>0</api1:spDdFlg>
          <api1:strFlg>0</api1:strFlg>
          <api1:aft6flg>0</api1:aft6flg>
          <api1:usjSn>1</api1:usjSn>
        </api1:prkCld>
        <api1:prkCld>
          <api1:prkId>TDS</api1:prkId>
          <api1:useDd>20170128</api1:useDd>
          <api1:clsFlg>0</api1:clsFlg>
          <api1:opnTm>0805</api1:opnTm>
          <api1:clsTm>2105</api1:clsTm>
          <api1:spDdFlg>0</api1:spDdFlg>
          <api1:strFlg>0</api1:strFlg>
          <api1:aft6flg>0</api1:aft6flg>
          <api1:usjSn>1</api1:usjSn>
        </api1:prkCld>
        <api1:prkCld>
          <api1:prkId>TDS</api1:prkId>
          <api1:useDd>20170129</api1:useDd>
          <api1:clsFlg>0</api1:clsFlg>
          <api1:opnTm>0805</api1:opnTm>
          <api1:clsTm>2105</api1:clsTm>
          <api1:spDdFlg>0</api1:spDdFlg>
          <api1:strFlg>0</api1:strFlg>
          <api1:aft6flg>0</api1:aft6flg>
          <api1:usjSn>1</api1:usjSn>
        </api1:prkCld>
        <api1:prkCld>
          <api1:prkId>TDS</api1:prkId>
          <api1:useDd>20170130</api1:useDd>
          <api1:clsFlg>0</api1:clsFlg>
          <api1:opnTm>0805</api1:opnTm>
          <api1:clsTm>2105</api1:clsTm>
          <api1:spDdFlg>0</api1:spDdFlg>
          <api1:strFlg>0</api1:strFlg>
          <api1:aft6flg>0</api1:aft6flg>
          <api1:usjSn>1</api1:usjSn>
        </api1:prkCld>
         <api1:prkCld>
          <api1:prkId>TDS</api1:prkId>
          <api1:useDd>20170201</api1:useDd>
          <api1:clsFlg>1</api1:clsFlg>
          <api1:opnTm>0805</api1:opnTm>
          <api1:clsTm>2105</api1:clsTm>
          <api1:spDdFlg>0</api1:spDdFlg>
          <api1:strFlg>0</api1:strFlg>
          <api1:aft6flg>0</api1:aft6flg>
          <api1:usjSn>1</api1:usjSn>
        </api1:prkCld>
        <api1:prkCld>
          <api1:prkId>TDS</api1:prkId>
          <api1:useDd>20170202</api1:useDd>
          <api1:clsFlg>0</api1:clsFlg>
          <api1:opnTm>0805</api1:opnTm>
          <api1:clsTm>2105</api1:clsTm>
          <api1:spDdFlg>0</api1:spDdFlg>
          <api1:strFlg>0</api1:strFlg>
          <api1:aft6flg>0</api1:aft6flg>
          <api1:usjSn>1</api1:usjSn>
        </api1:prkCld>
        <api1:prkCld>
          <api1:prkId>TDS</api1:prkId>
          <api1:useDd>20170203</api1:useDd>
          <api1:clsFlg>0</api1:clsFlg>
          <api1:opnTm>0805</api1:opnTm>
          <api1:clsTm>2105</api1:clsTm>
          <api1:spDdFlg>0</api1:spDdFlg>
          <api1:strFlg>0</api1:strFlg>
          <api1:aft6flg>0</api1:aft6flg>
          <api1:usjSn>1</api1:usjSn>
        </api1:prkCld>
        <api1:prkCld>
          <api1:prkId>TDS</api1:prkId>
          <api1:useDd>20170204</api1:useDd>
          <api1:clsFlg>0</api1:clsFlg>
          <api1:opnTm>0805</api1:opnTm>
          <api1:clsTm>2105</api1:clsTm>
          <api1:spDdFlg>0</api1:spDdFlg>
          <api1:strFlg>0</api1:strFlg>
          <api1:aft6flg>0</api1:aft6flg>
          <api1:usjSn>1</api1:usjSn>
        </api1:prkCld>
        <api1:prkCld>
          <api1:prkId>TDS</api1:prkId>
          <api1:useDd>20170205</api1:useDd>
          <api1:clsFlg>1</api1:clsFlg>
          <api1:opnTm>0805</api1:opnTm>
          <api1:clsTm>2105</api1:clsTm>
          <api1:spDdFlg>0</api1:spDdFlg>
          <api1:strFlg>0</api1:strFlg>
          <api1:aft6flg>0</api1:aft6flg>
          <api1:usjSn>1</api1:usjSn>
        </api1:prkCld>
        <api1:prkCld>
          <api1:prkId>TDS</api1:prkId>
          <api1:useDd>20170206</api1:useDd>
          <api1:clsFlg>0</api1:clsFlg>
          <api1:opnTm>0805</api1:opnTm>
          <api1:clsTm>2105</api1:clsTm>
          <api1:spDdFlg>0</api1:spDdFlg>
          <api1:strFlg>0</api1:strFlg>
          <api1:aft6flg>0</api1:aft6flg>
          <api1:usjSn>1</api1:usjSn>
        </api1:prkCld>
        <api1:prkCld>
          <api1:prkId>TDS</api1:prkId>
          <api1:useDd>20170207</api1:useDd>
          <api1:clsFlg>0</api1:clsFlg>
          <api1:opnTm>0805</api1:opnTm>
          <api1:clsTm>2105</api1:clsTm>
          <api1:spDdFlg>0</api1:spDdFlg>
          <api1:strFlg>0</api1:strFlg>
          <api1:aft6flg>0</api1:aft6flg>
          <api1:usjSn>1</api1:usjSn>
        </api1:prkCld>
        <api1:prkCld>
          <api1:prkId>TDS</api1:prkId>
          <api1:useDd>20170208</api1:useDd>
          <api1:clsFlg>0</api1:clsFlg>
          <api1:opnTm>0805</api1:opnTm>
          <api1:clsTm>2105</api1:clsTm>
          <api1:spDdFlg>0</api1:spDdFlg>
          <api1:strFlg>0</api1:strFlg>
          <api1:aft6flg>0</api1:aft6flg>
          <api1:usjSn>1</api1:usjSn>
        </api1:prkCld>
        <api1:prkCld>
          <api1:prkId>TDS</api1:prkId>
          <api1:useDd>20170209</api1:useDd>
          <api1:clsFlg>0</api1:clsFlg>
          <api1:opnTm>0805</api1:opnTm>
          <api1:clsTm>2105</api1:clsTm>
          <api1:spDdFlg>0</api1:spDdFlg>
          <api1:strFlg>0</api1:strFlg>
          <api1:aft6flg>0</api1:aft6flg>
          <api1:usjSn>1</api1:usjSn>
        </api1:prkCld>
        <api1:prkCld>
          <api1:prkId>TDS</api1:prkId>
          <api1:useDd>20170210</api1:useDd>
          <api1:clsFlg>0</api1:clsFlg>
          <api1:opnTm>0805</api1:opnTm>
          <api1:clsTm>2105</api1:clsTm>
          <api1:spDdFlg>0</api1:spDdFlg>
          <api1:strFlg>0</api1:strFlg>
          <api1:aft6flg>0</api1:aft6flg>
          <api1:usjSn>1</api1:usjSn>
        </api1:prkCld>
        <api1:prkCld>
          <api1:prkId>TDS</api1:prkId>
          <api1:useDd>20170211</api1:useDd>
          <api1:clsFlg>0</api1:clsFlg>
          <api1:opnTm>0805</api1:opnTm>
          <api1:clsTm>2105</api1:clsTm>
          <api1:spDdFlg>0</api1:spDdFlg>
          <api1:strFlg>0</api1:strFlg>
          <api1:aft6flg>0</api1:aft6flg>
          <api1:usjSn>1</api1:usjSn>
        </api1:prkCld>
        <api1:prkCld>
          <api1:prkId>TDS</api1:prkId>
          <api1:useDd>20170212</api1:useDd>
          <api1:clsFlg>0</api1:clsFlg>
          <api1:opnTm>0805</api1:opnTm>
          <api1:clsTm>2105</api1:clsTm>
          <api1:spDdFlg>0</api1:spDdFlg>
          <api1:strFlg>0</api1:strFlg>
          <api1:aft6flg>0</api1:aft6flg>
          <api1:usjSn>1</api1:usjSn>
        </api1:prkCld>
        <api1:prkCld>
          <api1:prkId>TDS</api1:prkId>
          <api1:useDd>20170213</api1:useDd>
          <api1:clsFlg>0</api1:clsFlg>
          <api1:opnTm>0805</api1:opnTm>
          <api1:clsTm>2105</api1:clsTm>
          <api1:spDdFlg>0</api1:spDdFlg>
          <api1:strFlg>0</api1:strFlg>
          <api1:aft6flg>0</api1:aft6flg>
          <api1:usjSn>1</api1:usjSn>
        </api1:prkCld>
        <api1:prkCld>
          <api1:prkId>TDS</api1:prkId>
          <api1:useDd>20170214</api1:useDd>
          <api1:clsFlg>0</api1:clsFlg>
          <api1:opnTm>0805</api1:opnTm>
          <api1:clsTm>2105</api1:clsTm>
          <api1:spDdFlg>0</api1:spDdFlg>
          <api1:strFlg>0</api1:strFlg>
          <api1:aft6flg>0</api1:aft6flg>
          <api1:usjSn>1</api1:usjSn>
        </api1:prkCld>
        <api1:prkCld>
          <api1:prkId>TDS</api1:prkId>
          <api1:useDd>20170215</api1:useDd>
          <api1:clsFlg>0</api1:clsFlg>
          <api1:opnTm>0805</api1:opnTm>
          <api1:clsTm>2105</api1:clsTm>
          <api1:spDdFlg>0</api1:spDdFlg>
          <api1:strFlg>0</api1:strFlg>
          <api1:aft6flg>0</api1:aft6flg>
          <api1:usjSn>1</api1:usjSn>
        </api1:prkCld>
        <api1:prkCld>
          <api1:prkId>TDS</api1:prkId>
          <api1:useDd>20170216</api1:useDd>
          <api1:clsFlg>0</api1:clsFlg>
          <api1:opnTm>0805</api1:opnTm>
          <api1:clsTm>2105</api1:clsTm>
          <api1:spDdFlg>0</api1:spDdFlg>
          <api1:strFlg>0</api1:strFlg>
          <api1:aft6flg>0</api1:aft6flg>
          <api1:usjSn>1</api1:usjSn>
        </api1:prkCld>
        <api1:prkCld>
          <api1:prkId>TDS</api1:prkId>
          <api1:useDd>20170217</api1:useDd>
          <api1:clsFlg>0</api1:clsFlg>
          <api1:opnTm>0805</api1:opnTm>
          <api1:clsTm>2105</api1:clsTm>
          <api1:spDdFlg>0</api1:spDdFlg>
          <api1:strFlg>0</api1:strFlg>
          <api1:aft6flg>0</api1:aft6flg>
          <api1:usjSn>1</api1:usjSn>
        </api1:prkCld>
        <api1:prkCld>
          <api1:prkId>TDS</api1:prkId>
          <api1:useDd>20170218</api1:useDd>
          <api1:clsFlg>0</api1:clsFlg>
          <api1:opnTm>0805</api1:opnTm>
          <api1:clsTm>2105</api1:clsTm>
          <api1:spDdFlg>0</api1:spDdFlg>
          <api1:strFlg>0</api1:strFlg>
          <api1:aft6flg>0</api1:aft6flg>
          <api1:usjSn>1</api1:usjSn>
        </api1:prkCld>
        <api1:prkCld>
          <api1:prkId>TDS</api1:prkId>
          <api1:useDd>20170219</api1:useDd>
          <api1:clsFlg>0</api1:clsFlg>
          <api1:opnTm>0805</api1:opnTm>
          <api1:clsTm>2105</api1:clsTm>
          <api1:spDdFlg>0</api1:spDdFlg>
          <api1:strFlg>0</api1:strFlg>
          <api1:aft6flg>0</api1:aft6flg>
          <api1:usjSn>1</api1:usjSn>
        </api1:prkCld>
        <api1:prkCld>
          <api1:prkId>TDS</api1:prkId>
          <api1:useDd>20170220</api1:useDd>
          <api1:clsFlg>0</api1:clsFlg>
          <api1:opnTm>0805</api1:opnTm>
          <api1:clsTm>2105</api1:clsTm>
          <api1:spDdFlg>0</api1:spDdFlg>
          <api1:strFlg>0</api1:strFlg>
          <api1:aft6flg>0</api1:aft6flg>
          <api1:usjSn>1</api1:usjSn>
        </api1:prkCld>
        <api1:prkCld>
          <api1:prkId>TDS</api1:prkId>
          <api1:useDd>20170221</api1:useDd>
          <api1:clsFlg>0</api1:clsFlg>
          <api1:opnTm>0805</api1:opnTm>
          <api1:clsTm>2105</api1:clsTm>
          <api1:spDdFlg>0</api1:spDdFlg>
          <api1:strFlg>0</api1:strFlg>
          <api1:aft6flg>0</api1:aft6flg>
          <api1:usjSn>1</api1:usjSn>
        </api1:prkCld>
        <api1:prkCld>
          <api1:prkId>TDS</api1:prkId>
          <api1:useDd>20170222</api1:useDd>
          <api1:clsFlg>0</api1:clsFlg>
          <api1:opnTm>0805</api1:opnTm>
          <api1:clsTm>2105</api1:clsTm>
          <api1:spDdFlg>0</api1:spDdFlg>
          <api1:strFlg>0</api1:strFlg>
          <api1:aft6flg>0</api1:aft6flg>
          <api1:usjSn>1</api1:usjSn>
        </api1:prkCld>
        <api1:prkCld>
          <api1:prkId>TDS</api1:prkId>
          <api1:useDd>20170223</api1:useDd>
          <api1:clsFlg>0</api1:clsFlg>
          <api1:opnTm>0805</api1:opnTm>
          <api1:clsTm>2105</api1:clsTm>
          <api1:spDdFlg>0</api1:spDdFlg>
          <api1:strFlg>0</api1:strFlg>
          <api1:aft6flg>0</api1:aft6flg>
          <api1:usjSn>1</api1:usjSn>
        </api1:prkCld>
        <api1:prkCld>
          <api1:prkId>TDS</api1:prkId>
          <api1:useDd>20170224</api1:useDd>
          <api1:clsFlg>0</api1:clsFlg>
          <api1:opnTm>0805</api1:opnTm>
          <api1:clsTm>2105</api1:clsTm>
          <api1:spDdFlg>0</api1:spDdFlg>
          <api1:strFlg>0</api1:strFlg>
          <api1:aft6flg>0</api1:aft6flg>
          <api1:usjSn>1</api1:usjSn>
        </api1:prkCld>
        <api1:prkCld>
          <api1:prkId>TDS</api1:prkId>
          <api1:useDd>20170225</api1:useDd>
          <api1:clsFlg>0</api1:clsFlg>
          <api1:opnTm>0805</api1:opnTm>
          <api1:clsTm>2105</api1:clsTm>
          <api1:spDdFlg>0</api1:spDdFlg>
          <api1:strFlg>0</api1:strFlg>
          <api1:aft6flg>0</api1:aft6flg>
          <api1:usjSn>1</api1:usjSn>
        </api1:prkCld>
        <api1:prkCld>
          <api1:prkId>TDS</api1:prkId>
          <api1:useDd>20170226</api1:useDd>
          <api1:clsFlg>0</api1:clsFlg>
          <api1:opnTm>0805</api1:opnTm>
          <api1:clsTm>2105</api1:clsTm>
          <api1:spDdFlg>0</api1:spDdFlg>
          <api1:strFlg>0</api1:strFlg>
          <api1:aft6flg>0</api1:aft6flg>
          <api1:usjSn>1</api1:usjSn>
        </api1:prkCld>
        <api1:prkCld>
          <api1:prkId>TDS</api1:prkId>
          <api1:useDd>20170227</api1:useDd>
          <api1:clsFlg>0</api1:clsFlg>
          <api1:opnTm>0805</api1:opnTm>
          <api1:clsTm>2105</api1:clsTm>
          <api1:spDdFlg>0</api1:spDdFlg>
          <api1:strFlg>0</api1:strFlg>
          <api1:aft6flg>0</api1:aft6flg>
          <api1:usjSn>1</api1:usjSn>
        </api1:prkCld>
        <api1:prkCld>
          <api1:prkId>TDS</api1:prkId>
          <api1:useDd>20170228</api1:useDd>
          <api1:clsFlg>0</api1:clsFlg>
          <api1:opnTm>0805</api1:opnTm>
          <api1:clsTm>2105</api1:clsTm>
          <api1:spDdFlg>0</api1:spDdFlg>
          <api1:strFlg>0</api1:strFlg>
          <api1:aft6flg>0</api1:aft6flg>
          <api1:usjSn>1</api1:usjSn>
        </api1:prkCld>
         </api1:IFASW009IRes>
      </api:sb0050aResponse>
   </soapenv:Body>
</soapenv:Envelope>