<env:Envelope xmlns:env="http://schemas.xmlsoap.org/soap/envelope/" xmlns="http://www.anaskyholiday.co.jp/adam/dto/api"
  xmlns:api="http://www.anaskyholiday.co.jp/adam/api">
  <env:Header />
  <env:Body>
    <api:se0040aResponse>
      <IFASW042IRes>
        <cmnHedInf>
          <reqResCf>2</reqResCf>
          <reqOrgCd>INTERNET</reqOrgCd>
          <pwd>pass9999</pwd>
          <svcKd>IFASW042I</svcKd>
          <mkMsgDt>2018-07-19T17:26:23+09:00</mkMsgDt>
        </cmnHedInf>
        <proRstInf>
          <rstCd>0</rstCd>
          <lstUpdDtInf>
            <rcNo>GD824342</rcNo>
            <lstUpdDt>2018-07-19T17:26:23+09:00</lstUpdDt>
          </lstUpdDtInf>
        </proRstInf>
        <apTrvPrcInf>
          <rcNo>GD824342</rcNo>
          <trvCstTtl>68000</trvCstTtl>
          <ttlClf>0</ttlClf>
          <apDtlInf>
            <rcGdNo>0</rcGdNo>
            <depDdUseDd>20180826</depDdUseDd>
            <pxId>4196161</pxId>
            <gdCd>A07GA11A21</gdCd>
            <gdNm>【ＷＥＢ】トラベルコレンタカー２日間（東京発）</gdNm>
            <feeBef>34000</feeBef>
            <feeAft>34000</feeAft>
            <feeClcNotFlg>0</feeClcNotFlg>
            <trvPrcDtlInf>
              <itmCd>1</itmCd>
              <itmNm>基本代金</itmNm>
              <fee>34000</fee>
              <qtty>1</qtty>
            </trvPrcDtlInf>
          </apDtlInf>
          <apDtlInf>
            <rcGdNo>0</rcGdNo>
            <depDdUseDd>20180826</depDdUseDd>
            <pxId>4196162</pxId>
            <gdCd>A07GA11A21</gdCd>
            <gdNm>【ＷＥＢ】トラベルコレンタカー２日間（東京発）</gdNm>
            <feeBef>34000</feeBef>
            <feeAft>34000</feeAft>
            <feeClcNotFlg>0</feeClcNotFlg>
            <trvPrcDtlInf>
              <itmCd>1</itmCd>
              <itmNm>基本代金</itmNm>
              <fee>34000</fee>
              <qtty>1</qtty>
            </trvPrcDtlInf>
          </apDtlInf>
        </apTrvPrcInf>
      </IFASW042IRes>
    </api:se0040aResponse>
  </env:Body>
</env:Envelope>