{
  "db_version_time": "20160401100000",
  "response": [
    {
      "copt_cd": "00001",
      "facl_cd": "01",
      "facl_nam": "ホテル１",
      "maj_mat_cd": "02",
      "region_cd": "001",
      "area_cd": "001"
    },
    {
      "copt_cd": "00002",
      "facl_cd": "02",
      "facl_nam": "ホテル２",
      "maj_mat_cd": "02",
      "region_cd": "001",
      "area_cd": "001"
    },
    {
      "copt_cd": "00003",
      "facl_cd": "03",
      "facl_nam": "ホテル３",
      "maj_mat_cd": "02",
      "region_cd": "001",
      "area_cd": "001"
    },
    {
      "copt_cd": "00004",
      "facl_cd": "04",
      "facl_nam": "ホテル４",
      "maj_mat_cd": "02",
      "region_cd": "001",
      "area_cd": "001"
    },
    {
      "copt_cd": "00005",
      "facl_cd": "05",
      "facl_nam": "ホテル５",
      "maj_mat_cd": "02",
      "region_cd": "001",
      "area_cd": "001"
    }
  ]
}