<env:Envelope xmlns:env="http://schemas.xmlsoap.org/soap/envelope/" xmlns="http://www.anaskyholiday.co.jp/adam/dto/api"
  xmlns:api="http://www.anaskyholiday.co.jp/adam/api">
  <env:Header />
  <env:Body>
    <api:sc0080aResponse>
      <IFASW017IRes>
        <cmnHedInf>
          <reqResCf>2</reqResCf>
          <reqOrgCd>INTERNET</reqOrgCd>
          <pwd>pass9999</pwd>
          <svcKd>IFASW017I</svcKd>
          <mkMsgDt>2018-04-05T16:50:06+09:00</mkMsgDt>
        </cmnHedInf>
        <proRstInf>
          <rstCd>0</rstCd>
          <lstUpdDtInf>
            <rcNo>AA561819</rcNo>
            <lstUpdDt>2018-04-05T16:16:10+09:00</lstUpdDt>
          </lstUpdDtInf>
        </proRstInf>
        <cnlRcInf>
          <rcNo>AA561819</rcNo>
          <dspRvSt>予約確定</dspRvSt>
          <trvCstTtl>125400</trvCstTtl>
          <ttlClf>0</ttlClf>
          <cnlPxInf>
            <pxId>0001509</pxId>
            <rpFlg>1</rpFlg>
            <amcNo>9901000046</amcNo>
            <nmFm>殿旅行</nmFm>
            <nmNm>二</nmNm>
          </cnlPxInf>
          <cnlPxInf>
            <pxId>0001510</pxId>
            <rpFlg>0</rpFlg>
            <nmFm>リョコウ</nmFm>
            <nmNm>ニ</nmNm>
          </cnlPxInf>
          <cnlGdInf>
            <rcGdNo>0</rcGdNo>
            <depDd>20180422</depDd>
            <arrDd>20180423</arrDd>
            <gdCd>ZA90002020</gdCd>
            <gdNm>ＡＮＡダイナミックパッケージ</gdNm>
            <rvSt>0</rvSt>
            <dspRvSt>予約確定</dspRvSt>
            <clfTtl>0</clfTtl>
            <cnlGdPxInf>
              <pxId>4187484</pxId>
              <fee>62700</fee>
              <cnlDt>2018-04-05T16:50:06+09:00</cnlDt>
              <rsn>1</rsn>
              <clfRat>0</clfRat>
              <clf>0</clf>
            </cnlGdPxInf>
            <cnlGdPxInf>
              <pxId>0001509</pxId>
              <fee>62700</fee>
              <cnlDt>2018-04-05T16:50:06+09:00</cnlDt>
              <rsn>1</rsn>
              <clfRat>0</clfRat>
              <clf>0</clf>
            </cnlGdPxInf>
          </cnlGdInf>
          <clfAppInf>
            <dnmCd>025</dnmCd>
            <stAmt>125400</stAmt>
            <clfAppAmt>10</clfAppAmt>
            <rfdAmt>125400</rfdAmt>
            <lpsAmt>0</lpsAmt>
          </clfAppInf>
        </cnlRcInf>
      </IFASW017IRes>
    </api:sc0080aResponse>
  </env:Body>
</env:Envelope>