{
  "db_version_time": "20180226034456",
  "response": {
    "count": 2,
    "total_pages": 1,
    "display_range_from": 1,
    "display_range_to": 2,
    "hotel_list": [{
      "maj_mat_cd": "02",
      "region_cd": "001",
      "area_cd": "001",
      "maj_mat_nam": "北海道",
      "region_nam": "札幌・定山渓",
      "area_nam": "札幌（札幌駅周辺）",
      "copt_cd": "00037",
      "facl_cd": "00",
      "dp_supplier_flg": "0",
      "facl_nam": "【ＭＫ】札幌ホテル",
      "facl_images": null,
      "zip_cd": "123-3214",
      "adrs": "北海道札幌市",
      "access": {
        "nearest_airp": [
          {
            "airp_cd": "HND",
            "arr_point": "ZZZZ駅",
            "car_tra_bus_shp_cf": "0",
            "ctbs_min_tm_required": 10,
            "ctbs_max_tm_required": 20,
            "other_nam": "ICから自転車",
            "ctbs_special_mention": "徒歩",
            "ctbs_sm_min_tm_required": 30,
            "ctbs_sm_max_tm_required": 40,
            "nearest_airp_note": "最寄空港から徒歩３０分"
          }
        ],
        "nearest_sta": [
          {
            "nearest_sta_trans": "AAAバス",
            "nearest_route_nam": "BBB線",
            "nearest_sta_nam": "CCC駅",
            "walk_car_shp_cf": "0",
            "tm_required": 50
          }
        ]
      },
      "tripadvisor": null,
      "latitude": null,
      "longitude": null,
      "plan_list": [{
        "day_list": [{
          "folder_no": "001",
          "cart_key_tour_hotel": "02:00:00037:00:#001:S00000:002:XXXXXX:20180306:A00KA1:001:Q000370027"
        }, {
          "folder_no": "001",
          "cart_key_tour_hotel": "02:00:00037:00:#001:S00000:002:XXXXXX:20180307:A00KA1:001:Q000370027"
        }],
        "stock": 100,
        "plan_cd": "S00000",
        "num_p_to": 2,
        "plan_nam": "札幌ホテル",
        "price_list": [{
          "note": null,
          "kind_name": "大人",
          "obj_age_to": 999,
          "kind_type_cd": "001",
          "obj_age_from": 12,
          "stc_pre_req_no": null,
          "stc_pre_req_nam": null,
          "stc_pre_req_cont": null,
          "price": 19500
        }, {
          "note": null,
          "kind_name": "小人９－１１歳",
          "obj_age_to": 11,
          "kind_type_cd": "100",
          "obj_age_from": 9,
          "stc_pre_req_no": null,
          "stc_pre_req_nam": null,
          "stc_pre_req_cont": null,
          "price": 19500
        }, {
          "note": null,
          "kind_name": "小人６－８歳",
          "obj_age_to": 8,
          "kind_type_cd": "110",
          "obj_age_from": 6,
          "stc_pre_req_no": null,
          "stc_pre_req_nam": null,
          "stc_pre_req_cont": null,
          "price": 9750
        }, {
          "note": null,
          "kind_name": "幼児（食事・布団付）",
          "obj_age_to": 5,
          "kind_type_cd": "120",
          "obj_age_from": 0,
          "stc_pre_req_no": null,
          "stc_pre_req_nam": null,
          "stc_pre_req_cont": null,
          "price": 9750
        }],
        "product_cd": "02",
        "for_rsv_nam": "禁煙　洋室　ツイン",
        "roomtype_cd": "05",
        "lay_side_flg": "0",
        "opt_goods_cd": "Q000370027",
        "roomtype_nam": "洋室（ツイン）",
        "max_room_area": null,
        "min_room_area": null,
        "room_unit_flg": null,
        "use_pre_req_no": "002",
        "meal_conditions": [{
          "meal_pre_req_no": "0",
          "meal_pre_requis_nam": "朝食"
        }],
        "stock_limits_no": "#001",
        "use_pre_req_dtl": null,
        "use_pre_req_nam": "2名利用",
        "stock_limits_nam": "禁煙　洋室　（１‐２名）　ツイン",
        "use_pre_req_unit": "1",
        "kids_lay_side_flg": "0",
        "disp_use_req_unit_nam": "室"
      }, {
        "day_list": [{
          "folder_no": "001",
          "cart_key_tour_hotel": "02:00:00037:00:#000:S00000:001:XXXXXX:20180306:A00KA1:001:Q000370017"
        }, {
          "folder_no": "001",
          "cart_key_tour_hotel": "02:00:00037:00:#000:S00000:001:XXXXXX:20180307:A00KA1:001:Q000370017"
        }],
        "stock": 100,
        "plan_cd": "S00000",
        "num_p_to": 1,
        "plan_nam": "札幌ホテル",
        "price_list": [{
          "note": null,
          "kind_name": "大人",
          "obj_age_to": 999,
          "kind_type_cd": "001",
          "obj_age_from": 12,
          "stc_pre_req_no": null,
          "stc_pre_req_nam": null,
          "stc_pre_req_cont": null,
          "price": 21600
        }, {
          "note": null,
          "kind_name": "小人９－１１歳",
          "obj_age_to": 11,
          "kind_type_cd": "100",
          "obj_age_from": 9,
          "stc_pre_req_no": null,
          "stc_pre_req_nam": null,
          "stc_pre_req_cont": null,
          "price": 21600
        }, {
          "note": null,
          "kind_name": "小人６－８歳",
          "obj_age_to": 8,
          "kind_type_cd": "110",
          "obj_age_from": 6,
          "stc_pre_req_no": null,
          "stc_pre_req_nam": null,
          "stc_pre_req_cont": null,
          "price": 10800
        }, {
          "note": null,
          "kind_name": "幼児（食事・布団付）",
          "obj_age_to": 5,
          "kind_type_cd": "120",
          "obj_age_from": 0,
          "stc_pre_req_no": null,
          "stc_pre_req_nam": null,
          "stc_pre_req_cont": null,
          "price": 10800
        }],
        "product_cd": "02",
        "for_rsv_nam": "禁煙　洋室　シングル",
        "roomtype_cd": "04",
        "lay_side_flg": "0",
        "opt_goods_cd": "Q000370017",
        "roomtype_nam": "洋室（シングル）",
        "max_room_area": null,
        "min_room_area": null,
        "room_unit_flg": null,
        "use_pre_req_no": "001",
        "meal_conditions": [{
          "meal_pre_req_no": "0",
          "meal_pre_requis_nam": "朝食"
        }],
        "stock_limits_no": "#000",
        "use_pre_req_dtl": null,
        "use_pre_req_nam": "1名1室",
        "stock_limits_nam": "禁煙　洋室　（１名）　シングル",
        "use_pre_req_unit": "1",
        "kids_lay_side_flg": "0",
        "disp_use_req_unit_nam": "室"
      }, {
        "day_list": [{
          "folder_no": "001",
          "cart_key_tour_hotel": "02:00:00037:00:#002:S00000:002:XXXXXX:20180306:A00KA1:001:Q000370037"
        }, {
          "folder_no": "001",
          "cart_key_tour_hotel": "02:00:00037:00:#002:S00000:002:XXXXXX:20180307:A00KA1:001:Q000370037"
        }],
        "stock": 100,
        "plan_cd": "S00000",
        "num_p_to": 2,
        "plan_nam": "札幌ホテル",
        "price_list": [{
          "note": null,
          "kind_name": "大人",
          "obj_age_to": 999,
          "kind_type_cd": "001",
          "obj_age_from": 12,
          "stc_pre_req_no": null,
          "stc_pre_req_nam": null,
          "stc_pre_req_cont": null,
          "price": 21600
        }, {
          "note": null,
          "kind_name": "小人９－１１歳",
          "obj_age_to": 11,
          "kind_type_cd": "100",
          "obj_age_from": 9,
          "stc_pre_req_no": null,
          "stc_pre_req_nam": null,
          "stc_pre_req_cont": null,
          "price": 21600
        }, {
          "note": null,
          "kind_name": "小人６－８歳",
          "obj_age_to": 8,
          "kind_type_cd": "110",
          "obj_age_from": 6,
          "stc_pre_req_no": null,
          "stc_pre_req_nam": null,
          "stc_pre_req_cont": null,
          "price": 10800
        }, {
          "note": null,
          "kind_name": "幼児（食事・布団付）",
          "obj_age_to": 5,
          "kind_type_cd": "120",
          "obj_age_from": 0,
          "stc_pre_req_no": null,
          "stc_pre_req_nam": null,
          "stc_pre_req_cont": null,
          "price": 10800
        }],
        "product_cd": "02",
        "for_rsv_nam": "禁煙　洋室　ダブル",
        "roomtype_cd": "06",
        "lay_side_flg": "0",
        "opt_goods_cd": "Q000370037",
        "roomtype_nam": "洋室（ダブル）",
        "max_room_area": null,
        "min_room_area": null,
        "room_unit_flg": null,
        "use_pre_req_no": "002",
        "meal_conditions": [{
          "meal_pre_req_no": "0",
          "meal_pre_requis_nam": "朝食"
        }],
        "stock_limits_no": "#002",
        "use_pre_req_dtl": null,
        "use_pre_req_nam": "2名利用",
        "stock_limits_nam": "禁煙　洋室　（１‐２名）　ダブル",
        "use_pre_req_unit": "1",
        "kids_lay_side_flg": "0",
        "disp_use_req_unit_nam": "室"
      }, {
        "day_list": [{
          "folder_no": "001",
          "cart_key_tour_hotel": "02:00:00037:00:#001:S00000:001:XXXXXX:20180306:A00KA1:001:Q000370027"
        }, {
          "folder_no": "001",
          "cart_key_tour_hotel": "02:00:00037:00:#001:S00000:001:XXXXXX:20180307:A00KA1:001:Q000370027"
        }],
        "stock": 100,
        "plan_cd": "S00000",
        "num_p_to": 1,
        "plan_nam": "札幌ホテル",
        "price_list": [{
          "note": null,
          "kind_name": "大人",
          "obj_age_to": 999,
          "kind_type_cd": "001",
          "obj_age_from": 12,
          "stc_pre_req_no": null,
          "stc_pre_req_nam": null,
          "stc_pre_req_cont": null,
          "price": 27000
        }, {
          "note": null,
          "kind_name": "小人９－１１歳",
          "obj_age_to": 11,
          "kind_type_cd": "100",
          "obj_age_from": 9,
          "stc_pre_req_no": null,
          "stc_pre_req_nam": null,
          "stc_pre_req_cont": null,
          "price": 27000
        }, {
          "note": null,
          "kind_name": "小人６－８歳",
          "obj_age_to": 8,
          "kind_type_cd": "110",
          "obj_age_from": 6,
          "stc_pre_req_no": null,
          "stc_pre_req_nam": null,
          "stc_pre_req_cont": null,
          "price": 13500
        }, {
          "note": null,
          "kind_name": "幼児（食事・布団付）",
          "obj_age_to": 5,
          "kind_type_cd": "120",
          "obj_age_from": 0,
          "stc_pre_req_no": null,
          "stc_pre_req_nam": null,
          "stc_pre_req_cont": null,
          "price": 13500
        }],
        "product_cd": "02",
        "for_rsv_nam": "禁煙　洋室　ツイン",
        "roomtype_cd": "05",
        "lay_side_flg": "0",
        "opt_goods_cd": "Q000370027",
        "roomtype_nam": "洋室（ツイン）",
        "max_room_area": null,
        "min_room_area": null,
        "room_unit_flg": null,
        "use_pre_req_no": "001",
        "meal_conditions": [{
          "meal_pre_req_no": "0",
          "meal_pre_requis_nam": "朝食"
        }],
        "stock_limits_no": "#001",
        "use_pre_req_dtl": null,
        "use_pre_req_nam": "1名利用",
        "stock_limits_nam": "禁煙　洋室　（１‐２名）　ツイン",
        "use_pre_req_unit": "1",
        "kids_lay_side_flg": "0",
        "disp_use_req_unit_nam": "室"
      }, {
        "day_list": [{
          "folder_no": "001",
          "cart_key_tour_hotel": "02:00:00037:00:#002:S00000:001:XXXXXX:20180306:A00KA1:001:Q000370037"
        }, {
          "folder_no": "001",
          "cart_key_tour_hotel": "02:00:00037:00:#002:S00000:001:XXXXXX:20180307:A00KA1:001:Q000370037"
        }],
        "stock": 100,
        "plan_cd": "S00000",
        "num_p_to": 1,
        "plan_nam": "札幌ホテル",
        "price_list": [{
          "note": null,
          "kind_name": "大人",
          "obj_age_to": 999,
          "kind_type_cd": "001",
          "obj_age_from": 12,
          "stc_pre_req_no": null,
          "stc_pre_req_nam": null,
          "stc_pre_req_cont": null,
          "price": 27000
        }, {
          "note": null,
          "kind_name": "小人９－１１歳",
          "obj_age_to": 11,
          "kind_type_cd": "100",
          "obj_age_from": 9,
          "stc_pre_req_no": null,
          "stc_pre_req_nam": null,
          "stc_pre_req_cont": null,
          "price": 27000
        }, {
          "note": null,
          "kind_name": "小人６－８歳",
          "obj_age_to": 8,
          "kind_type_cd": "110",
          "obj_age_from": 6,
          "stc_pre_req_no": null,
          "stc_pre_req_nam": null,
          "stc_pre_req_cont": null,
          "price": 13500
        }, {
          "note": null,
          "kind_name": "幼児（食事・布団付）",
          "obj_age_to": 5,
          "kind_type_cd": "120",
          "obj_age_from": 0,
          "stc_pre_req_no": null,
          "stc_pre_req_nam": null,
          "stc_pre_req_cont": null,
          "price": 13500
        }],
        "product_cd": "02",
        "for_rsv_nam": "禁煙　洋室　ダブル",
        "roomtype_cd": "06",
        "lay_side_flg": "0",
        "opt_goods_cd": "Q000370037",
        "roomtype_nam": "洋室（ダブル）",
        "max_room_area": null,
        "min_room_area": null,
        "room_unit_flg": null,
        "use_pre_req_no": "001",
        "meal_conditions": [{
          "meal_pre_req_no": "0",
          "meal_pre_requis_nam": "朝食"
        }],
        "stock_limits_no": "#002",
        "use_pre_req_dtl": null,
        "use_pre_req_nam": "1名利用",
        "stock_limits_nam": "禁煙　洋室　（１‐２名）　ダブル",
        "use_pre_req_unit": "1",
        "kids_lay_side_flg": "0",
        "disp_use_req_unit_nam": "室"
      }, {
        "day_list": [{
          "folder_no": "001",
          "cart_key_tour_hotel": "02:00:00037:00:#003:S00000:001:XXXXXX:20180306:A00KA1:001:Q000370047"
        }, {
          "folder_no": "001",
          "cart_key_tour_hotel": "02:00:00037:00:#003:S00000:001:XXXXXX:20180307:A00KA1:001:Q000370047"
        }],
        "stock": 100,
        "plan_cd": "S00000",
        "num_p_to": 3,
        "plan_nam": "札幌ホテル",
        "price_list": [{
          "note": null,
          "kind_name": "大人",
          "obj_age_to": 999,
          "kind_type_cd": "001",
          "obj_age_from": 12,
          "stc_pre_req_no": null,
          "stc_pre_req_nam": null,
          "stc_pre_req_cont": null,
          "price": 37800
        }, {
          "note": null,
          "kind_name": "小人９－１１歳",
          "obj_age_to": 11,
          "kind_type_cd": "100",
          "obj_age_from": 9,
          "stc_pre_req_no": null,
          "stc_pre_req_nam": null,
          "stc_pre_req_cont": null,
          "price": 37800
        }, {
          "note": null,
          "kind_name": "小人６－８歳",
          "obj_age_to": 8,
          "kind_type_cd": "110",
          "obj_age_from": 6,
          "stc_pre_req_no": null,
          "stc_pre_req_nam": null,
          "stc_pre_req_cont": null,
          "price": 18900
        }, {
          "note": null,
          "kind_name": "幼児（食事・布団付）",
          "obj_age_to": 5,
          "kind_type_cd": "120",
          "obj_age_from": 0,
          "stc_pre_req_no": null,
          "stc_pre_req_nam": null,
          "stc_pre_req_cont": null,
          "price": 18900
        }],
        "product_cd": "02",
        "for_rsv_nam": "禁煙　洋室　トリプル",
        "roomtype_cd": "08",
        "lay_side_flg": "0",
        "opt_goods_cd": "Q000370047",
        "roomtype_nam": "洋室（トリプル）",
        "max_room_area": null,
        "min_room_area": null,
        "room_unit_flg": null,
        "use_pre_req_no": "001",
        "meal_conditions": [{
          "meal_pre_req_no": "0",
          "meal_pre_requis_nam": "朝食"
        }],
        "stock_limits_no": "#003",
        "use_pre_req_dtl": null,
        "use_pre_req_nam": "3名一室",
        "stock_limits_nam": "禁煙　洋室　（３名）　トリプル",
        "use_pre_req_unit": "1",
        "kids_lay_side_flg": "0",
        "disp_use_req_unit_nam": "室"
      }]
    }, {
      "maj_mat_cd": "02",
      "region_cd": "001",
      "area_cd": "001",
      "maj_mat_nam": "北海道",
      "region_nam": "札幌・定山渓",
      "area_nam": "札幌（札幌駅周辺）",
      "copt_cd": "19250",
      "facl_cd": "00",
      "dp_supplier_flg": "0",
      "facl_nam": "【ＰＫＧ＿０３－６＿リクエスト予約フロー（ＷＥＢ自動回答）】バリ５北海道",
      "facl_images": null,
      "zip_cd": "060-0005",
      "adrs": "札幌市中央区北５条西７丁目２－１",
      "access": {
        "nearest_sta": null,
        "nearest_airp": null
      },
      "tripadvisor": null,
      "latitude": "43.066596    ",
      "longitude": "141.3438474  ",
      "plan_list": [{
        "day_list": [{
          "folder_no": "001",
          "cart_key_tour_hotel": "02:00:19250:00:#003:S00200:001:XXXXXX:20180306:A00KA1:001:Q192500037"
        }, {
          "folder_no": "001",
          "cart_key_tour_hotel": "02:00:19250:00:#003:S00200:001:XXXXXX:20180307:A00KA1:001:Q192500037"
        }],
        "stock": 0,
        "plan_cd": "S00200",
        "num_p_to": 3,
        "plan_nam": "ＰＫＧ１－２－５　バリ４",
        "price_list": [{
          "note": null,
          "kind_name": "大人",
          "obj_age_to": 999,
          "kind_type_cd": "001",
          "obj_age_from": 12,
          "stc_pre_req_no": null,
          "stc_pre_req_nam": null,
          "stc_pre_req_cont": null,
          "price": 10800
        }, {
          "note": "食事なし・布団あり",
          "kind_name": "小人９－１１歳（布団のみ）",
          "obj_age_to": 11,
          "kind_type_cd": "102",
          "obj_age_from": 9,
          "stc_pre_req_no": null,
          "stc_pre_req_nam": null,
          "stc_pre_req_cont": null,
          "price": 7560
        }, {
          "note": "食事なし・布団あり",
          "kind_name": "小人６－８歳（布団のみ）",
          "obj_age_to": 8,
          "kind_type_cd": "112",
          "obj_age_from": 6,
          "stc_pre_req_no": null,
          "stc_pre_req_nam": null,
          "stc_pre_req_cont": null,
          "price": 5400
        }, {
          "note": "食事なし・布団あり",
          "kind_name": "幼児（布団のみ）",
          "obj_age_to": 5,
          "kind_type_cd": "122",
          "obj_age_from": 0,
          "stc_pre_req_no": null,
          "stc_pre_req_nam": null,
          "stc_pre_req_cont": null,
          "price": 0
        }],
        "product_cd": "02",
        "for_rsv_nam": "禁煙　洋室　トリプル",
        "roomtype_cd": "08",
        "lay_side_flg": "0",
        "opt_goods_cd": "Q192500037",
        "roomtype_nam": "洋室（トリプル）",
        "max_room_area": null,
        "min_room_area": null,
        "room_unit_flg": null,
        "use_pre_req_no": "001",
        "meal_conditions": null,
        "stock_limits_no": "#003",
        "use_pre_req_dtl": null,
        "use_pre_req_nam": "３名利用",
        "stock_limits_nam": "禁煙　洋室　（３名）　トリプル",
        "use_pre_req_unit": "1",
        "kids_lay_side_flg": "0",
        "disp_use_req_unit_nam": "室"
      }, {
        "day_list": [{
          "folder_no": "002",
          "cart_key_tour_hotel": "02:00:19250:00:#003:S00300:001:XXXXXX:20180306:A00KA1:002:Q192500067"
        }, {
          "folder_no": "002",
          "cart_key_tour_hotel": "02:00:19250:00:#003:S00300:001:XXXXXX:20180307:A00KA1:002:Q192500067"
        }],
        "stock": 0,
        "plan_cd": "S00300",
        "num_p_to": 3,
        "plan_nam": "コピーＰＫＧ１－２－５　バリ４　回数制限",
        "price_list": [{
          "note": null,
          "kind_name": "大人",
          "obj_age_to": 999,
          "kind_type_cd": "001",
          "obj_age_from": 12,
          "stc_pre_req_no": null,
          "stc_pre_req_nam": null,
          "stc_pre_req_cont": null,
          "price": 10800
        }, {
          "note": "食事なし・布団あり",
          "kind_name": "小人９－１１歳（布団のみ）",
          "obj_age_to": 11,
          "kind_type_cd": "102",
          "obj_age_from": 9,
          "stc_pre_req_no": null,
          "stc_pre_req_nam": null,
          "stc_pre_req_cont": null,
          "price": 7560
        }, {
          "note": "食事なし・布団あり",
          "kind_name": "小人６－８歳（布団のみ）",
          "obj_age_to": 8,
          "kind_type_cd": "112",
          "obj_age_from": 6,
          "stc_pre_req_no": null,
          "stc_pre_req_nam": null,
          "stc_pre_req_cont": null,
          "price": 5400
        }, {
          "note": "食事なし・布団あり",
          "kind_name": "幼児（布団のみ）",
          "obj_age_to": 5,
          "kind_type_cd": "122",
          "obj_age_from": 0,
          "stc_pre_req_no": null,
          "stc_pre_req_nam": null,
          "stc_pre_req_cont": null,
          "price": 0
        }],
        "product_cd": "02",
        "for_rsv_nam": "禁煙　洋室　トリプル",
        "roomtype_cd": "08",
        "lay_side_flg": "0",
        "opt_goods_cd": "Q192500067",
        "roomtype_nam": "洋室（トリプル）",
        "max_room_area": null,
        "min_room_area": null,
        "room_unit_flg": null,
        "use_pre_req_no": "001",
        "meal_conditions": null,
        "stock_limits_no": "#003",
        "use_pre_req_dtl": null,
        "use_pre_req_nam": "３名利用",
        "stock_limits_nam": "禁煙　洋室　（３名）　トリプル",
        "use_pre_req_unit": "1",
        "kids_lay_side_flg": "0",
        "disp_use_req_unit_nam": "室"
      }, {
        "day_list": [{
          "folder_no": "002",
          "cart_key_tour_hotel": "02:00:19250:00:#002:S00300:001:XXXXXX:20180306:A00KA1:002:Q192500057"
        }, {
          "folder_no": "002",
          "cart_key_tour_hotel": "02:00:19250:00:#002:S00300:001:XXXXXX:20180307:A00KA1:002:Q192500057"
        }],
        "stock": 0,
        "plan_cd": "S00300",
        "num_p_to": 2,
        "plan_nam": "コピーＰＫＧ１－２－５　バリ４　回数制限",
        "price_list": [{
          "note": null,
          "kind_name": "大人",
          "obj_age_to": 999,
          "kind_type_cd": "001",
          "obj_age_from": 12,
          "stc_pre_req_no": null,
          "stc_pre_req_nam": null,
          "stc_pre_req_cont": null,
          "price": 13000
        }, {
          "note": "食事なし・布団あり",
          "kind_name": "小人９－１１歳（布団のみ）",
          "obj_age_to": 11,
          "kind_type_cd": "102",
          "obj_age_from": 9,
          "stc_pre_req_no": null,
          "stc_pre_req_nam": null,
          "stc_pre_req_cont": null,
          "price": 9100
        }, {
          "note": "食事なし・布団あり",
          "kind_name": "小人６－８歳（布団のみ）",
          "obj_age_to": 8,
          "kind_type_cd": "112",
          "obj_age_from": 6,
          "stc_pre_req_no": null,
          "stc_pre_req_nam": null,
          "stc_pre_req_cont": null,
          "price": 6500
        }, {
          "note": "食事なし・布団あり",
          "kind_name": "幼児（布団のみ）",
          "obj_age_to": 5,
          "kind_type_cd": "122",
          "obj_age_from": 0,
          "stc_pre_req_no": null,
          "stc_pre_req_nam": null,
          "stc_pre_req_cont": null,
          "price": 0
        }],
        "product_cd": "02",
        "for_rsv_nam": "禁煙　洋室　ツイン",
        "roomtype_cd": "05",
        "lay_side_flg": "0",
        "opt_goods_cd": "Q192500057",
        "roomtype_nam": "洋室（ツイン）",
        "max_room_area": null,
        "min_room_area": null,
        "room_unit_flg": null,
        "use_pre_req_no": "001",
        "meal_conditions": null,
        "stock_limits_no": "#002",
        "use_pre_req_dtl": null,
        "use_pre_req_nam": "２名利用",
        "stock_limits_nam": "禁煙　洋室　（２名）　ツイン",
        "use_pre_req_unit": "1",
        "kids_lay_side_flg": "0",
        "disp_use_req_unit_nam": "室"
      }, {
        "day_list": [{
          "folder_no": "001",
          "cart_key_tour_hotel": "02:00:19250:00:#002:S00200:001:XXXXXX:20180306:A00KA1:001:Q192500027"
        }, {
          "folder_no": "001",
          "cart_key_tour_hotel": "02:00:19250:00:#002:S00200:001:XXXXXX:20180307:A00KA1:001:Q192500027"
        }],
        "stock": 0,
        "plan_cd": "S00200",
        "num_p_to": 2,
        "plan_nam": "ＰＫＧ１－２－５　バリ４",
        "price_list": [{
          "note": null,
          "kind_name": "大人",
          "obj_age_to": 999,
          "kind_type_cd": "001",
          "obj_age_from": 12,
          "stc_pre_req_no": null,
          "stc_pre_req_nam": null,
          "stc_pre_req_cont": null,
          "price": 13000
        }, {
          "note": "食事なし・布団あり",
          "kind_name": "小人９－１１歳（布団のみ）",
          "obj_age_to": 11,
          "kind_type_cd": "102",
          "obj_age_from": 9,
          "stc_pre_req_no": null,
          "stc_pre_req_nam": null,
          "stc_pre_req_cont": null,
          "price": 9100
        }, {
          "note": "食事なし・布団あり",
          "kind_name": "小人６－８歳（布団のみ）",
          "obj_age_to": 8,
          "kind_type_cd": "112",
          "obj_age_from": 6,
          "stc_pre_req_no": null,
          "stc_pre_req_nam": null,
          "stc_pre_req_cont": null,
          "price": 6500
        }, {
          "note": "食事なし・布団あり",
          "kind_name": "幼児（布団のみ）",
          "obj_age_to": 5,
          "kind_type_cd": "122",
          "obj_age_from": 0,
          "stc_pre_req_no": null,
          "stc_pre_req_nam": null,
          "stc_pre_req_cont": null,
          "price": 0
        }],
        "product_cd": "02",
        "for_rsv_nam": "禁煙　洋室　ツイン",
        "roomtype_cd": "05",
        "lay_side_flg": "0",
        "opt_goods_cd": "Q192500027",
        "roomtype_nam": "洋室（ツイン）",
        "max_room_area": null,
        "min_room_area": null,
        "room_unit_flg": null,
        "use_pre_req_no": "001",
        "meal_conditions": null,
        "stock_limits_no": "#002",
        "use_pre_req_dtl": null,
        "use_pre_req_nam": "２名利用",
        "stock_limits_nam": "禁煙　洋室　（２名）　ツイン",
        "use_pre_req_unit": "1",
        "kids_lay_side_flg": "0",
        "disp_use_req_unit_nam": "室"
      }, {
        "day_list": [{
          "folder_no": "002",
          "cart_key_tour_hotel": "02:00:19250:00:#001:S00300:001:XXXXXX:20180306:A00KA1:002:Q192500047"
        }, {
          "folder_no": "002",
          "cart_key_tour_hotel": "02:00:19250:00:#001:S00300:001:XXXXXX:20180307:A00KA1:002:Q192500047"
        }],
        "stock": 0,
        "plan_cd": "S00300",
        "num_p_to": 1,
        "plan_nam": "コピーＰＫＧ１－２－５　バリ４　回数制限",
        "price_list": [{
          "note": null,
          "kind_name": "大人",
          "obj_age_to": 999,
          "kind_type_cd": "001",
          "obj_age_from": 12,
          "stc_pre_req_no": null,
          "stc_pre_req_nam": null,
          "stc_pre_req_cont": null,
          "price": 16200
        }, {
          "note": "食事なし・布団あり",
          "kind_name": "小人９－１１歳（布団のみ）",
          "obj_age_to": 11,
          "kind_type_cd": "102",
          "obj_age_from": 9,
          "stc_pre_req_no": null,
          "stc_pre_req_nam": null,
          "stc_pre_req_cont": null,
          "price": 11340
        }, {
          "note": "食事なし・布団あり",
          "kind_name": "小人６－８歳（布団のみ）",
          "obj_age_to": 8,
          "kind_type_cd": "112",
          "obj_age_from": 6,
          "stc_pre_req_no": null,
          "stc_pre_req_nam": null,
          "stc_pre_req_cont": null,
          "price": 8100
        }, {
          "note": "食事なし・布団あり",
          "kind_name": "幼児（布団のみ）",
          "obj_age_to": 5,
          "kind_type_cd": "122",
          "obj_age_from": 0,
          "stc_pre_req_no": null,
          "stc_pre_req_nam": null,
          "stc_pre_req_cont": null,
          "price": 0
        }],
        "product_cd": "02",
        "for_rsv_nam": "禁煙　洋室　シングル",
        "roomtype_cd": "04",
        "lay_side_flg": "0",
        "opt_goods_cd": "Q192500047",
        "roomtype_nam": "洋室（シングル）",
        "max_room_area": null,
        "min_room_area": null,
        "room_unit_flg": null,
        "use_pre_req_no": "001",
        "meal_conditions": null,
        "stock_limits_no": "#001",
        "use_pre_req_dtl": null,
        "use_pre_req_nam": "１名利用",
        "stock_limits_nam": "禁煙　洋室　（１名）　シングル",
        "use_pre_req_unit": "1",
        "kids_lay_side_flg": "0",
        "disp_use_req_unit_nam": "室"
      }, {
        "day_list": [{
          "folder_no": "001",
          "cart_key_tour_hotel": "02:00:19250:00:#001:S00200:001:XXXXXX:20180306:A00KA1:001:Q192500017"
        }, {
          "folder_no": "001",
          "cart_key_tour_hotel": "02:00:19250:00:#001:S00200:001:XXXXXX:20180307:A00KA1:001:Q192500017"
        }],
        "stock": 0,
        "plan_cd": "S00200",
        "num_p_to": 1,
        "plan_nam": "ＰＫＧ１－２－５　バリ４",
        "price_list": [{
          "note": null,
          "kind_name": "大人",
          "obj_age_to": 999,
          "kind_type_cd": "001",
          "obj_age_from": 12,
          "stc_pre_req_no": null,
          "stc_pre_req_nam": null,
          "stc_pre_req_cont": null,
          "price": 16200
        }, {
          "note": "食事なし・布団あり",
          "kind_name": "小人９－１１歳（布団のみ）",
          "obj_age_to": 11,
          "kind_type_cd": "102",
          "obj_age_from": 9,
          "stc_pre_req_no": null,
          "stc_pre_req_nam": null,
          "stc_pre_req_cont": null,
          "price": 11340
        }, {
          "note": "食事なし・布団あり",
          "kind_name": "小人６－８歳（布団のみ）",
          "obj_age_to": 8,
          "kind_type_cd": "112",
          "obj_age_from": 6,
          "stc_pre_req_no": null,
          "stc_pre_req_nam": null,
          "stc_pre_req_cont": null,
          "price": 8100
        }, {
          "note": "食事なし・布団あり",
          "kind_name": "幼児（布団のみ）",
          "obj_age_to": 5,
          "kind_type_cd": "122",
          "obj_age_from": 0,
          "stc_pre_req_no": null,
          "stc_pre_req_nam": null,
          "stc_pre_req_cont": null,
          "price": 0
        }],
        "product_cd": "02",
        "for_rsv_nam": "禁煙　洋室　シングル",
        "roomtype_cd": "04",
        "lay_side_flg": "0",
        "opt_goods_cd": "Q192500017",
        "roomtype_nam": "洋室（シングル）",
        "max_room_area": null,
        "min_room_area": null,
        "room_unit_flg": null,
        "use_pre_req_no": "001",
        "meal_conditions": null,
        "stock_limits_no": "#001",
        "use_pre_req_dtl": null,
        "use_pre_req_nam": "１名利用",
        "stock_limits_nam": "禁煙　洋室　（１名）　シングル",
        "use_pre_req_unit": "1",
        "kids_lay_side_flg": "0",
        "disp_use_req_unit_nam": "室"
      }]
    }]
  }
}