{
  "db_version_time": "20160401100000",
  "response": {
    "count": 5,
    "total_pages": 10,
    "display_range_from": 5,
    "display_range_to": 5,
    "facility_list": [
      {
        "copt_cd": "00001",
        "facl_cd": "00",
        "facl_nam": "札幌全日空ホテル",
        "facl_image": {
          "pic_url_s": "http://www.domain.com/path/to/contents",
          "pic_url_m": "http://www.domain.com/path/to/contents",
          "pic_url_l": "http://www.domain.com/path/to/contents",
          "pic_url_o": "http://www.domain.com/path/to/contents",
          "pic_nam": "◯◯の間 ダイニングスペース",
          "pic_comment": "画像のコメントです"
        },
        "maj_mat_cd": "02",
        "region_cd": "001",
        "area_cd": "001",
        "latitude": "35.655453",
        "longitude": "139.706082",
        "zip_cd": "000-0000",
        "adrs": "和歌山市毛見１５２７番地",
        "facl_note": {
          "salespoint1": "セールスポイントその１",
          "salespoint2": "セールスポイントその２",
          "salespoint3": "セールスポイントその３",
          "salespoint4": "セールスポイントその４",
          "salespoint5": "セールスポイントその５",
          "salespoint6": "セールスポイントその６"
        },
        "access": {
          "nearest_airp": [
            {
              "airp_cd": "HND",
              "arr_point": "ZZZZ駅",
              "car_tra_bus_shp_cf": "0",
              "ctbs_min_tm_required": 10,
              "ctbs_max_tm_required": 20,
              "other_nam": "ICから自転車",
              "ctbs_special_mention": "徒歩",
              "ctbs_sm_min_tm_required": 30,
              "ctbs_sm_max_tm_required": 40,
              "nearest_airp_note": "最寄空港から徒歩３０分"
            }
          ],
          "nearest_sta": [
            {
              "nearest_sta_trans": "AAAバス",
              "nearest_route_nam": "BBB線",
              "nearest_sta_nam": "CCC駅",
              "walk_car_shp_cf": "0",
              "tm_required": 50
            }
          ]
        },
        "management_comp": "運営企画株式会社",
        "plan_count": 5,
        "plan_list": [
          {
            "cart_key_dp_option": "OOOOOOOOOOOOOOOOOOOO",
            "plan_cd": "000000",
            "product_cd": "00",
            "host_cf": "1",
            "stock_limits_no": "#001",
            "plan_nam": "専用枠パッケージオプションプラン",
            "for_rsv_nam": "禁煙　洋室（1名）　シングル",
            "sales_comment": "白樺湖畔で！パラグライダーの半日体験コース..",
            "use_pre_req_no": "001",
            "use_pre_req_nam": "１名１室",
            "use_pre_req_unit": "4",
            "settle_way_cf": "0",
            "cvs_isst_eith": "1",
            "disp_use_req_unit_nam": "室",
            "capa_from": 2,
            "capa_to": 5,
            "plan_description": "お得なパッケージオプションです。",
            "price_per_kind": [
              {
                "kind_type_cd": "001",
                "kind_name": "シニア",
                "kind_note": "予約時の注意事項",
                "obj_age_from": 2,
                "obj_age_to": 3,
                "price": 5000000
              },
              {
                "kind_type_cd": "002",
                "kind_name": "シニア",
                "kind_note": "予約時の注意事項",
                "obj_age_from": 2,
                "obj_age_to": 3,
                "price": 5000000
              }
            ],
            "stock": 5
          }
        ]
      }
    ]
  }
}