{
  "db_version_time":"20180621131519",
  "response":{
    "max_date":"20180929",
    "calendar":[
      {"date":"20180601","day_of_the_week":5,"holiday_flg":"0","disp_flg":"0","price_from":0,"price_to":0,"dp_stock":0,"pkg_stock":0},
      {"date":"20180602","day_of_the_week":6,"holiday_flg":"0","disp_flg":"0","price_from":0,"price_to":0,"dp_stock":0,"pkg_stock":0},
      {"date":"20180603","day_of_the_week":0,"holiday_flg":"0","disp_flg":"0","price_from":0,"price_to":0,"dp_stock":0,"pkg_stock":0},
      {"date":"20180604","day_of_the_week":1,"holiday_flg":"0","disp_flg":"0","price_from":0,"price_to":0,"dp_stock":0,"pkg_stock":0},
      {"date":"20180605","day_of_the_week":2,"holiday_flg":"0","disp_flg":"0","price_from":0,"price_to":0,"dp_stock":0,"pkg_stock":0},
      {"date":"20180606","day_of_the_week":3,"holiday_flg":"0","disp_flg":"0","price_from":0,"price_to":0,"dp_stock":0,"pkg_stock":0},
      {"date":"20180607","day_of_the_week":4,"holiday_flg":"0","disp_flg":"0","price_from":0,"price_to":0,"dp_stock":0,"pkg_stock":0},
      {"date":"20180608","day_of_the_week":5,"holiday_flg":"0","disp_flg":"0","price_from":0,"price_to":0,"dp_stock":0,"pkg_stock":0},
      {"date":"20180609","day_of_the_week":6,"holiday_flg":"0","disp_flg":"0","price_from":0,"price_to":0,"dp_stock":0,"pkg_stock":0},
      {"date":"20180610","day_of_the_week":0,"holiday_flg":"0","disp_flg":"0","price_from":0,"price_to":0,"dp_stock":0,"pkg_stock":0},
      {"date":"20180611","day_of_the_week":1,"holiday_flg":"0","disp_flg":"0","price_from":0,"price_to":0,"dp_stock":0,"pkg_stock":0},
      {"date":"20180612","day_of_the_week":2,"holiday_flg":"0","disp_flg":"0","price_from":0,"price_to":0,"dp_stock":0,"pkg_stock":0},
      {"date":"20180613","day_of_the_week":3,"holiday_flg":"0","disp_flg":"0","price_from":0,"price_to":0,"dp_stock":0,"pkg_stock":0},
      {"date":"20180614","day_of_the_week":4,"holiday_flg":"0","disp_flg":"0","price_from":0,"price_to":0,"dp_stock":0,"pkg_stock":0},
      {"date":"20180615","day_of_the_week":5,"holiday_flg":"0","disp_flg":"0","price_from":0,"price_to":0,"dp_stock":0,"pkg_stock":0},
      {"date":"20180616","day_of_the_week":6,"holiday_flg":"0","disp_flg":"0","price_from":0,"price_to":0,"dp_stock":0,"pkg_stock":0},
      {"date":"20180617","day_of_the_week":0,"holiday_flg":"0","disp_flg":"0","price_from":0,"price_to":0,"dp_stock":0,"pkg_stock":0},
      {"date":"20180618","day_of_the_week":1,"holiday_flg":"0","disp_flg":"0","price_from":0,"price_to":0,"dp_stock":0,"pkg_stock":0},
      {"date":"20180619","day_of_the_week":2,"holiday_flg":"0","disp_flg":"0","price_from":0,"price_to":0,"dp_stock":0,"pkg_stock":0},
      {"date":"20180620","day_of_the_week":3,"holiday_flg":"0","disp_flg":"0","price_from":0,"price_to":0,"dp_stock":0,"pkg_stock":0},
      {"date":"20180621","day_of_the_week":4,"holiday_flg":"0","disp_flg":"1","price_from":0,"price_to":0,"dp_stock":0,"pkg_stock":0},
      {"date":"20180622","day_of_the_week":5,"holiday_flg":"0","disp_flg":"1","price_from":146000,"price_to":179000,"dp_stock":0,"pkg_stock":0},
      {"date":"20180623","day_of_the_week":6,"holiday_flg":"0","disp_flg":"1","price_from":146000,"price_to":179000,"dp_stock":0,"pkg_stock":0},
      {"date":"20180624","day_of_the_week":0,"holiday_flg":"0","disp_flg":"1","price_from":146000,"price_to":179000,"dp_stock":0,"pkg_stock":0},
      {"date":"20180625","day_of_the_week":1,"holiday_flg":"0","disp_flg":"1","price_from":146000,"price_to":179000,"dp_stock":0,"pkg_stock":0},
      {"date":"20180626","day_of_the_week":2,"holiday_flg":"0","disp_flg":"1","price_from":146000,"price_to":179000,"dp_stock":0,"pkg_stock":0},
      {"date":"20180627","day_of_the_week":3,"holiday_flg":"0","disp_flg":"1","price_from":75000,"price_to":79300,"dp_stock":0,"pkg_stock":0},
      {"date":"20180628","day_of_the_week":4,"holiday_flg":"0","disp_flg":"1","price_from":75000,"price_to":75000,"dp_stock":0,"pkg_stock":0},
      {"date":"20180629","day_of_the_week":5,"holiday_flg":"0","disp_flg":"1","price_from":34000,"price_to":2000000,"dp_stock":0,"pkg_stock":0},
      {"date":"20180630","day_of_the_week":6,"holiday_flg":"0","disp_flg":"1","price_from":34000,"price_to":2000000,"dp_stock":0,"pkg_stock":0},
      {"date":"20180701","day_of_the_week":0,"holiday_flg":"0","disp_flg":"1","price_from":0,"price_to":0,"dp_stock":0,"pkg_stock":0},
      {"date":"20180702","day_of_the_week":1,"holiday_flg":"0","disp_flg":"1","price_from":0,"price_to":0,"dp_stock":0,"pkg_stock":0},
      {"date":"20180703","day_of_the_week":2,"holiday_flg":"0","disp_flg":"1","price_from":0,"price_to":0,"dp_stock":0,"pkg_stock":0},
      {"date":"20180704","day_of_the_week":3,"holiday_flg":"0","disp_flg":"1","price_from":0,"price_to":0,"dp_stock":0,"pkg_stock":0},
      {"date":"20180705","day_of_the_week":4,"holiday_flg":"0","disp_flg":"1","price_from":0,"price_to":0,"dp_stock":0,"pkg_stock":0},
      {"date":"20180706","day_of_the_week":5,"holiday_flg":"0","disp_flg":"1","price_from":0,"price_to":0,"dp_stock":0,"pkg_stock":0},
      {"date":"20180707","day_of_the_week":6,"holiday_flg":"0","disp_flg":"1","price_from":0,"price_to":0,"dp_stock":0,"pkg_stock":0},
      {"date":"20180708","day_of_the_week":0,"holiday_flg":"0","disp_flg":"1","price_from":0,"price_to":0,"dp_stock":0,"pkg_stock":0},
      {"date":"20180709","day_of_the_week":1,"holiday_flg":"0","disp_flg":"1","price_from":0,"price_to":0,"dp_stock":0,"pkg_stock":0},
      {"date":"20180710","day_of_the_week":2,"holiday_flg":"0","disp_flg":"1","price_from":0,"price_to":0,"dp_stock":0,"pkg_stock":0},
      {"date":"20180711","day_of_the_week":3,"holiday_flg":"0","disp_flg":"1","price_from":0,"price_to":0,"dp_stock":0,"pkg_stock":0},
      {"date":"20180712","day_of_the_week":4,"holiday_flg":"0","disp_flg":"1","price_from":0,"price_to":0,"dp_stock":0,"pkg_stock":0},
      {"date":"20180713","day_of_the_week":5,"holiday_flg":"0","disp_flg":"1","price_from":0,"price_to":0,"dp_stock":0,"pkg_stock":0},
      {"date":"20180714","day_of_the_week":6,"holiday_flg":"0","disp_flg":"1","price_from":0,"price_to":0,"dp_stock":0,"pkg_stock":0},
      {"date":"20180715","day_of_the_week":0,"holiday_flg":"0","disp_flg":"1","price_from":0,"price_to":0,"dp_stock":0,"pkg_stock":0},
      {"date":"20180716","day_of_the_week":1,"holiday_flg":"1","disp_flg":"1","price_from":0,"price_to":0,"dp_stock":0,"pkg_stock":0},
      {"date":"20180717","day_of_the_week":2,"holiday_flg":"0","disp_flg":"1","price_from":0,"price_to":0,"dp_stock":0,"pkg_stock":0},
      {"date":"20180718","day_of_the_week":3,"holiday_flg":"0","disp_flg":"1","price_from":0,"price_to":0,"dp_stock":0,"pkg_stock":0},
      {"date":"20180719","day_of_the_week":4,"holiday_flg":"0","disp_flg":"1","price_from":0,"price_to":0,"dp_stock":0,"pkg_stock":0},
      {"date":"20180720","day_of_the_week":5,"holiday_flg":"0","disp_flg":"1","price_from":0,"price_to":0,"dp_stock":0,"pkg_stock":0},
      {"date":"20180721","day_of_the_week":6,"holiday_flg":"0","disp_flg":"1","price_from":0,"price_to":0,"dp_stock":0,"pkg_stock":0},
      {"date":"20180722","day_of_the_week":0,"holiday_flg":"0","disp_flg":"1","price_from":0,"price_to":0,"dp_stock":0,"pkg_stock":0},
      {"date":"20180723","day_of_the_week":1,"holiday_flg":"0","disp_flg":"1","price_from":0,"price_to":0,"dp_stock":0,"pkg_stock":0},
      {"date":"20180724","day_of_the_week":2,"holiday_flg":"0","disp_flg":"1","price_from":0,"price_to":0,"dp_stock":0,"pkg_stock":0},
      {"date":"20180725","day_of_the_week":3,"holiday_flg":"0","disp_flg":"1","price_from":0,"price_to":0,"dp_stock":0,"pkg_stock":0},
      {"date":"20180726","day_of_the_week":4,"holiday_flg":"0","disp_flg":"1","price_from":0,"price_to":0,"dp_stock":0,"pkg_stock":0},
      {"date":"20180727","day_of_the_week":5,"holiday_flg":"0","disp_flg":"1","price_from":0,"price_to":0,"dp_stock":0,"pkg_stock":0},
      {"date":"20180728","day_of_the_week":6,"holiday_flg":"0","disp_flg":"1","price_from":0,"price_to":0,"dp_stock":0,"pkg_stock":0},
      {"date":"20180729","day_of_the_week":0,"holiday_flg":"0","disp_flg":"1","price_from":0,"price_to":0,"dp_stock":0,"pkg_stock":0},
      {"date":"20180730","day_of_the_week":1,"holiday_flg":"0","disp_flg":"1","price_from":0,"price_to":0,"dp_stock":0,"pkg_stock":0},
      {"date":"20180731","day_of_the_week":2,"holiday_flg":"0","disp_flg":"1","price_from":0,"price_to":0,"dp_stock":0,"pkg_stock":0}
    ]
  }
}
