{
  "db_version_time": "20180125140002",
  "response": {
    "goods_cd": "A07GA11A21",
    "box_cd": "A07GA1",
    "std_dep_cd": "001",
    "web_goods_nam": "【ＷＥＢ】トラベルコレンタカー２日間（東京発）",
    "sub_title": null,
    "itin_days": 2,
    "max_days": 2,
    "dep_nam_list": ["東京"],
    "kind_type_list": [{
      "kind_type_cd": "001",
      "kind_type_nam": "大人",
      "obj_age_from": null,
      "obj_age_to": null,
      "kind": "adult"
    }, {
      "kind_type_cd": "002",
      "kind_type_nam": null,
      "obj_age_from": null,
      "obj_age_to": null,
      "kind": "child_a_meal_bedding"
    }, {
      "kind_type_cd": "002",
      "kind_type_nam": null,
      "obj_age_from": null,
      "obj_age_to": null,
      "kind": "child_b_meal_bedding"
    }],
    "setu_strt_yymmdd": "20171113",
    "setu_end_yymmdd": "20180331",
    "rsv_strt_yymmdd": "20180202",
    "rsv_end_yymmdd": "20180331",
    "pamphlet_cd": "123456789",
    "pamphlet_title": "パンフレットタイトルパンフレットタイトルパンフレットタイトル",
    "pic_panf_url": "https://image.aims.ana.co.jp/pamphlet/approval/P814003000_o.jpg",
    "pdf_release_flg": "0",
    "tour_attrbute_list": {
      "car_flg": "0",
      "ana_card_discount_flg": "0",
      "sp_seat_cf": "0",
      "lay_side_flg": "0",
      "kids_lay_side_flg": "0"
    },
    "base_price_from": 30000,
    "base_price_to": 40000,
    "tour_point_cont": "■■■基本代金には東京ディズニーリゾート・パークチケット料金は含まれておりません。ご希望のパークチケットを必ずご購入ください。パークチケットの種類および価格については「ツアー詳細画面」のツアーポイント内にある「もっと詳しく見る」にてご確認ください。■■■\n【価格一例／大人】１デーパスポート：７，４００円\n★★★ツアーのポイント★★★\n★１０月ご出発の方限定！！パーク内で使えるギフトカードお一人様２，０００円分付き！！\n★１１・１２月ご出発の方限定！！パーク内で使えるギフトカードお一人様１，０００円分付き！！\n★往路手荷物宅配付き！（１室につき１個）　※出発前予約制　\n＜羽田空港→ご宿泊ホテル＞\n※１２：３０までに羽田空港到着便をご利用され、１３：００までに羽田空港第２旅客ターミナル到着ロビー内「日本通運宅配カウンター」で受付された方のご利用に限ります。\n★往復送迎付き！　※出発前予約制\n＜往路または復路＞羽田空港　⇔　東京ディズニーリゾート　リムジンバス片道乗車券付き！\n＜復路＞東京ディズニーリゾート　→　羽田空港　ＡＮＡバス付き！\n★うれしいポイント\nレストラン利用券（パティセリー含む）１，０００円分付き！（１室につき滞在中１回）\n※お釣りはでません。※未使用時の払い戻しはございません。\n★ホテルからのおもてなし\n朝食を昼食（指定メニュー）または夜食（ナイトバイキング）に変更可能！",
    "tour_point_url": null,
    "itin_precaution_cont_list": [{
      "itin_cont": null,
      "rel_use_dd": 1
    }, {
      "itin_cont": null,
      "rel_use_dd": 999
    }],
    "flight_cont": null,
    "charge_cont_list": ["包括旅行割引運賃適用の航空運賃 ", "国内線旅客施設使用料（対象空港利用時のみ）", "規定の宿泊費・食事代", "※食事条件は、ご宿泊ホテルにより異なります。宿泊情報ページをご覧ください。",
        "※小人代金は、１室に大人代金適用１名様以上と同室の場合に適用となります。", "※小人代金は、旅行開始日を基準に満３歳以上１２歳未満に適用となります。", "※行程中の規定料金以外の交通費、食事代、入園料等はお客様負担となります。",
        "※★をご利用にならなかった場合の払戻はございません。"],
    "spec_gds_cf_cd": null,
    "panf_flg": "0",
    "stop_info_list": null,
    "use_pre_req_list": [{
      "use_pre_req_no": null,
      "use_pre_req_nam": "1"
    }, {
      "use_pre_req_no": null,
      "use_pre_req_nam": "2"
    }, {
      "use_pre_req_no": null,
      "use_pre_req_nam": "3"
    }, {
      "use_pre_req_no": null,
      "use_pre_req_nam": "4"
    }],
    "itin_cont_list": [{
      "rel_use_dd": 1,
      "itin_cont": ""
    }, {
      "rel_use_dd": 999,
      "itin_cont": ""
    }],
    "guide_cont": "【最少催行人員】\n２名(ただし、１名１室の設定がある宿泊施設のみを利用した場合は１名）\n【旅のご案内にてお渡しするもの】\n・ｅチケットお客様控\n・旅程表\n・スカイホリデークーポン\n※オプショナルプランをお申し込みの場合は、別途クーポンをお渡しする場合がございますので、販売店にてご確認ください。\n【添乗員について】\n添乗員は同行いたしません。\n【夕食付き宿泊施設をご利用の方へのご案内】\n・食事内容は大人と小人とで異なる場合がございます。 ・夕食付きの施設にお申し込みの方は特に記載のない限り１８：００までに宿泊施設へチェックインしてくださ い。それ以後となる場合は必ず宿泊施設へご連絡のうえ、夕食対応時間をご確認ください。\n【朝食付き宿泊施設をご利用の方へのご案内】\n早朝出発の場合などお客様の行程によっては朝食をご利用いただくことができない場合がございます。その場合、お客様の朝食放棄となりますのでご注意ください。\n【ＡＮＡ　ＦＥＳＴＡ各空港店舗ご購入割引について】\n各空港のＡＮＡ　ＦＥＳＴＡで１，０００円以上お買い上げいただくと、ご購入金額から１０％割引になります。ツアーご購入の際にお渡しする「旅程表」をご提示ください。グループでご参加のお客様で「旅程表」が代表者の方のみの場合、その他の方はホームページ（http://www.ダミーリンク.co.jp/）より、「ＡＮＡ　ＦＥＳＴＡおみやげ割引券」を印刷し、購入時にご提示ください。 ※一部、割引対象外の商品がございますので、詳しくは店舗の販売員にお尋ねください。 ※一部、ＡＮＡ　ＦＥＳＴＡのない空港がございます。詳しくは（http://www.ダミーリンク.com）をご覧ください。\n【その他】\n・お客様都合による行程の変更はできません。\n・ご旅行期間中であって、当社の手配による旅行サービスの提供が一切行われない日（これを当社では「無手配日」といいます）については、当該日にお客様が被った損害について補償金は支払われません。\n・同一宿泊施設に連泊される場合、施設情報が宿泊日数分だけ重複して表示されますが、ホテルからのおもてなしは特に記載の無い限り1回のご提供となります。",
    "pic_list": [{
      "pic_url_s": "https://adam-kensyo.image.aims.ana.co.jp/0002600/images/0002600_00001_s.jpg",
      "pic_url_m": "https://adam-kensyo.image.aims.ana.co.jp/0002600/images/0002600_00001_m.jpg",
      "pic_url_l": "https://adam-kensyo.image.aims.ana.co.jp/0002600/images/0002600_00001_l.jpg",
      "pic_nam": "ホテルＡ外観代表",
      "represent_flg": "1"
    }]
  }
}