{
  "db_version_time": "20180717145259",
  "response": {
    "flights": [{
      "flight_set": [{
        "cart_key_dp_air": "OKA:FUK:OKA:HND:NH:1200:20181112:1:2:1",
        "dep_airp_cd": "OKA",
        "arr_airp_cd": "FUK",
        "carrier": "NH",
        "carrier_3": "ANA",
        "flight": "1200",
        "disp_flight": "1200",
        "carrier_kind": null,
        "carrier_conversioned": null,
        "carrier_3_conversioned": null,
        "model_cd": "76P",
        "dep_time": "0710",
        "arr_time": "0845",
        "policy_ptn_cd": "000",
        "booking_class": "W",
        "booking_class_appl_cf": 1,
        "stc_classifi_no": "A0001"
      }, {
        "cart_key_dp_air": "FUK:HND:OKA:HND:NH:3842:20181112:1:2:2",
        "dep_airp_cd": "FUK",
        "arr_airp_cd": "HND",
        "carrier": "NH",
        "carrier_3": "ANA",
        "flight": "3842",
        "disp_flight": "3842",
        "carrier_kind": "0",
        "carrier_conversioned": "MQ",
        "carrier_3_conversioned": "SFJ",
        "model_cd": "320",
        "dep_time": "0910",
        "arr_time": "1055",
        "policy_ptn_cd": "000",
        "booking_class": "J",
        "booking_class_appl_cf": 2,
        "stc_classifi_no": "A0001"
      }],
      "stock": 10,
      "price": {
        "price_pattern": "0",
        "add_price": 33800,
        "add_price_adult_from": 0,
        "add_price_adult_to": 0,
        "add_price_child_from": 0,
        "add_price_child_to": 0,
        "price_from": 0,
        "price_to": 0
      }
    }, {
      "flight_set": [{
        "cart_key_dp_air": "OKA:FUK:OKA:HND:NH:1200:20181112:1:3:1",
        "dep_airp_cd": "OKA",
        "arr_airp_cd": "FUK",
        "carrier": "NH",
        "carrier_3": "ANA",
        "flight": "1200",
        "disp_flight": "1200",
        "carrier_kind": null,
        "carrier_conversioned": null,
        "carrier_3_conversioned": null,
        "model_cd": "76P",
        "dep_time": "0710",
        "arr_time": "0845",
        "policy_ptn_cd": "000",
        "booking_class": "W",
        "booking_class_appl_cf": 1,
        "stc_classifi_no": "A0001"
      }, {
        "cart_key_dp_air": "FUK:ITM:OKA:HND:NH:3156:20181112:1:3:2",
        "dep_airp_cd": "FUK",
        "arr_airp_cd": "ITM",
        "carrier": "NH",
        "carrier_3": "ANA",
        "flight": "3156",
        "disp_flight": "3156",
        "carrier_kind": "0",
        "carrier_conversioned": "FW",
        "carrier_3_conversioned": "IBX",
        "model_cd": "CR7",
        "dep_time": "1020",
        "arr_time": "1125",
        "policy_ptn_cd": "000",
        "booking_class": "N",
        "booking_class_appl_cf": 1,
        "stc_classifi_no": "A0001"
      }, {
        "cart_key_dp_air": "ITM:HND:OKA:HND:NH:0024:20181112:1:3:3",
        "dep_airp_cd": "ITM",
        "arr_airp_cd": "HND",
        "carrier": "NH",
        "carrier_3": "ANA",
        "flight": "0024",
        "disp_flight": "024",
        "carrier_kind": null,
        "carrier_conversioned": null,
        "carrier_3_conversioned": null,
        "model_cd": "772",
        "dep_time": "1200",
        "arr_time": "1310",
        "policy_ptn_cd": "000",
        "booking_class": "W",
        "booking_class_appl_cf": 1,
        "stc_classifi_no": "A0001"
      }],
      "stock": 45,
      "price": {
        "price_pattern": "0",
        "add_price": 19300,
        "add_price_adult_from": 0,
        "add_price_adult_to": 0,
        "add_price_child_from": 0,
        "add_price_child_to": 0,
        "price_from": 0,
        "price_to": 0
      }
    }, {
      "flight_set": [{
        "cart_key_dp_air": "OKA:KIX:OKA:HND:NH:1732:20181112:1:2:1",
        "dep_airp_cd": "OKA",
        "arr_airp_cd": "KIX",
        "carrier": "NH",
        "carrier_3": "ANA",
        "flight": "1732",
        "disp_flight": "1732",
        "carrier_kind": null,
        "carrier_conversioned": null,
        "carrier_3_conversioned": null,
        "model_cd": "738",
        "dep_time": "0740",
        "arr_time": "0935",
        "policy_ptn_cd": "000",
        "booking_class": "I",
        "booking_class_appl_cf": 1,
        "stc_classifi_no": "A0001"
      }, {
        "cart_key_dp_air": "KIX:HND:OKA:HND:NH:3822:20181112:1:2:2",
        "dep_airp_cd": "KIX",
        "arr_airp_cd": "HND",
        "carrier": "NH",
        "carrier_3": "ANA",
        "flight": "3822",
        "disp_flight": "3822",
        "carrier_kind": "0",
        "carrier_conversioned": "MQ",
        "carrier_3_conversioned": "SFJ",
        "model_cd": "320",
        "dep_time": "1100",
        "arr_time": "1220",
        "policy_ptn_cd": "000",
        "booking_class": "U",
        "booking_class_appl_cf": 1,
        "stc_classifi_no": "A0001"
      }],
      "stock": 99,
      "price": {
        "price_pattern": "0",
        "add_price": 8300,
        "add_price_adult_from": 0,
        "add_price_adult_to": 0,
        "add_price_child_from": 0,
        "add_price_child_to": 0,
        "price_from": 0,
        "price_to": 0
      }
    }, {
      "flight_set": [{
        "cart_key_dp_air": "OKA:HND:OKA:HND:NH:0460:20181112:0:1:1",
        "dep_airp_cd": "OKA",
        "arr_airp_cd": "HND",
        "carrier": "NH",
        "carrier_3": "ANA",
        "flight": "0460",
        "disp_flight": "460",
        "carrier_kind": null,
        "carrier_conversioned": null,
        "carrier_3_conversioned": null,
        "model_cd": "772",
        "dep_time": "0800",
        "arr_time": "1015",
        "policy_ptn_cd": "000",
        "booking_class": "I",
        "booking_class_appl_cf": 1,
        "stc_classifi_no": "A0001"
      }],
      "stock": 99,
      "price": {
        "price_pattern": "0",
        "add_price": 3700,
        "add_price_adult_from": 0,
        "add_price_adult_to": 0,
        "add_price_child_from": 0,
        "add_price_child_to": 0,
        "price_from": 0,
        "price_to": 0
      }
    }, {
      "flight_set": [{
        "cart_key_dp_air": "OKA:KOJ:OKA:HND:NH:3784:20181112:1:2:1",
        "dep_airp_cd": "OKA",
        "arr_airp_cd": "KOJ",
        "carrier": "NH",
        "carrier_3": "ANA",
        "flight": "3784",
        "disp_flight": "3784",
        "carrier_kind": "0",
        "carrier_conversioned": "6J",
        "carrier_3_conversioned": "SNA",
        "model_cd": "73L",
        "dep_time": "0900",
        "arr_time": "1020",
        "policy_ptn_cd": "000",
        "booking_class": "W",
        "booking_class_appl_cf": 1,
        "stc_classifi_no": "A0001"
      }, {
        "cart_key_dp_air": "KOJ:HND:OKA:HND:NH:3774:20181112:1:2:2",
        "dep_airp_cd": "KOJ",
        "arr_airp_cd": "HND",
        "carrier": "NH",
        "carrier_3": "ANA",
        "flight": "3774",
        "disp_flight": "3774",
        "carrier_kind": "0",
        "carrier_conversioned": "6J",
        "carrier_3_conversioned": "SNA",
        "model_cd": "73L",
        "dep_time": "1055",
        "arr_time": "1235",
        "policy_ptn_cd": "000",
        "booking_class": "I",
        "booking_class_appl_cf": 1,
        "stc_classifi_no": "A0001"
      }],
      "stock": 10,
      "price": {
        "price_pattern": "0",
        "add_price": 9400,
        "add_price_adult_from": 0,
        "add_price_adult_to": 0,
        "add_price_child_from": 0,
        "add_price_child_to": 0,
        "price_from": 0,
        "price_to": 0
      }
    }, {
      "flight_set": [{
        "cart_key_dp_air": "OKA:KOJ:OKA:HND:NH:3784:20181112:1:3:1",
        "dep_airp_cd": "OKA",
        "arr_airp_cd": "KOJ",
        "carrier": "NH",
        "carrier_3": "ANA",
        "flight": "3784",
        "disp_flight": "3784",
        "carrier_kind": "0",
        "carrier_conversioned": "6J",
        "carrier_3_conversioned": "SNA",
        "model_cd": "73L",
        "dep_time": "0900",
        "arr_time": "1020",
        "policy_ptn_cd": "000",
        "booking_class": "W",
        "booking_class_appl_cf": 1,
        "stc_classifi_no": "A0001"
      }, {
        "cart_key_dp_air": "KOJ:ITM:OKA:HND:NH:0546:20181112:1:3:2",
        "dep_airp_cd": "KOJ",
        "arr_airp_cd": "ITM",
        "carrier": "NH",
        "carrier_3": "ANA",
        "flight": "0546",
        "disp_flight": "546",
        "carrier_kind": null,
        "carrier_conversioned": null,
        "carrier_3_conversioned": null,
        "model_cd": "738",
        "dep_time": "1140",
        "arr_time": "1250",
        "policy_ptn_cd": "000",
        "booking_class": "W",
        "booking_class_appl_cf": 1,
        "stc_classifi_no": "A0001"
      }, {
        "cart_key_dp_air": "ITM:HND:OKA:HND:NH:0028:20181112:1:3:3",
        "dep_airp_cd": "ITM",
        "arr_airp_cd": "HND",
        "carrier": "NH",
        "carrier_3": "ANA",
        "flight": "0028",
        "disp_flight": "028",
        "carrier_kind": null,
        "carrier_conversioned": null,
        "carrier_3_conversioned": null,
        "model_cd": "78P",
        "dep_time": "1400",
        "arr_time": "1510",
        "policy_ptn_cd": "000",
        "booking_class": "W",
        "booking_class_appl_cf": 1,
        "stc_classifi_no": "A0001"
      }],
      "stock": 99,
      "price": {
        "price_pattern": "0",
        "add_price": 15700,
        "add_price_adult_from": 0,
        "add_price_adult_to": 0,
        "add_price_child_from": 0,
        "add_price_child_to": 0,
        "price_from": 0,
        "price_to": 0
      }
    }, {
      "flight_set": [{
        "cart_key_dp_air": "OKA:FUK:OKA:HND:NH:1202:20181112:1:2:1",
        "dep_airp_cd": "OKA",
        "arr_airp_cd": "FUK",
        "carrier": "NH",
        "carrier_3": "ANA",
        "flight": "1202",
        "disp_flight": "1202",
        "carrier_kind": null,
        "carrier_conversioned": null,
        "carrier_3_conversioned": null,
        "model_cd": "738",
        "dep_time": "0940",
        "arr_time": "1120",
        "policy_ptn_cd": "000",
        "booking_class": "W",
        "booking_class_appl_cf": 1,
        "stc_classifi_no": "A0001"
      }, {
        "cart_key_dp_air": "FUK:HND:OKA:HND:NH:3844:20181112:1:2:2",
        "dep_airp_cd": "FUK",
        "arr_airp_cd": "HND",
        "carrier": "NH",
        "carrier_3": "ANA",
        "flight": "3844",
        "disp_flight": "3844",
        "carrier_kind": "0",
        "carrier_conversioned": "MQ",
        "carrier_3_conversioned": "SFJ",
        "model_cd": "320",
        "dep_time": "1155",
        "arr_time": "1345",
        "policy_ptn_cd": "000",
        "booking_class": "Z",
        "booking_class_appl_cf": 2,
        "stc_classifi_no": "A0001"
      }],
      "stock": 10,
      "price": {
        "price_pattern": "0",
        "add_price": 29000,
        "add_price_adult_from": 0,
        "add_price_adult_to": 0,
        "add_price_child_from": 0,
        "add_price_child_to": 0,
        "price_from": 0,
        "price_to": 0
      }
    }, {
      "flight_set": [{
        "cart_key_dp_air": "OKA:HND:OKA:HND:NH:0994:20181112:0:1:1",
        "dep_airp_cd": "OKA",
        "arr_airp_cd": "HND",
        "carrier": "NH",
        "carrier_3": "ANA",
        "flight": "0994",
        "disp_flight": "994",
        "carrier_kind": null,
        "carrier_conversioned": null,
        "carrier_3_conversioned": null,
        "model_cd": "76P",
        "dep_time": "1015",
        "arr_time": "1230",
        "policy_ptn_cd": "000",
        "booking_class": "I",
        "booking_class_appl_cf": 1,
        "stc_classifi_no": "A0001"
      }],
      "stock": 80,
      "price": {
        "price_pattern": "0",
        "add_price": 3700,
        "add_price_adult_from": 0,
        "add_price_adult_to": 0,
        "add_price_child_from": 0,
        "add_price_child_to": 0,
        "price_from": 0,
        "price_to": 0
      }
    }, {
      "flight_set": [{
        "cart_key_dp_air": "OKA:KIX:OKA:HND:NH:1734:20181112:1:2:1",
        "dep_airp_cd": "OKA",
        "arr_airp_cd": "KIX",
        "carrier": "NH",
        "carrier_3": "ANA",
        "flight": "1734",
        "disp_flight": "1734",
        "carrier_kind": null,
        "carrier_conversioned": null,
        "carrier_3_conversioned": null,
        "model_cd": "32P",
        "dep_time": "1045",
        "arr_time": "1240",
        "policy_ptn_cd": "000",
        "booking_class": "I",
        "booking_class_appl_cf": 1,
        "stc_classifi_no": "A0001"
      }, {
        "cart_key_dp_air": "KIX:HND:OKA:HND:NH:3824:20181112:1:2:2",
        "dep_airp_cd": "KIX",
        "arr_airp_cd": "HND",
        "carrier": "NH",
        "carrier_3": "ANA",
        "flight": "3824",
        "disp_flight": "3824",
        "carrier_kind": "0",
        "carrier_conversioned": "MQ",
        "carrier_3_conversioned": "SFJ",
        "model_cd": "320",
        "dep_time": "1420",
        "arr_time": "1535",
        "policy_ptn_cd": "000",
        "booking_class": "U",
        "booking_class_appl_cf": 1,
        "stc_classifi_no": "A0001"
      }],
      "stock": 99,
      "price": {
        "price_pattern": "0",
        "add_price": 7400,
        "add_price_adult_from": 0,
        "add_price_adult_to": 0,
        "add_price_child_from": 0,
        "add_price_child_to": 0,
        "price_from": 0,
        "price_to": 0
      }
    }, {
      "flight_set": [{
        "cart_key_dp_air": "OKA:HND:OKA:HND:NH:0462:20181112:0:1:1",
        "dep_airp_cd": "OKA",
        "arr_airp_cd": "HND",
        "carrier": "NH",
        "carrier_3": "ANA",
        "flight": "0462",
        "disp_flight": "462",
        "carrier_kind": null,
        "carrier_conversioned": null,
        "carrier_3_conversioned": null,
        "model_cd": "772",
        "dep_time": "1110",
        "arr_time": "1325",
        "policy_ptn_cd": "000",
        "booking_class": "W",
        "booking_class_appl_cf": 1,
        "stc_classifi_no": "A0001"
      }],
      "stock": 99,
      "price": {
        "price_pattern": "0",
        "add_price": 6300,
        "add_price_adult_from": 0,
        "add_price_adult_to": 0,
        "add_price_child_from": 0,
        "add_price_child_to": 0,
        "price_from": 0,
        "price_to": 0
      }
    }, {
      "flight_set": [{
        "cart_key_dp_air": "OKA:FUK:OKA:HND:NH:1206:20181112:1:2:1",
        "dep_airp_cd": "OKA",
        "arr_airp_cd": "FUK",
        "carrier": "NH",
        "carrier_3": "ANA",
        "flight": "1206",
        "disp_flight": "1206",
        "carrier_kind": null,
        "carrier_conversioned": null,
        "carrier_3_conversioned": null,
        "model_cd": "738",
        "dep_time": "1110",
        "arr_time": "1255",
        "policy_ptn_cd": "000",
        "booking_class": "U",
        "booking_class_appl_cf": 1,
        "stc_classifi_no": "A0001"
      }, {
        "cart_key_dp_air": "FUK:HND:OKA:HND:NH:0254:20181112:1:2:2",
        "dep_airp_cd": "FUK",
        "arr_airp_cd": "HND",
        "carrier": "NH",
        "carrier_3": "ANA",
        "flight": "0254",
        "disp_flight": "254",
        "carrier_kind": null,
        "carrier_conversioned": null,
        "carrier_3_conversioned": null,
        "model_cd": "772",
        "dep_time": "1320",
        "arr_time": "1500",
        "policy_ptn_cd": "000",
        "booking_class": "W",
        "booking_class_appl_cf": 1,
        "stc_classifi_no": "A0001"
      }],
      "stock": 99,
      "price": {
        "price_pattern": "0",
        "add_price": 13400,
        "add_price_adult_from": 0,
        "add_price_adult_to": 0,
        "add_price_child_from": 0,
        "add_price_child_to": 0,
        "price_from": 0,
        "price_to": 0
      }
    }, {
      "flight_set": [{
        "cart_key_dp_air": "OKA:ITM:OKA:HND:NH:0764:20181112:1:2:1",
        "dep_airp_cd": "OKA",
        "arr_airp_cd": "ITM",
        "carrier": "NH",
        "carrier_3": "ANA",
        "flight": "0764",
        "disp_flight": "764",
        "carrier_kind": null,
        "carrier_conversioned": null,
        "carrier_3_conversioned": null,
        "model_cd": "78P",
        "dep_time": "1135",
        "arr_time": "1335",
        "policy_ptn_cd": "000",
        "booking_class": "W",
        "booking_class_appl_cf": 1,
        "stc_classifi_no": "A0001"
      }, {
        "cart_key_dp_air": "ITM:HND:OKA:HND:NH:0028:20181112:1:2:2",
        "dep_airp_cd": "ITM",
        "arr_airp_cd": "HND",
        "carrier": "NH",
        "carrier_3": "ANA",
        "flight": "0028",
        "disp_flight": "028",
        "carrier_kind": null,
        "carrier_conversioned": null,
        "carrier_3_conversioned": null,
        "model_cd": "78P",
        "dep_time": "1400",
        "arr_time": "1510",
        "policy_ptn_cd": "000",
        "booking_class": "W",
        "booking_class_appl_cf": 1,
        "stc_classifi_no": "A0001"
      }],
      "stock": 99,
      "price": {
        "price_pattern": "0",
        "add_price": 10900,
        "add_price_adult_from": 0,
        "add_price_adult_to": 0,
        "add_price_child_from": 0,
        "add_price_child_to": 0,
        "price_from": 0,
        "price_to": 0
      }
    }, {
      "flight_set": [{
        "cart_key_dp_air": "OKA:NRT:OKA:NRT:NH:2158:20181112:0:1:1",
        "dep_airp_cd": "OKA",
        "arr_airp_cd": "NRT",
        "carrier": "NH",
        "carrier_3": "ANA",
        "flight": "2158",
        "disp_flight": "2158",
        "carrier_kind": null,
        "carrier_conversioned": null,
        "carrier_3_conversioned": null,
        "model_cd": "76P",
        "dep_time": "1145",
        "arr_time": "1415",
        "policy_ptn_cd": "000",
        "booking_class": "L",
        "booking_class_appl_cf": 1,
        "stc_classifi_no": "A0001"
      }],
      "stock": 99,
      "price": {
        "price_pattern": "0",
        "add_price": 0,
        "add_price_adult_from": 0,
        "add_price_adult_to": 0,
        "add_price_child_from": 0,
        "add_price_child_to": 0,
        "price_from": 0,
        "price_to": 0
      }
    }, {
      "flight_set": [{
        "cart_key_dp_air": "OKA:HND:OKA:HND:NH:0464:20181112:0:1:1",
        "dep_airp_cd": "OKA",
        "arr_airp_cd": "HND",
        "carrier": "NH",
        "carrier_3": "ANA",
        "flight": "0464",
        "disp_flight": "464",
        "carrier_kind": null,
        "carrier_conversioned": null,
        "carrier_3_conversioned": null,
        "model_cd": "773",
        "dep_time": "1205",
        "arr_time": "1425",
        "policy_ptn_cd": "000",
        "booking_class": "W",
        "booking_class_appl_cf": 1,
        "stc_classifi_no": "A0001"
      }],
      "stock": 99,
      "price": {
        "price_pattern": "0",
        "add_price": 7400,
        "add_price_adult_from": 0,
        "add_price_adult_to": 0,
        "add_price_child_from": 0,
        "add_price_child_to": 0,
        "price_from": 0,
        "price_to": 0
      }
    }, {
      "flight_set": [{
        "cart_key_dp_air": "OKA:FUK:OKA:HND:NH:1208:20181112:1:2:1",
        "dep_airp_cd": "OKA",
        "arr_airp_cd": "FUK",
        "carrier": "NH",
        "carrier_3": "ANA",
        "flight": "1208",
        "disp_flight": "1208",
        "carrier_kind": null,
        "carrier_conversioned": null,
        "carrier_3_conversioned": null,
        "model_cd": "76P",
        "dep_time": "1240",
        "arr_time": "1425",
        "policy_ptn_cd": "000",
        "booking_class": "U",
        "booking_class_appl_cf": 1,
        "stc_classifi_no": "A0001"
      }, {
        "cart_key_dp_air": "FUK:HND:OKA:HND:NH:0258:20181112:1:2:2",
        "dep_airp_cd": "FUK",
        "arr_airp_cd": "HND",
        "carrier": "NH",
        "carrier_3": "ANA",
        "flight": "0258",
        "disp_flight": "258",
        "carrier_kind": null,
        "carrier_conversioned": null,
        "carrier_3_conversioned": null,
        "model_cd": "78P",
        "dep_time": "1515",
        "arr_time": "1655",
        "policy_ptn_cd": "000",
        "booking_class": "I",
        "booking_class_appl_cf": 1,
        "stc_classifi_no": "A0001"
      }],
      "stock": 99,
      "price": {
        "price_pattern": "0",
        "add_price": 10000,
        "add_price_adult_from": 0,
        "add_price_adult_to": 0,
        "add_price_child_from": 0,
        "add_price_child_to": 0,
        "price_from": 0,
        "price_to": 0
      }
    }, {
      "flight_set": [{
        "cart_key_dp_air": "OKA:FUK:OKA:HND:NH:1208:20181112:1:3:1",
        "dep_airp_cd": "OKA",
        "arr_airp_cd": "FUK",
        "carrier": "NH",
        "carrier_3": "ANA",
        "flight": "1208",
        "disp_flight": "1208",
        "carrier_kind": null,
        "carrier_conversioned": null,
        "carrier_3_conversioned": null,
        "model_cd": "76P",
        "dep_time": "1240",
        "arr_time": "1425",
        "policy_ptn_cd": "000",
        "booking_class": "U",
        "booking_class_appl_cf": 1,
        "stc_classifi_no": "A0001"
      }, {
        "cart_key_dp_air": "FUK:ITM:OKA:HND:NH:0426:20181112:1:3:2",
        "dep_airp_cd": "FUK",
        "arr_airp_cd": "ITM",
        "carrier": "NH",
        "carrier_3": "ANA",
        "flight": "0426",
        "disp_flight": "426",
        "carrier_kind": null,
        "carrier_conversioned": null,
        "carrier_3_conversioned": null,
        "model_cd": "Q84",
        "dep_time": "1615",
        "arr_time": "1725",
        "policy_ptn_cd": "000",
        "booking_class": "N",
        "booking_class_appl_cf": 1,
        "stc_classifi_no": "A0001"
      }, {
        "cart_key_dp_air": "ITM:HND:OKA:HND:NH:0036:20181112:1:3:3",
        "dep_airp_cd": "ITM",
        "arr_airp_cd": "HND",
        "carrier": "NH",
        "carrier_3": "ANA",
        "flight": "0036",
        "disp_flight": "036",
        "carrier_kind": null,
        "carrier_conversioned": null,
        "carrier_3_conversioned": null,
        "model_cd": "772",
        "dep_time": "1800",
        "arr_time": "1910",
        "policy_ptn_cd": "000",
        "booking_class": "U",
        "booking_class_appl_cf": 1,
        "stc_classifi_no": "A0001"
      }],
      "stock": 73,
      "price": {
        "price_pattern": "0",
        "add_price": 23500,
        "add_price_adult_from": 0,
        "add_price_adult_to": 0,
        "add_price_child_from": 0,
        "add_price_child_to": 0,
        "price_from": 0,
        "price_to": 0
      }
    }, {
      "flight_set": [{
        "cart_key_dp_air": "OKA:HND:OKA:HND:NH:0996:20181112:0:1:1",
        "dep_airp_cd": "OKA",
        "arr_airp_cd": "HND",
        "carrier": "NH",
        "carrier_3": "ANA",
        "flight": "0996",
        "disp_flight": "996",
        "carrier_kind": null,
        "carrier_conversioned": null,
        "carrier_3_conversioned": null,
        "model_cd": "772",
        "dep_time": "1255",
        "arr_time": "1515",
        "policy_ptn_cd": "000",
        "booking_class": "W",
        "booking_class_appl_cf": 1,
        "stc_classifi_no": "A0001"
      }],
      "stock": 82,
      "price": {
        "price_pattern": "0",
        "add_price": 7400,
        "add_price_adult_from": 0,
        "add_price_adult_to": 0,
        "add_price_child_from": 0,
        "add_price_child_to": 0,
        "price_from": 0,
        "price_to": 0
      }
    }, {
      "flight_set": [{
        "cart_key_dp_air": "OKA:ITM:OKA:HND:NH:0766:20181112:1:2:1",
        "dep_airp_cd": "OKA",
        "arr_airp_cd": "ITM",
        "carrier": "NH",
        "carrier_3": "ANA",
        "flight": "0766",
        "disp_flight": "766",
        "carrier_kind": null,
        "carrier_conversioned": null,
        "carrier_3_conversioned": null,
        "model_cd": "772",
        "dep_time": "1405",
        "arr_time": "1605",
        "policy_ptn_cd": "000",
        "booking_class": "U",
        "booking_class_appl_cf": 1,
        "stc_classifi_no": "A0001"
      }, {
        "cart_key_dp_air": "ITM:HND:OKA:HND:NH:0034:20181112:1:2:2",
        "dep_airp_cd": "ITM",
        "arr_airp_cd": "HND",
        "carrier": "NH",
        "carrier_3": "ANA",
        "flight": "0034",
        "disp_flight": "034",
        "carrier_kind": null,
        "carrier_conversioned": null,
        "carrier_3_conversioned": null,
        "model_cd": "772",
        "dep_time": "1700",
        "arr_time": "1810",
        "policy_ptn_cd": "000",
        "booking_class": "U",
        "booking_class_appl_cf": 1,
        "stc_classifi_no": "A0001"
      }],
      "stock": 99,
      "price": {
        "price_pattern": "0",
        "add_price": 12200,
        "add_price_adult_from": 0,
        "add_price_adult_to": 0,
        "add_price_child_from": 0,
        "add_price_child_to": 0,
        "price_from": 0,
        "price_to": 0
      }
    }, {
      "flight_set": [{
        "cart_key_dp_air": "OKA:HND:OKA:HND:NH:0468:20181112:0:1:1",
        "dep_airp_cd": "OKA",
        "arr_airp_cd": "HND",
        "carrier": "NH",
        "carrier_3": "ANA",
        "flight": "0468",
        "disp_flight": "468",
        "carrier_kind": null,
        "carrier_conversioned": null,
        "carrier_3_conversioned": null,
        "model_cd": "773",
        "dep_time": "1430",
        "arr_time": "1650",
        "policy_ptn_cd": "000",
        "booking_class": "I",
        "booking_class_appl_cf": 1,
        "stc_classifi_no": "A0001"
      }],
      "stock": 99,
      "price": {
        "price_pattern": "0",
        "add_price": 5300,
        "add_price_adult_from": 0,
        "add_price_adult_to": 0,
        "add_price_child_from": 0,
        "add_price_child_to": 0,
        "price_from": 0,
        "price_to": 0
      }
    }, {
      "flight_set": [{
        "cart_key_dp_air": "OKA:UKB:OKA:HND:NH:3726:20181112:1:2:1",
        "dep_airp_cd": "OKA",
        "arr_airp_cd": "UKB",
        "carrier": "NH",
        "carrier_3": "ANA",
        "flight": "3726",
        "disp_flight": "3726",
        "carrier_kind": "0",
        "carrier_conversioned": "6J",
        "carrier_3_conversioned": "SNA",
        "model_cd": "73L",
        "dep_time": "1440",
        "arr_time": "1635",
        "policy_ptn_cd": "000",
        "booking_class": "W",
        "booking_class_appl_cf": 1,
        "stc_classifi_no": "A0001"
      }, {
        "cart_key_dp_air": "UKB:HND:OKA:HND:NH:0416:20181112:1:2:2",
        "dep_airp_cd": "UKB",
        "arr_airp_cd": "HND",
        "carrier": "NH",
        "carrier_3": "ANA",
        "flight": "0416",
        "disp_flight": "416",
        "carrier_kind": null,
        "carrier_conversioned": null,
        "carrier_3_conversioned": null,
        "model_cd": "321",
        "dep_time": "2110",
        "arr_time": "2225",
        "policy_ptn_cd": "000",
        "booking_class": "U",
        "booking_class_appl_cf": 1,
        "stc_classifi_no": "A0001"
      }],
      "stock": 96,
      "price": {
        "price_pattern": "0",
        "add_price": 9800,
        "add_price_adult_from": 0,
        "add_price_adult_to": 0,
        "add_price_child_from": 0,
        "add_price_child_to": 0,
        "price_from": 0,
        "price_to": 0
      }
    }, {
      "flight_set": [{
        "cart_key_dp_air": "OKA:HND:OKA:HND:NH:0470:20181112:0:1:1",
        "dep_airp_cd": "OKA",
        "arr_airp_cd": "HND",
        "carrier": "NH",
        "carrier_3": "ANA",
        "flight": "0470",
        "disp_flight": "470",
        "carrier_kind": null,
        "carrier_conversioned": null,
        "carrier_3_conversioned": null,
        "model_cd": "772",
        "dep_time": "1510",
        "arr_time": "1730",
        "policy_ptn_cd": "000",
        "booking_class": "Y",
        "booking_class_appl_cf": 2,
        "stc_classifi_no": "A0001"
      }],
      "stock": 0,
      "price": {
        "price_pattern": "0",
        "add_price": 43400,
        "add_price_adult_from": 0,
        "add_price_adult_to": 0,
        "add_price_child_from": 0,
        "add_price_child_to": 0,
        "price_from": 0,
        "price_to": 0
      }
    }, {
      "flight_set": [{
        "cart_key_dp_air": "OKA:FUK:OKA:HND:NH:1212:20181112:1:3:1",
        "dep_airp_cd": "OKA",
        "arr_airp_cd": "FUK",
        "carrier": "NH",
        "carrier_3": "ANA",
        "flight": "1212",
        "disp_flight": "1212",
        "carrier_kind": null,
        "carrier_conversioned": null,
        "carrier_3_conversioned": null,
        "model_cd": "738",
        "dep_time": "1515",
        "arr_time": "1700",
        "policy_ptn_cd": "000",
        "booking_class": "W",
        "booking_class_appl_cf": 1,
        "stc_classifi_no": "A0001"
      }, {
        "cart_key_dp_air": "FUK:ITM:OKA:HND:NH:0428:20181112:1:3:2",
        "dep_airp_cd": "FUK",
        "arr_airp_cd": "ITM",
        "carrier": "NH",
        "carrier_3": "ANA",
        "flight": "0428",
        "disp_flight": "428",
        "carrier_kind": null,
        "carrier_conversioned": null,
        "carrier_3_conversioned": null,
        "model_cd": "76P",
        "dep_time": "1730",
        "arr_time": "1835",
        "policy_ptn_cd": "000",
        "booking_class": "N",
        "booking_class_appl_cf": 1,
        "stc_classifi_no": "A0001"
      }, {
        "cart_key_dp_air": "ITM:HND:OKA:HND:NH:0038:20181112:1:3:3",
        "dep_airp_cd": "ITM",
        "arr_airp_cd": "HND",
        "carrier": "NH",
        "carrier_3": "ANA",
        "flight": "0038",
        "disp_flight": "038",
        "carrier_kind": null,
        "carrier_conversioned": null,
        "carrier_3_conversioned": null,
        "model_cd": "772",
        "dep_time": "1900",
        "arr_time": "2010",
        "policy_ptn_cd": "000",
        "booking_class": "U",
        "booking_class_appl_cf": 1,
        "stc_classifi_no": "A0001"
      }],
      "stock": 99,
      "price": {
        "price_pattern": "0",
        "add_price": 20900,
        "add_price_adult_from": 0,
        "add_price_adult_to": 0,
        "add_price_child_from": 0,
        "add_price_child_to": 0,
        "price_from": 0,
        "price_to": 0
      }
    }, {
      "flight_set": [{
        "cart_key_dp_air": "OKA:FUK:OKA:HND:NH:1212:20181112:1:2:1",
        "dep_airp_cd": "OKA",
        "arr_airp_cd": "FUK",
        "carrier": "NH",
        "carrier_3": "ANA",
        "flight": "1212",
        "disp_flight": "1212",
        "carrier_kind": null,
        "carrier_conversioned": null,
        "carrier_3_conversioned": null,
        "model_cd": "738",
        "dep_time": "1515",
        "arr_time": "1700",
        "policy_ptn_cd": "000",
        "booking_class": "W",
        "booking_class_appl_cf": 1,
        "stc_classifi_no": "A0001"
      }, {
        "cart_key_dp_air": "FUK:HND:OKA:HND:NH:0264:20181112:1:2:2",
        "dep_airp_cd": "FUK",
        "arr_airp_cd": "HND",
        "carrier": "NH",
        "carrier_3": "ANA",
        "flight": "0264",
        "disp_flight": "264",
        "carrier_kind": null,
        "carrier_conversioned": null,
        "carrier_3_conversioned": null,
        "model_cd": "772",
        "dep_time": "1750",
        "arr_time": "1930",
        "policy_ptn_cd": "000",
        "booking_class": "W",
        "booking_class_appl_cf": 1,
        "stc_classifi_no": "A0001"
      }],
      "stock": 99,
      "price": {
        "price_pattern": "0",
        "add_price": 11300,
        "add_price_adult_from": 0,
        "add_price_adult_to": 0,
        "add_price_child_from": 0,
        "add_price_child_to": 0,
        "price_from": 0,
        "price_to": 0
      }
    }, {
      "flight_set": [{
        "cart_key_dp_air": "OKA:KMI:OKA:HND:NH:3768:20181112:1:2:1",
        "dep_airp_cd": "OKA",
        "arr_airp_cd": "KMI",
        "carrier": "NH",
        "carrier_3": "ANA",
        "flight": "3768",
        "disp_flight": "3768",
        "carrier_kind": "0",
        "carrier_conversioned": "6J",
        "carrier_3_conversioned": "SNA",
        "model_cd": "73L",
        "dep_time": "1630",
        "arr_time": "1750",
        "policy_ptn_cd": "000",
        "booking_class": "W",
        "booking_class_appl_cf": 1,
        "stc_classifi_no": "A0001"
      }, {
        "cart_key_dp_air": "KMI:HND:OKA:HND:NH:3762:20181112:1:2:2",
        "dep_airp_cd": "KMI",
        "arr_airp_cd": "HND",
        "carrier": "NH",
        "carrier_3": "ANA",
        "flight": "3762",
        "disp_flight": "3762",
        "carrier_kind": "0",
        "carrier_conversioned": "6J",
        "carrier_3_conversioned": "SNA",
        "model_cd": "73L",
        "dep_time": "1825",
        "arr_time": "2010",
        "policy_ptn_cd": "000",
        "booking_class": "Z",
        "booking_class_appl_cf": 2,
        "stc_classifi_no": "A0001"
      }],
      "stock": 10,
      "price": {
        "price_pattern": "0",
        "add_price": 29400,
        "add_price_adult_from": 0,
        "add_price_adult_to": 0,
        "add_price_child_from": 0,
        "add_price_child_to": 0,
        "price_from": 0,
        "price_to": 0
      }
    }, {
      "flight_set": [{
        "cart_key_dp_air": "OKA:HND:OKA:HND:NH:0472:20181112:0:1:1",
        "dep_airp_cd": "OKA",
        "arr_airp_cd": "HND",
        "carrier": "NH",
        "carrier_3": "ANA",
        "flight": "0472",
        "disp_flight": "472",
        "carrier_kind": null,
        "carrier_conversioned": null,
        "carrier_3_conversioned": null,
        "model_cd": "773",
        "dep_time": "1640",
        "arr_time": "1855",
        "policy_ptn_cd": "000",
        "booking_class": "B",
        "booking_class_appl_cf": 2,
        "stc_classifi_no": "A0001"
      }],
      "stock": 10,
      "price": {
        "price_pattern": "0",
        "add_price": 36000,
        "add_price_adult_from": 0,
        "add_price_adult_to": 0,
        "add_price_child_from": 0,
        "add_price_child_to": 0,
        "price_from": 0,
        "price_to": 0
      }
    }, {
      "flight_set": [{
        "cart_key_dp_air": "OKA:ITM:OKA:HND:NH:0770:20181112:1:2:1",
        "dep_airp_cd": "OKA",
        "arr_airp_cd": "ITM",
        "carrier": "NH",
        "carrier_3": "ANA",
        "flight": "0770",
        "disp_flight": "770",
        "carrier_kind": null,
        "carrier_conversioned": null,
        "carrier_3_conversioned": null,
        "model_cd": "78P",
        "dep_time": "1720",
        "arr_time": "1920",
        "policy_ptn_cd": "000",
        "booking_class": "W",
        "booking_class_appl_cf": 1,
        "stc_classifi_no": "A0001"
      }, {
        "cart_key_dp_air": "ITM:HND:OKA:HND:NH:0040:20181112:1:2:2",
        "dep_airp_cd": "ITM",
        "arr_airp_cd": "HND",
        "carrier": "NH",
        "carrier_3": "ANA",
        "flight": "0040",
        "disp_flight": "040",
        "carrier_kind": null,
        "carrier_conversioned": null,
        "carrier_3_conversioned": null,
        "model_cd": "772",
        "dep_time": "2020",
        "arr_time": "2135",
        "policy_ptn_cd": "000",
        "booking_class": "U",
        "booking_class_appl_cf": 1,
        "stc_classifi_no": "A0001"
      }],
      "stock": 99,
      "price": {
        "price_pattern": "0",
        "add_price": 11600,
        "add_price_adult_from": 0,
        "add_price_adult_to": 0,
        "add_price_child_from": 0,
        "add_price_child_to": 0,
        "price_from": 0,
        "price_to": 0
      }
    }, {
      "flight_set": [{
        "cart_key_dp_air": "OKA:KIX:OKA:HND:NH:1738:20181112:1:2:1",
        "dep_airp_cd": "OKA",
        "arr_airp_cd": "KIX",
        "carrier": "NH",
        "carrier_3": "ANA",
        "flight": "1738",
        "disp_flight": "1738",
        "carrier_kind": null,
        "carrier_conversioned": null,
        "carrier_3_conversioned": null,
        "model_cd": "738",
        "dep_time": "1735",
        "arr_time": "1930",
        "policy_ptn_cd": "000",
        "booking_class": "W",
        "booking_class_appl_cf": 1,
        "stc_classifi_no": "A0001"
      }, {
        "cart_key_dp_air": "KIX:HND:OKA:HND:NH:0098:20181112:1:2:2",
        "dep_airp_cd": "KIX",
        "arr_airp_cd": "HND",
        "carrier": "NH",
        "carrier_3": "ANA",
        "flight": "0098",
        "disp_flight": "098",
        "carrier_kind": null,
        "carrier_conversioned": null,
        "carrier_3_conversioned": null,
        "model_cd": "763",
        "dep_time": "2105",
        "arr_time": "2215",
        "policy_ptn_cd": "000",
        "booking_class": "U",
        "booking_class_appl_cf": 1,
        "stc_classifi_no": "A0001"
      }],
      "stock": 99,
      "price": {
        "price_pattern": "0",
        "add_price": 11100,
        "add_price_adult_from": 0,
        "add_price_adult_to": 0,
        "add_price_child_from": 0,
        "add_price_child_to": 0,
        "price_from": 0,
        "price_to": 0
      }
    }, {
      "flight_set": [{
        "cart_key_dp_air": "OKA:FUK:OKA:HND:NH:1082:20181112:1:2:1",
        "dep_airp_cd": "OKA",
        "arr_airp_cd": "FUK",
        "carrier": "NH",
        "carrier_3": "ANA",
        "flight": "1082",
        "disp_flight": "1082",
        "carrier_kind": null,
        "carrier_conversioned": null,
        "carrier_3_conversioned": null,
        "model_cd": "735",
        "dep_time": "1755",
        "arr_time": "1935",
        "policy_ptn_cd": "000",
        "booking_class": "I",
        "booking_class_appl_cf": 1,
        "stc_classifi_no": "A0001"
      }, {
        "cart_key_dp_air": "FUK:HND:OKA:HND:NH:0272:20181112:1:2:2",
        "dep_airp_cd": "FUK",
        "arr_airp_cd": "HND",
        "carrier": "NH",
        "carrier_3": "ANA",
        "flight": "0272",
        "disp_flight": "272",
        "carrier_kind": null,
        "carrier_conversioned": null,
        "carrier_3_conversioned": null,
        "model_cd": "78P",
        "dep_time": "2050",
        "arr_time": "2230",
        "policy_ptn_cd": "000",
        "booking_class": "W",
        "booking_class_appl_cf": 1,
        "stc_classifi_no": "A0001"
      }],
      "stock": 99,
      "price": {
        "price_pattern": "0",
        "add_price": 10300,
        "add_price_adult_from": 0,
        "add_price_adult_to": 0,
        "add_price_child_from": 0,
        "add_price_child_to": 0,
        "price_from": 0,
        "price_to": 0
      }
    }, {
      "flight_set": [{
        "cart_key_dp_air": "OKA:HND:OKA:HND:NH:0474:20181112:0:1:1",
        "dep_airp_cd": "OKA",
        "arr_airp_cd": "HND",
        "carrier": "NH",
        "carrier_3": "ANA",
        "flight": "0474",
        "disp_flight": "474",
        "carrier_kind": null,
        "carrier_conversioned": null,
        "carrier_3_conversioned": null,
        "model_cd": "772",
        "dep_time": "1815",
        "arr_time": "2030",
        "policy_ptn_cd": "000",
        "booking_class": "N",
        "booking_class_appl_cf": 2,
        "stc_classifi_no": "A0001"
      }],
      "stock": 26,
      "price": {
        "price_pattern": "0",
        "add_price": 16400,
        "add_price_adult_from": 0,
        "add_price_adult_to": 0,
        "add_price_child_from": 0,
        "add_price_child_to": 0,
        "price_from": 0,
        "price_to": 0
      }
    }, {
      "flight_set": [{
        "cart_key_dp_air": "OKA:FUK:OKA:HND:NH:1214:20181112:1:2:1",
        "dep_airp_cd": "OKA",
        "arr_airp_cd": "FUK",
        "carrier": "NH",
        "carrier_3": "ANA",
        "flight": "1214",
        "disp_flight": "1214",
        "carrier_kind": null,
        "carrier_conversioned": null,
        "carrier_3_conversioned": null,
        "model_cd": "735",
        "dep_time": "1850",
        "arr_time": "2030",
        "policy_ptn_cd": "000",
        "booking_class": "I",
        "booking_class_appl_cf": 1,
        "stc_classifi_no": "A0001"
      }, {
        "cart_key_dp_air": "FUK:HND:OKA:HND:NH:0272:20181112:1:2:2",
        "dep_airp_cd": "FUK",
        "arr_airp_cd": "HND",
        "carrier": "NH",
        "carrier_3": "ANA",
        "flight": "0272",
        "disp_flight": "272",
        "carrier_kind": null,
        "carrier_conversioned": null,
        "carrier_3_conversioned": null,
        "model_cd": "78P",
        "dep_time": "2050",
        "arr_time": "2230",
        "policy_ptn_cd": "000",
        "booking_class": "W",
        "booking_class_appl_cf": 1,
        "stc_classifi_no": "A0001"
      }],
      "stock": 99,
      "price": {
        "price_pattern": "0",
        "add_price": 10300,
        "add_price_adult_from": 0,
        "add_price_adult_to": 0,
        "add_price_child_from": 0,
        "add_price_child_to": 0,
        "price_from": 0,
        "price_to": 0
      }
    }, {
      "flight_set": [{
        "cart_key_dp_air": "OKA:HND:OKA:HND:NH:0476:20181112:0:1:1",
        "dep_airp_cd": "OKA",
        "arr_airp_cd": "HND",
        "carrier": "NH",
        "carrier_3": "ANA",
        "flight": "0476",
        "disp_flight": "476",
        "carrier_kind": null,
        "carrier_conversioned": null,
        "carrier_3_conversioned": null,
        "model_cd": "773",
        "dep_time": "1920",
        "arr_time": "2140",
        "policy_ptn_cd": "000",
        "booking_class": "I",
        "booking_class_appl_cf": 1,
        "stc_classifi_no": "A0001"
      }],
      "stock": 99,
      "price": {
        "price_pattern": "0",
        "add_price": 3700,
        "add_price_adult_from": 0,
        "add_price_adult_to": 0,
        "add_price_child_from": 0,
        "add_price_child_to": 0,
        "price_from": 0,
        "price_to": 0
      }
    }, {
      "flight_set": [{
        "cart_key_dp_air": "OKA:HND:OKA:HND:NH:0478:20181112:0:1:1",
        "dep_airp_cd": "OKA",
        "arr_airp_cd": "HND",
        "carrier": "NH",
        "carrier_3": "ANA",
        "flight": "0478",
        "disp_flight": "478",
        "carrier_kind": null,
        "carrier_conversioned": null,
        "carrier_3_conversioned": null,
        "model_cd": "738",
        "dep_time": "2045",
        "arr_time": "2300",
        "policy_ptn_cd": "000",
        "booking_class": "I",
        "booking_class_appl_cf": 1,
        "stc_classifi_no": "A0001"
      }],
      "stock": 99,
      "price": {
        "price_pattern": "0",
        "add_price": 3700,
        "add_price_adult_from": 0,
        "add_price_adult_to": 0,
        "add_price_child_from": 0,
        "add_price_child_to": 0,
        "price_from": 0,
        "price_to": 0
      }
    }]
  }
}