{
  "db_version_time": "20160401100000",
  "response": {
    "flights": [
      {
        "flight_set": [
          {
            "cart_key_dp_air": "AAAAAAAAAAAAAAAAAAAA",
            "dep_airp_cd": "111",
            "arr_airp_cd": "HND",
            "carrier": "NH",
            "carrier_3": "ANA",
            "flight": "1234",
            "disp_flight": "034",
            "carrier_kind": "0",
            "carrier_conversioned": "NH",
            "carrier_3_conversioned": "ANA",
            "model_cd": "111",
            "dep_time": "1030",
            "arr_time": "1030",
            "policy_ptn_cd": "003",
            "booking_class": "A",
            "booking_class_appl_cf": "0",
            "stc_classifi_no": "00000"
          },
          {
            "cart_key_dp_air": "AAAAAAAAAAAAAAAAAAAA",
            "dep_airp_cd": "111",
            "arr_airp_cd": "HND",
            "carrier": "NH",
            "carrier_3": "ANA",
            "flight": "1234",
            "disp_flight": "034",
            "carrier_kind": "0",
            "carrier_conversioned": "NH",
            "carrier_3_conversioned": "ANA",
            "model_cd": "111",
            "dep_time": "1030",
            "arr_time": "1030",
            "policy_ptn_cd": "003",
            "booking_class": "A",
            "booking_class_appl_cf": "0",
            "stc_classifi_no": "00000"
          },
          {
            "cart_key_dp_air": "AAAAAAAAAAAAAAAAAAAA",
            "dep_airp_cd": "111",
            "arr_airp_cd": "HND",
            "carrier": "NH",
            "carrier_3": "ANA",
            "flight": "1234",
            "disp_flight": "034",
            "carrier_kind": "0",
            "carrier_conversioned": "NH",
            "carrier_3_conversioned": "ANA",
            "model_cd": "111",
            "dep_time": "1030",
            "arr_time": "1030",
            "policy_ptn_cd": "003",
            "booking_class": "A",
            "booking_class_appl_cf": "0",
            "stc_classifi_no": "00000"
          }
        ],
        "stock": 5,
        "price": {
          "price_pattern": "-",
          "add_price": 2,
          "add_price_adult": 5000000,
          "add_price_child": 5000000,
          "price_from": 5000000,
          "price_to": 5000000
        }
      },
      {
        "flight_set": [
          {
            "cart_key_dp_air": "AAAAAAAAAAAAAAAAAAAA",
            "dep_airp_cd": "111",
            "arr_airp_cd": "HND",
            "carrier": "NH",
            "carrier_3": "ANA",
            "flight": "1234",
            "disp_flight": "034",
            "carrier_kind": "0",
            "carrier_conversioned": "NH",
            "carrier_3_conversioned": "ANA",
            "model_cd": "111",
            "dep_time": "1030",
            "arr_time": "1030",
            "policy_ptn_cd": "003",
            "booking_class": "A",
            "booking_class_appl_cf": "0",
            "stc_classifi_no": "00000"
          },
          {
            "cart_key_dp_air": "AAAAAAAAAAAAAAAAAAAA",
            "dep_airp_cd": "111",
            "arr_airp_cd": "HND",
            "carrier": "NH",
            "carrier_3": "ANA",
            "flight": "1234",
            "disp_flight": "034",
            "carrier_kind": "0",
            "carrier_conversioned": "NH",
            "carrier_3_conversioned": "ANA",
            "model_cd": "111",
            "dep_time": "1030",
            "arr_time": "1030",
            "policy_ptn_cd": "003",
            "booking_class": "A",
            "booking_class_appl_cf": "0",
            "stc_classifi_no": "00000"
          }
        ],
        "stock": 5,
        "price": {
          "price_pattern": "-",
          "add_price": 2,
          "add_price_adult": 5000000,
          "add_price_child": 5000000,
          "price_from": 5000000,
          "price_to": 5000000
        }
      },
      {
        "flight_set": [
          {
            "cart_key_dp_air": "AAAAAAAAAAAAAAAAAAAA",
            "dep_airp_cd": "333",
            "arr_airp_cd": "HND",
            "carrier": "NH",
            "carrier_3": "ANA",
            "flight": "1234",
            "disp_flight": "034",
            "carrier_kind": "0",
            "carrier_conversioned": "NH",
            "carrier_3_conversioned": "ANA",
            "model_cd": "111",
            "dep_time": "1030",
            "arr_time": "1030",
            "policy_ptn_cd": "003",
            "booking_class": "A",
            "booking_class_appl_cf": "0",
            "stc_classifi_no": "00000"
          }
        ],
        "stock": 5,
        "price": {
          "price_pattern": "-",
          "add_price": 0,
          "add_price_adult": 5000000,
          "add_price_child": 5000000,
          "price_from": 5000000,
          "price_to": 5000000
        }
      },
      {
        "flight_set": [
          {
            "cart_key_dp_air": "AAAAAAAAAAAAAAAAAAAA",
            "dep_airp_cd": "333",
            "arr_airp_cd": "HND",
            "carrier": "NH",
            "carrier_3": "ANA",
            "flight": "1234",
            "disp_flight": "034",
            "carrier_kind": "0",
            "carrier_conversioned": "NH",
            "carrier_3_conversioned": "ANA",
            "model_cd": "111",
            "dep_time": "1030",
            "arr_time": "1030",
            "policy_ptn_cd": "003",
            "booking_class": "A",
            "booking_class_appl_cf": "0",
            "stc_classifi_no": "00000"
          }
        ],
        "stock": 5,
        "price": {
          "price_pattern": "-",
          "add_price": 0,
          "add_price_adult": 5000000,
          "add_price_child": 5000000,
          "price_from": 5000000,
          "price_to": 5000000
        }
      },
      {
        "flight_set": [
          {
            "cart_key_dp_air": "AAAAAAABBAAAAAAAAAAA",
            "dep_airp_cd": "333",
            "arr_airp_cd": "HND",
            "carrier": "NH",
            "carrier_3": "ANA",
            "flight": "1234",
            "disp_flight": "034",
            "carrier_kind": "0",
            "carrier_conversioned": "NH",
            "carrier_3_conversioned": "ANA",
            "model_cd": "111",
            "dep_time": "1030",
            "arr_time": "1030",
            "policy_ptn_cd": "003",
            "booking_class": "A",
            "booking_class_appl_cf": "0",
            "stc_classifi_no": "00000"
          }
        ],
        "stock": 5,
        "price": {
          "price_pattern": "-",
          "add_price": 0,
          "add_price_adult": 5000000,
          "add_price_child": 5000000,
          "price_from": 5000000,
          "price_to": 5000000
        }
      }
    ]
  }
}