{
  "db_version_time": "20160401100000",
  "response": {
    "criteria_count_list": [
      {
        "criteria_group_cd": "roomtype",
        "criterias": [
          {
            "criteria_cd": "jproom",
            "count": 5
          },
          {
            "criteria_cd": "westroom",
            "count": 10
          }
        ]
      }
    ],
    "company_count_list": [
      {
        "car_company_cd": "NIPPON",
        "count": 10
      },
      {
        "car_company_cd": "a",
        "count": 10
      }
    ],
    "car_class_count_list": [
      {
        "car_class_cd": "01",
        "count": 10
      },
      {
        "car_class_cd": "02",
        "count": 10
      }
    ]
  }
}