{
  "db_version_time": "20160401100000",
  "response": {
    "count": 11,
    "total_pages": 11,
    "display_range_from": 1,
    "display_range_to": 10,
    "hotel": {
      "copt_cd": "00001",
      "facl_cd": "00",
      "facl_nam": "札幌全日空ホテル",
      "zip_cd": "000-0000",
      "adrs": "和歌山市毛見１５２７番地",
      "latitude": "111.111111",
      "longitude": "40.222222",
      "facl_images": [
        {
          "pic_url_s": "http://localhost:8080/csm/resources/image/yufu_yamamomiji.jpg",
          "pic_url_m": "http://localhost:8080/csm/resources/image/yufu_yamamomiji.jpg",
          "pic_url_l": "http://localhost:8080/csm/resources/image/yufu_yamamomiji.jpg",
          "pic_url_o": "http://localhost:8080/csm/resources/image/yufu_yamamomiji.jpg",
          "pic_nam": "◯◯の間 ダイニングスペース",
          "pic_comment": "画像のコメントです"
        }
      ],
      "access": {
        "nearest_airp": [
          {
            "airp_cd": "HND",
            "arr_point": "ZZZZ駅",
            "car_tra_bus_shp_cf": "0",
            "ctbs_min_tm_required": 10,
            "ctbs_max_tm_required": 10,
            "other_nam": "ICから車",
            "ctbs_special_mention": "徒歩",
            "ctbs_sm_min_tm_required": 10,
            "ctbs_sm_max_tm_required": 10,
            "nearest_airp_note": "最寄空港から徒歩３０分"
          }
        ],
        "nearest_sta": [
          {
            "nearest_sta_trans": "AAAバス",
            "nearest_route_nam": "BBB線",
            "nearest_sta_nam": "CCC駅",
            "walk_car_shp_cf": "0",
            "tm_required": 10
          }
        ]
      },
      "tripadvisor": {
        "rate": 3.5,
        "image_url": "http://localhost:8080/csm/resources/image/yufu_yamamomiji.jpg",
        "count": 5,
        "url": "http://localhost:8080/csm/resources/image/yufu_yamamomiji.jpg"
      },
      "dp_supplier_flg": "1"
    },
    "plan_list": {
      "dp_plan_list": [
        {
          "air_route_list": {
            "go_dep_airp_cd": "HND",
            "go_arr_airp_cd": "HND",
            "back_dep_airp_cd": "HND",
            "back_arr_airp_cd": "HND"
          },
          "cart_key_dp_hotel": "HHHHHHHHHHHHHHHHHHHH",
          "plan_cd": "000000",
          "product_cd": "00",
          "plan_nam": "専用枠パッケージオプションプラン１",
          "stock_limits_no": "#001",
          "for_rsv_nam": "禁煙　洋室（1名）　シングル１",
          "roomtype_cd": "03",
          "roomtype_nam": "洋室(ツイン)",
          "meal_conditions": [
            {
              "meal_pre_req_no": "1",
              "meal_pre_requis_nam": "夕食"
            }
          ],
          "use_pre_req_no": "001",
          "use_pre_req_nam": "１名１室",
          "use_pre_req_dtl": "利用条件詳細１",
          "use_pre_req_unit": "1",
          "disp_use_req_unit_nam": "室",
          "min_room_area": "20",
          "max_room_area": "40",
          "room_unit_flg": "0",
          "price": 5000000,
          "stock": 5
        },
        {
          "air_route_list": {
            "go_dep_airp_cd": "HND",
            "go_arr_airp_cd": "HND",
            "back_dep_airp_cd": "HND",
            "back_arr_airp_cd": "HND"
          },
          "cart_key_dp_hotel": "HHHHHHHHHHHHHHHHHHHH",
          "plan_cd": "000000",
          "product_cd": "00",
          "plan_nam": "専用枠パッケージオプションプラン２",
          "stock_limits_no": "#001",
          "for_rsv_nam": "禁煙　洋室（1名）　シングル２",
          "roomtype_cd": "03",
          "roomtype_nam": "洋室(ツイン)",
          "meal_conditions": [
            {
              "meal_pre_req_no": "1",
              "meal_pre_requis_nam": "夕食"
            }
          ],
          "use_pre_req_no": "001",
          "use_pre_req_nam": "１名１室",
          "use_pre_req_dtl": "利用条件詳細１",
          "use_pre_req_unit": "1",
          "disp_use_req_unit_nam": "室",
          "min_room_area": "20",
          "max_room_area": "40",
          "room_unit_flg": "0",
          "price": 5000000,
          "stock": 5
        },
        {
          "air_route_list": {
            "go_dep_airp_cd": "HND",
            "go_arr_airp_cd": "HND",
            "back_dep_airp_cd": "HND",
            "back_arr_airp_cd": "HND"
          },
          "cart_key_dp_hotel": "HHHHHHHHHHHHHHHHHHHH",
          "plan_cd": "000000",
          "product_cd": "00",
          "plan_nam": "専用枠パッケージオプションプラン３",
          "stock_limits_no": "#001",
          "for_rsv_nam": "禁煙　洋室（1名）　シングル３",
          "roomtype_cd": "03",
          "roomtype_nam": "洋室(ツイン)",
          "meal_conditions": [
            {
              "meal_pre_req_no": "1",
              "meal_pre_requis_nam": "夕食"
            }
          ],
          "use_pre_req_no": "001",
          "use_pre_req_nam": "１名１室",
          "use_pre_req_dtl": "利用条件詳細１",
          "use_pre_req_unit": "1",
          "disp_use_req_unit_nam": "室",
          "min_room_area": "20",
          "max_room_area": "40",
          "room_unit_flg": "0",
          "price": 5000000,
          "stock": 5
        },
        {
          "air_route_list": {
            "go_dep_airp_cd": "HND",
            "go_arr_airp_cd": "HND",
            "back_dep_airp_cd": "HND",
            "back_arr_airp_cd": "HND"
          },
          "cart_key_dp_hotel": "HHHHHHHHHHHHHHHHHHHH",
          "plan_cd": "000000",
          "product_cd": "00",
          "plan_nam": "専用枠パッケージオプションプラン４",
          "stock_limits_no": "#001",
          "for_rsv_nam": "禁煙　洋室（1名）　シングル４",
          "roomtype_cd": "03",
          "roomtype_nam": "洋室(ツイン)",
          "meal_conditions": [
            {
              "meal_pre_req_no": "1",
              "meal_pre_requis_nam": "夕食"
            }
          ],
          "use_pre_req_no": "001",
          "use_pre_req_nam": "１名１室",
          "use_pre_req_dtl": "利用条件詳細１",
          "use_pre_req_unit": "1",
          "disp_use_req_unit_nam": "室",
          "min_room_area": "20",
          "max_room_area": "40",
          "room_unit_flg": "0",
          "price": 5000000,
          "stock": 5
        },
        {
          "air_route_list": {
            "go_dep_airp_cd": "HND",
            "go_arr_airp_cd": "HND",
            "back_dep_airp_cd": "HND",
            "back_arr_airp_cd": "HND"
          },
          "cart_key_dp_hotel": "HHHHHHHHHHHHHHHHHHHH",
          "plan_cd": "000000",
          "product_cd": "00",
          "plan_nam": "専用枠パッケージオプションプラン５",
          "stock_limits_no": "#001",
          "for_rsv_nam": "禁煙　洋室（1名）　シングル５",
          "roomtype_cd": "03",
          "roomtype_nam": "洋室(ツイン)",
          "meal_conditions": [
            {
              "meal_pre_req_no": "1",
              "meal_pre_requis_nam": "夕食"
            }
          ],
          "use_pre_req_no": "001",
          "use_pre_req_nam": "１名１室",
          "use_pre_req_dtl": "利用条件詳細１",
          "use_pre_req_unit": "1",
          "disp_use_req_unit_nam": "室",
          "min_room_area": "20",
          "max_room_area": "40",
          "room_unit_flg": "0",
          "price": 5000000,
          "stock": 5
        }
        
      ],
      "tour_plan_list": [
        {
          "air_route_list": {
            "go_dep_airp_cd": "HND",
            "go_arr_airp_cd": "HND",
            "back_dep_airp_cd": "HND",
            "back_arr_airp_cd": "HND"
          },
          "cart_key_tour_hotel": "HHHHHHHHHHHHHHHHHHHH",
          "web_goods_nam": "嚶鳴フォーラムＩＮ田原＆伊勢神宮めぐり３日間（現地発着プラン）１",
          "sub_title": "ANAスカイホリデーフリープラン",
          "goods_cd": "A001A11A21",
          "plan_cd": "000000",
          "product_cd": "00",
          "itin_hndl_no": "00000009",
          "stock_limits_no": "#001",
          "for_rsv_nam": "禁煙　洋室（1名）　シングル",
          "roomtype_cd": "03",
          "roomtype_nam": "洋室(ツイン)",
          "meal_conditions": [
            {
              "meal_pre_req_no": "1",
              "meal_pre_requis_nam": "夕食"
            }
          ],
          "use_pre_req_no": "001",
          "use_pre_req_nam": "１名１室",
          "use_pre_req_dtl": "利用条件詳細１",
          "use_pre_req_unit": "1",
          "disp_use_req_unit_nam": "室",
          "min_room_area": "20",
          "max_room_area": "40",
          "room_unit_flg": "0",
          "price": 5000000,
          "stock": 5
        },
        {
          "air_route_list": {
            "go_dep_airp_cd": "HND",
            "go_arr_airp_cd": "HND",
            "back_dep_airp_cd": "HND",
            "back_arr_airp_cd": "HND"
          },
          "cart_key_tour_hotel": "HHHHHHHHHHHHHHHHHHHH",
          "web_goods_nam": "嚶鳴フォーラムＩＮ田原＆伊勢神宮めぐり３日間（現地発着プラン）２",
          "sub_title": "ANAスカイホリデーフリープラン",
          "goods_cd": "A001A11A21",
          "plan_cd": "000000",
          "product_cd": "00",
          "itin_hndl_no": "00000009",
          "stock_limits_no": "#001",
          "for_rsv_nam": "禁煙　洋室（1名）　シングル",
          "roomtype_cd": "03",
          "roomtype_nam": "洋室(ツイン)",
          "meal_conditions": [
            {
              "meal_pre_req_no": "1",
              "meal_pre_requis_nam": "夕食"
            }
          ],
          "use_pre_req_no": "001",
          "use_pre_req_nam": "１名１室",
          "use_pre_req_dtl": "利用条件詳細１",
          "use_pre_req_unit": "1",
          "disp_use_req_unit_nam": "室",
          "min_room_area": "20",
          "max_room_area": "40",
          "room_unit_flg": "0",
          "price": 5000000,
          "stock": 5
        },
        {
          "air_route_list": {
            "go_dep_airp_cd": "HND",
            "go_arr_airp_cd": "HND",
            "back_dep_airp_cd": "HND",
            "back_arr_airp_cd": "HND"
          },
          "cart_key_tour_hotel": "HHHHHHHHHHHHHHHHHHHH",
          "web_goods_nam": "嚶鳴フォーラムＩＮ田原＆伊勢神宮めぐり３日間（現地発着プラン）３",
          "sub_title": "ANAスカイホリデーフリープラン",
          "goods_cd": "A001A11A21",
          "plan_cd": "000000",
          "product_cd": "00",
          "itin_hndl_no": "00000009",
          "stock_limits_no": "#001",
          "for_rsv_nam": "禁煙　洋室（1名）　シングル",
          "roomtype_cd": "03",
          "roomtype_nam": "洋室(ツイン)",
          "meal_conditions": [
            {
              "meal_pre_req_no": "1",
              "meal_pre_requis_nam": "夕食"
            }
          ],
          "use_pre_req_no": "001",
          "use_pre_req_nam": "１名１室",
          "use_pre_req_dtl": "利用条件詳細１",
          "use_pre_req_unit": "1",
          "disp_use_req_unit_nam": "室",
          "min_room_area": "20",
          "max_room_area": "40",
          "room_unit_flg": "0",
          "price": 5000000,
          "stock": 5
        },
        {
          "air_route_list": {
            "go_dep_airp_cd": "HND",
            "go_arr_airp_cd": "HND",
            "back_dep_airp_cd": "HND",
            "back_arr_airp_cd": "HND"
          },
          "cart_key_tour_hotel": "HHHHHHHHHHHHHHHHHHHH",
          "web_goods_nam": "嚶鳴フォーラムＩＮ田原＆伊勢神宮めぐり３日間（現地発着プラン）４",
          "sub_title": "ANAスカイホリデーフリープラン",
          "goods_cd": "A001A11A21",
          "plan_cd": "000000",
          "product_cd": "00",
          "itin_hndl_no": "00000009",
          "stock_limits_no": "#001",
          "for_rsv_nam": "禁煙　洋室（1名）　シングル",
          "roomtype_cd": "03",
          "roomtype_nam": "洋室(ツイン)",
          "meal_conditions": [
            {
              "meal_pre_req_no": "1",
              "meal_pre_requis_nam": "夕食"
            }
          ],
          "use_pre_req_no": "001",
          "use_pre_req_nam": "１名１室",
          "use_pre_req_dtl": "利用条件詳細１",
          "use_pre_req_unit": "1",
          "disp_use_req_unit_nam": "室",
          "min_room_area": "20",
          "max_room_area": "40",
          "room_unit_flg": "0",
          "price": 5000000,
          "stock": 5
        },
        {
          "air_route_list": {
            "go_dep_airp_cd": "HND",
            "go_arr_airp_cd": "HND",
            "back_dep_airp_cd": "HND",
            "back_arr_airp_cd": "HND"
          },
          "cart_key_tour_hotel": "HHHHHHHHHHHHHHHHHHHH",
          "web_goods_nam": "嚶鳴フォーラムＩＮ田原＆伊勢神宮めぐり３日間（現地発着プラン）５",
          "sub_title": "ANAスカイホリデーフリープラン",
          "goods_cd": "A001A11A21",
          "plan_cd": "000000",
          "product_cd": "00",
          "itin_hndl_no": "00000009",
          "stock_limits_no": "#001",
          "for_rsv_nam": "禁煙　洋室（1名）　シングル",
          "roomtype_cd": "03",
          "roomtype_nam": "洋室(ツイン)",
          "meal_conditions": [
            {
              "meal_pre_req_no": "1",
              "meal_pre_requis_nam": "夕食"
            }
          ],
          "use_pre_req_no": "001",
          "use_pre_req_nam": "１名１室",
          "use_pre_req_dtl": "利用条件詳細１",
          "use_pre_req_unit": "1",
          "disp_use_req_unit_nam": "室",
          "min_room_area": "20",
          "max_room_area": "40",
          "room_unit_flg": "0",
          "price": 5000000,
          "stock": 5
        }
      ]
    }
  }
}