{
  "db_version_time": "20160401100000",
  "response": {
    "count": 5,
    "total_pages": 10,
    "display_range_from": 5,
    "display_range_to": 5,
    "selected_plan": {
      "car_company_cd": null,
      "allot": {
        "office_nam": "和倉温泉",
        "facl_nam": "ニッポンレンタカー　北陸",
        "copt_cd": "00001",
        "facl_cd": "00",
        "abandon_area_cd": "001",
        "office_no": 82
      },
      "return_obj": {
        "office_nam": "和倉温泉",
        "facl_nam": "ニッポンレンタカー　北陸",
        "copt_cd": "00001",
        "facl_cd": "00",
        "abandon_area_cd": "001",
        "office_no": 82
      },
      "plan_cd": "000000",
      "stock_limits_no": "#001",
      "plan_nam": "専用枠パッケージオプションプラン",
      "use_pre_req_no": "001",
      "use_pre_req_unit": "1",
      "use_pre_req_nam": "１名１室",
      "disp_use_req_unit_nam": "室",
      "use_qtty": 24,
      "plan_image": {
        "pic_url_s": "http://localhost:8080/path/to/contents",
        "pic_url_m": "http://localhost:8080/path/to/contents",
        "pic_url_l": "http://localhost:8080/path/to/contents",
        "pic_url_o": "http://localhost:8080/path/to/contents",
        "pic_nam": "画像名",
        "pic_comment": "画像のコメントです"
      },
      "car_class_cd": "01",
      "car_class_nam": "S",
      "num_p_from": 1,
      "num_p_to": 1,
      "for_rsv_nam": "予約表示用名称",
      "basic_price": 5000000,
      "abandon_price": 5000000
    },
    "plan_list": [
      {
        "copt_cd": "00001",
        "facl_cd": "00",
        "abandon_area_cd": "001",
        "office_no": 82,
        "car_company_cd": null,
        "office_nam": "和倉温泉",
        "facl_nam": "ニッポンレンタカー　北陸",
        "cart_key_dp_option": "OOOOOOOOOOOOOOOOOOOO",
        "plan_cd": "000000",
        "stock_limits_no": "#001",
        "use_pre_req_no": "001",
        "use_pre_req_unit": "1",
        "use_pre_req_nam": "１名１室",
        "disp_use_req_unit_nam": "室",
        "use_qtty": 24,
        "plan_nam": "専用枠パッケージオプションプラン",
        "plan_image": {
          "pic_url_s": "http://localhost:8080/path/to/contents",
          "pic_url_m": "http://localhost:8080/path/to/contents",
          "pic_url_l": "http://localhost:8080/path/to/contents",
          "pic_url_o": "http://localhost:8080/path/to/contents",
          "pic_nam": "画像名",
          "pic_comment": "画像のコメントです"
        },
        "car_class_cd": "01",
        "car_class_nam": "S",
        "num_p_from": 1,
        "num_p_to": 1,
        "for_rsv_nam": "予約表示用名称",
        "settle_way_cf": "0",
        "basic_price": 5000000,
        "abandon_price": 5000000,
        "stock": 5
      }
    ]
  }
}