<env:Envelope xmlns:env="http://schemas.xmlsoap.org/soap/envelope/" xmlns="http://www.anaskyholiday.co.jp/adam/dto/api"
  xmlns:api="http://www.anaskyholiday.co.jp/adam/api">
  <env:Header />
  <env:Body>
    <api:sc0010aResponse>
      <IFASW010IRes>
        <cmnHedInf>
          <reqResCf>2</reqResCf>
          <reqOrgCd>INTERNET</reqOrgCd>
          <pwd>pass9999</pwd>
          <svcKd>IFASW010I</svcKd>
          <mkMsgDt>2018-08-16T15:54:53+09:00</mkMsgDt>
        </cmnHedInf>
        <proRstInf>
          <rstCd>0</rstCd>
          <lstUpdDtInf>
            <rcNo>UD885247</rcNo>
            <lstUpdDt>2018-08-16T15:54:47+09:00</lstUpdDt>
          </lstUpdDtInf>
        </proRstInf>
        <clfInf>
          <rcNo>UD885247</rcNo>
          <gdCnlCmsRatInf>
            <rcGdNo>0</rcGdNo>
            <gdKdCd>990</gdKdCd>
            <appStrDd>20060401</appStrDd>
            <appEndDd>29990331</appEndDd>
            <gdCnlCmsRatDtlInf>
              <cmsRatSeq>001</cmsRatSeq>
              <strAppDdNum>999</strAppDdNum>
              <endAppDdNum>21</endAppDdNum>
              <cnlCmsRat>0</cnlCmsRat>
            </gdCnlCmsRatDtlInf>
            <gdCnlCmsRatDtlInf>
              <cmsRatSeq>002</cmsRatSeq>
              <strAppDdNum>20</strAppDdNum>
              <endAppDdNum>8</endAppDdNum>
              <cnlCmsRat>20</cnlCmsRat>
            </gdCnlCmsRatDtlInf>
            <gdCnlCmsRatDtlInf>
              <cmsRatSeq>003</cmsRatSeq>
              <strAppDdNum>7</strAppDdNum>
              <endAppDdNum>2</endAppDdNum>
              <cnlCmsRat>30</cnlCmsRat>
            </gdCnlCmsRatDtlInf>
            <gdCnlCmsRatDtlInf>
              <cmsRatSeq>004</cmsRatSeq>
              <strAppDdNum>1</strAppDdNum>
              <endAppDdNum>1</endAppDdNum>
              <cnlCmsRat>40</cnlCmsRat>
            </gdCnlCmsRatDtlInf>
            <gdCnlCmsRatDtlInf>
              <cmsRatSeq>005</cmsRatSeq>
              <strAppDdNum>0</strAppDdNum>
              <endAppDdNum>0</endAppDdNum>
              <cnlCmsRat>50</cnlCmsRat>
            </gdCnlCmsRatDtlInf>
            <gdCnlCmsRatDtlInf>
              <cmsRatSeq>006</cmsRatSeq>
              <strAppDdNum>-1</strAppDdNum>
              <endAppDdNum>-99</endAppDdNum>
              <cnlCmsRat>100</cnlCmsRat>
            </gdCnlCmsRatDtlInf>
          </gdCnlCmsRatInf>
        </clfInf>
      </IFASW010IRes>
    </api:sc0010aResponse>
  </env:Body>
</env:Envelope>