{
  "ana_db_version_time": "20160401100000",
  "rakuten_db_version_time": "20160401100000",
  "jalan_db_version_time": "20160401100000",
  "response": {
    "count": 5,
    "total_pages": 10,
    "display_range_from": 5,
    "display_range_to": 5,
    "hotel_list": [
      {
        "hotel_no": 30161,
        "facl_nam": "札幌全日空ホテル",
        "facl_images": [
               "/csm/resources/image/ishigaki_resort.jpg","/csm/resources/image/ishigaki_resort.jpg"
        ],
        "maj_mat_cd": "02",
        "region_cd": "001",
        "area_cd": "001",
        "access": {
          "nearest_airp": [
            {
              "airp_cd": "HND",
              "arr_point": "ZZZZ駅",
              "car_tra_bus_shp_cf": "5",
              "ctbs_min_tm_required": 10,
              "ctbs_max_tm_required": 20,
              "other_nam": "ICから車",
              "ctbs_special_mention": "徒歩",
              "ctbs_sm_min_tm_required": 30,
              "ctbs_sm_max_tm_required": 40,
              "nearest_airp_note": "最寄空港から徒歩３０分"
            }
          ],
          "nearest_sta": [
            {
              "nearest_sta_trans": "AAAバス",
              "nearest_route_nam": "BBB線",
              "nearest_sta_nam": "CCC駅",
              "walk_car_shp_cf": "5",
              "tm_required": 50
            }
          ]
        },
        "zip_cd": "000-0000",
        "adrs": "和歌山市毛見１５２７番地",
        "tripadvisor": {
          "rate": 4.5,
          "image_url": "/csm/resources/image/tripadvisor-logo.png",
          "count": 5,
          "url": "http://www.domain.com/path/to/contents.html"
        },
        "latitude": "35.655453",
        "longitude": "139.706082",
        "plan": {
          "site_cd": "ANA",
          "plan_nam": "専用枠パッケージオプションプラン",
          "use_pre_req_nam": "１名１室",
          "use_pre_req_dtl": "利用条件詳細１",
          "for_rsv_nam": "禁煙　洋室（1名）　シングル",
          "meal_conditions": [
            {
              "meal_pre_req_no": "1",
              "meal_pre_requis_nam": "夕食"
            }
          ],
          "roomtype_cd": "03",
          "roomtype_nam": "洋室(ツイン)",
          "min_room_area": "20",
          "max_room_area": "40",
          "room_unit_flg": "0",
          "price": 5000000,
          "total_price": 5000000,
          "stock": 0,
          "standard_mile": 200,
          "plus_mile": 500,
          "mile_rsv_term_from": "20160401",
          "mile_rsv_term_to": "20160430",
          "mile_stay_term_from": "20160501",
          "mile_stay_term_to": "20160530",
          "settle_way_cf": "0",
          "plan_keys": {
            "site_hotel_no": "10213-01",
            "site_room_type_cd": "#002-005",
            "site_plan_cd": "131121",
            "product_cd": "00"
          }
        }
      }
    ]
  }
}