{
  "db_version_time": "20160401100000",
  "response": {
    "criteria_count_list": [
      {
        "criteria_group_cd": "car",
        "criterias": [
          {
            "criteria_cd": "LATECHKOUT",
            "count": 5
          },
          {
            "criteria_cd": "SMOKING",
            "count": 10
          }
        ]
      }
    ],
    "company_count_list": [
      {
        "car_company_cd": null,
        "count": 10
      },
      {
        "car_company_cd": null,
        "count": 10
      }
    ],
    "car_class_count_list": [
      {
        "car_class_cd": "01",
        "count": 10
      },
      {
        "car_class_cd": "02",
        "count": 10
      },
      {
        "car_class_cd": "03",
        "count": 0
      },
      {
        "car_class_cd": "04",
        "count": 0
      }
    ]
  }
}