<env:Envelope xmlns:env="http://schemas.xmlsoap.org/soap/envelope/" xmlns="http://www.anaskyholiday.co.jp/adam/dto/api"
  xmlns:api="http://www.anaskyholiday.co.jp/adam/api">
  <env:Header />
  <env:Body>
    <api:sg0020aResponse>
      <IFASW053IRes>
        <cmnHedInf>
          <reqResCf>2</reqResCf>
          <reqOrgCd>INTERNET</reqOrgCd>
          <pwd>pass9999</pwd>
          <svcKd>IFASW053I</svcKd>
          <mkMsgDt>2018-05-28T19:12:57+09:00</mkMsgDt>
        </cmnHedInf>
        <proRstInf>
          <rstCd>0</rstCd>
          <lstUpdDtInf>
            <rcNo>UD889707</rcNo>
            <lstUpdDt>2018-05-28T17:56:10+09:00</lstUpdDt>
          </lstUpdDtInf>
        </proRstInf>
        <issDt>2018-05-28T17:56:09+09:00</issDt>
        <issStrCd>TYA506</issStrCd>
        <issStrNm>ＡＳＸ ＡＳＷツアー 東京</issStrNm>
        <rcInf>
          <rcNo>UD889707</rcNo>
          <rpPsnId>4190124</rpPsnId>
          <rcGdInf>
            <rcGdNo>0</rcGdNo>
            <gdCd>A0F7A11AA1</gdCd>
            <gdNm>別線５２ＳＴ確認商品１泊（東京発）</gdNm>
            <depp>001</depp>
            <gndPkgFlg>0</gndPkgFlg>
            <depDd>20180603</depDd>
            <arrDd>20180607</arrDd>
            <ttlNum>2</ttlNum>
            <itnInf>
              <useDd>20180607</useDd>
            </itnInf>
            <itnInf>
              <useDd>20180603</useDd>
            </itnInf>
            <itnNtsInf>
              <useDd>20180607</useDd>
            </itnNtsInf>
            <itnNtsInf>
              <useDd>20180603</useDd>
            </itnNtsInf>
            <gdFeePhrInf>
              <gdCd>A0F7A11AA1</gdCd>
              <phrNo>1</phrNo>
              <ord>1</ord>
              <feeCon>包括旅行割引運賃適用の航空運賃</feeCon>
              <outCndCf>01</outCndCf>
            </gdFeePhrInf>
            <gdFeePhrInf>
              <gdCd>A0F7A11AA1</gdCd>
              <phrNo>2</phrNo>
              <ord>2</ord>
              <feeCon>国内線旅客施設使用料（対象空港利用時のみ）</feeCon>
              <outCndCf>01</outCndCf>
            </gdFeePhrInf>
            <gdFeePhrInf>
              <gdCd>A0F7A11AA1</gdCd>
              <phrNo>3</phrNo>
              <ord>3</ord>
              <feeCon>規定の宿泊費・食事代</feeCon>
              <outCndCf>02</outCndCf>
            </gdFeePhrInf>
            <gdFeePhrInf>
              <gdCd>A0F7A11AA1</gdCd>
              <phrNo>4</phrNo>
              <ord>4</ord>
              <feeCon>※食事条件は、ご宿泊ホテルにより異なります。宿泊情報ページをご覧ください。</feeCon>
              <outCndCf>02</outCndCf>
            </gdFeePhrInf>
            <gdFeePhrInf>
              <gdCd>A0F7A11AA1</gdCd>
              <phrNo>7</phrNo>
              <ord>7</ord>
              <feeCon>※行程中の規定料金以外の交通費、食事代、入園料等はお客様負担となります。</feeCon>
              <outCndCf>00</outCndCf>
            </gdFeePhrInf>
            <gdFeePhrInf>
              <gdCd>A0F7A11AA1</gdCd>
              <phrNo>8</phrNo>
              <ord>8</ord>
              <feeCon>※★をご利用にならなかった場合の払戻はございません。</feeCon>
              <outCndCf>00</outCndCf>
            </gdFeePhrInf>
            <csrGdcInf>
              <gdCd>A0F7A11AA1</gdCd>
              <phrNo>1</phrNo>
              <ord>1</ord>
              <gdcCon>【最少催行人員】
                ２名(ただし、１名１室の設定がある宿泊施設のみを利用した場合は１名）</gdcCon>
              <outCndCf>00</outCndCf>
            </csrGdcInf>
            <csrGdcInf>
              <gdCd>A0F7A11AA1</gdCd>
              <phrNo>2</phrNo>
              <ord>2</ord>
              <gdcCon>【旅のご案内にてお渡しするもの】</gdcCon>
              <outCndCf>00</outCndCf>
            </csrGdcInf>
            <csrGdcInf>
              <gdCd>A0F7A11AA1</gdCd>
              <phrNo>3</phrNo>
              <ord>3</ord>
              <gdcCon>・ｅチケットお客様控</gdcCon>
              <outCndCf>01</outCndCf>
            </csrGdcInf>
            <csrGdcInf>
              <gdCd>A0F7A11AA1</gdCd>
              <phrNo>4</phrNo>
              <ord>4</ord>
              <gdcCon>・旅程表</gdcCon>
              <outCndCf>00</outCndCf>
            </csrGdcInf>
            <csrGdcInf>
              <gdCd>A0F7A11AA1</gdCd>
              <phrNo>6</phrNo>
              <ord>6</ord>
              <gdcCon>※オプショナルプランをお申し込みの場合は、別途クーポンをお渡しする場合がございますので、販売店にてご確認ください。</gdcCon>
              <outCndCf>00</outCndCf>
            </csrGdcInf>
            <csrGdcInf>
              <gdCd>A0F7A11AA1</gdCd>
              <phrNo>7</phrNo>
              <ord>7</ord>
              <gdcCon>【添乗員について】
                添乗員は同行いたしません。</gdcCon>
              <outCndCf>00</outCndCf>
            </csrGdcInf>
            <csrGdcInf>
              <gdCd>A0F7A11AA1</gdCd>
              <phrNo>9</phrNo>
              <ord>9</ord>
              <gdcCon>【朝食付き宿泊施設をご利用の方へのご案内】
                早朝出発の場合などお客様の行程によっては朝食をご利用いただくことができない場合がございます。その場合、お客様の朝食放棄となりますのでご注意ください。</gdcCon>
              <outCndCf>07</outCndCf>
            </csrGdcInf>
            <csrGdcInf>
              <gdCd>A0F7A11AA1</gdCd>
              <phrNo>10</phrNo>
              <ord>10</ord>
              <gdcCon>【ＡＮＡ ＦＥＳＴＡ各空港店舗ご購入割引について】
                各空港のＡＮＡ
                ＦＥＳＴＡで１，０００円以上お買い上げいただくと、ご購入金額から１０％割引になります。ツアーご購入の際にお渡しする「旅程表」をご提示ください。グループでご参加のお客様で「旅程表」が代表者の方のみの場合、その他の方はホームページ（http://www.ダミーリンク.co.jp/）より、「ＡＮＡ
                ＦＥＳＴＡおみやげ割引券」を印刷し、購入時にご提示ください。 ※一部、割引対象外の商品がございますので、詳しくは店舗の販売員にお尋ねください。 ※一部、ＡＮＡ
                ＦＥＳＴＡのない空港がございます。詳しくは（http://www.ダミーリンク.com）をご覧ください。</gdcCon>
              <outCndCf>01</outCndCf>
            </csrGdcInf>
            <csrGdcInf>
              <gdCd>A0F7A11AA1</gdCd>
              <phrNo>11</phrNo>
              <ord>11</ord>
              <gdcCon>【その他】
                ・お客様都合による行程の変更はできません。</gdcCon>
              <outCndCf>00</outCndCf>
            </csrGdcInf>
            <csrGdcInf>
              <gdCd>A0F7A11AA1</gdCd>
              <phrNo>12</phrNo>
              <ord>12</ord>
              <gdcCon>・ご旅行期間中であって、当社の手配による旅行サービスの提供が一切行われない日（これを当社では「無手配日」といいます）については、当該日にお客様が被った損害について補償金は支払われません。</gdcCon>
              <outCndCf>08</outCndCf>
            </csrGdcInf>
          </rcGdInf>
          <pxInf>
            <pxId>4190124</pxId>
            <nmFm>旅行</nmFm>
            <nmNm>一</nmNm>
            <nmKnFm>リョコウ</nmKnFm>
            <nmKnNm>イチ</nmKnNm>
            <age>48</age>
            <sex>M</sex>
            <pxFlg>0</pxFlg>
          </pxInf>
          <pxInf>
            <pxId>4190125</pxId>
            <nmKnFm>リョコウ</nmKnFm>
            <nmKnNm>ニ</nmKnNm>
            <age>30</age>
            <sex>M</sex>
            <pxFlg>0</pxFlg>
          </pxInf>
          <airRvInf>
            <rcGdNo>0</rcGdNo>
            <mtNo>0</mtNo>
            <useDd>20180603</useDd>
            <num>2</num>
            <lt2>NH</lt2>
            <lt3>ANA</lt3>
            <flt>987</flt>
            <dspFlt>987</dspFlt>
            <clsKd>0</clsKd>
            <depTm>0615</depTm>
            <arrTm>0745</arrTm>
            <depAptCd>HND</depAptCd>
            <depAptNm>羽田</depAptNm>
            <arrAptCd>CTS</arrAptCd>
            <arrAptNm>千歳</arrAptNm>
          </airRvInf>
          <airRvInf>
            <rcGdNo>0</rcGdNo>
            <mtNo>1</mtNo>
            <useDd>20180607</useDd>
            <num>2</num>
            <lt2>NH</lt2>
            <lt3>ANA</lt3>
            <flt>988</flt>
            <dspFlt>988</dspFlt>
            <clsKd>0</clsKd>
            <depTm>2150</depTm>
            <arrTm>2330</arrTm>
            <depAptCd>CTS</depAptCd>
            <depAptNm>千歳</depAptNm>
            <arrAptCd>HND</arrAptCd>
            <arrAptNm>羽田</arrAptNm>
          </airRvInf>
          <gndRvInf>
            <rcGdNo>0</rcGdNo>
            <mtNo>2</mtNo>
            <useDd>20180603</useDd>
            <num>1</num>
            <cpCd>10013</cpCd>
            <cpNm>加森観光（株）</cpNm>
            <fcCd>01</fcCd>
            <fcNm>ルスツリゾートホテル＆コンベンション１ルスツリゾートホテル＆コンベンション１ア</fcNm>
            <zipNo>048-1711</zipNo>
            <adr>埼玉道虻田郡留寿都村字泉川１３北海道虻田郡留寿都村字泉川１３北海道虻田郡留寿都村</adr>
            <tel>0136-46-3331</tel>
            <fcTypCd>00</fcTypCd>
            <stlNo>#001</stlNo>
            <rvDspNm>禁煙 洋室 ツイン</rvDspNm>
            <carRmk>禁煙・・・・ペット同乗不可</carRmk>
            <nts>※全室禁煙ルームとなります。</nts>
            <plCd>S02C00</plCd>
            <matCd>00</matCd>
            <plNm>通年プラン</plNm>
            <cpnIssFlg>0</cpnIssFlg>
            <useCndNo>001</useCndNo>
            <useCndNm>２名１室利用</useCndNm>
            <useCndDt>２名１室でご利用の場合は正ベッド３台のお部屋となる場合もございます。</useCndDt>
            <useNumUntCf>1</useNumUntCf>
            <dspUseCndUntNm>室</dspUseCndUntNm>
            <eqiFlg>0</eqiFlg>
            <chkiTm1>1500</chkiTm1>
            <chkoTm1>1100</chkoTm1>
            <chkiStrMd1>0101</chkiStrMd1>
            <chkiEndMd1>0531</chkiEndMd1>
            <chkiTm2>0000</chkiTm2>
            <chkoTm2>3059</chkoTm2>
            <chkiStrMd2>0601</chkiStrMd2>
            <chkiEndMd2>0630</chkiEndMd2>
            <chkiTm3>0001</chkiTm3>
            <chkoTm3>0203</chkoTm3>
            <chkiStrMd3>0701</chkiStrMd3>
            <chkiEndMd3>1231</chkiEndMd3>
            <chkioRmk>チェックイン・アウト備考チェックイン・アウト備考チェックイン・アウト備考チェックイン・アウト備考チェックイン・アウト備考チェックイン・アウト備考チェックイン・アウト備考チェックイン・アウト備考チェック</chkioRmk>
            <elyChkiCf>0</elyChkiCf>
            <latChkoCf>0</latChkoCf>
            <styTypMealCndInf>
              <cpCd>10013</cpCd>
              <fcCd>01</fcCd>
              <plCd>S02C00</plCd>
              <cndNo>0</cndNo>
              <cndNm>朝食</cndNm>
              <rstFlg>1</rstFlg>
              <rmMealFlg>0</rmMealFlg>
              <bnqFlg>0</bnqFlg>
              <othMealPlcFlg>0</othMealPlcFlg>
              <jfdFlg>1</jfdFlg>
              <wmlFlg>1</wmlFlg>
              <chnFlg>0</chnFlg>
              <othDshCfFlg>0</othDshCfFlg>
              <bftFlg>1</bftFlg>
              <setMnuFlg>0</setMnuFlg>
              <dnnFlg>0</dnnFlg>
              <othDshStlFlg>0</othDshStlFlg>
            </styTypMealCndInf>
            <narAptInf>
              <narAptNo>1</narAptNo>
              <aptCd>ISG</aptCd>
              <aptNm>石垣</aptNm>
              <arrpNm>追加１</arrpNm>
              <trnfChiCf>0</trnfChiCf>
              <trnfMinRqdTm>10</trnfMinRqdTm>
              <trnfMxmRqdTm>11</trnfMxmRqdTm>
              <trnfNts>特記追加１</trnfNts>
              <trnfNtsMinRqdTm>12</trnfNtsMinRqdTm>
              <trnfNtsMxmRqdTm>13</trnfNtsMxmRqdTm>
              <narAptRmk>備考追加１</narAptRmk>
            </narAptInf>
            <narAptInf>
              <narAptNo>2</narAptNo>
              <aptCd>MMY</aptCd>
              <aptNm>宮古</aptNm>
              <arrpNm>追加２</arrpNm>
              <trnfChiCf>4</trnfChiCf>
              <trnfMinRqdTm>12</trnfMinRqdTm>
              <trnfMxmRqdTm>13</trnfMxmRqdTm>
              <trnfNts>特記追加２</trnfNts>
              <trnfNtsMinRqdTm>14</trnfNtsMinRqdTm>
              <trnfNtsMxmRqdTm>15</trnfNtsMxmRqdTm>
              <narAptRmk>備考追加２</narAptRmk>
            </narAptInf>
            <narAptInf>
              <narAptNo>3</narAptNo>
              <aptCd>CTS</aptCd>
              <aptNm>千歳</aptNm>
              <arrpNm>もより</arrpNm>
              <trnfChiCf>0</trnfChiCf>
            </narAptInf>
            <narAptInf>
              <narAptNo>4</narAptNo>
              <aptCd>CTS</aptCd>
              <aptNm>千歳</aptNm>
              <arrpNm>もより</arrpNm>
              <trnfChiCf>0</trnfChiCf>
            </narAptInf>
            <narAptInf>
              <narAptNo>5</narAptNo>
              <aptCd>CTS</aptCd>
              <aptNm>千歳</aptNm>
              <arrpNm>もよりえきめい００１</arrpNm>
              <trnfChiCf>0</trnfChiCf>
              <trnfMinRqdTm>999</trnfMinRqdTm>
              <trnfMxmRqdTm>999</trnfMxmRqdTm>
              <trnfNts>要・普通自動車免許証</trnfNts>
              <trnfNtsMinRqdTm>999</trnfNtsMinRqdTm>
              <trnfNtsMxmRqdTm>999</trnfNtsMxmRqdTm>
              <narAptRmk>０５備考備考備考備考備考備考備考備考備考備考備考備考備考備考備考備考備考備考備考備考備考備考備考０５</narAptRmk>
            </narAptInf>
            <narStaInf>
              <narStaNo>1</narStaNo>
              <narStaTrnfNm>交通機関１</narStaTrnfNm>
              <narStaRutNm>利用路線１</narStaRutNm>
              <narStaNm>下車場所１</narStaNm>
              <narStaMvgMenCf>0</narStaMvgMenCf>
              <rqdTm>100</rqdTm>
            </narStaInf>
            <narStaInf>
              <narStaNo>2</narStaNo>
              <narStaTrnfNm>交通機関２</narStaTrnfNm>
              <narStaRutNm>利用路線２</narStaRutNm>
              <narStaNm>下車場所２</narStaNm>
              <narStaMvgMenCf>1</narStaMvgMenCf>
              <rqdTm>200</rqdTm>
            </narStaInf>
            <narStaInf>
              <narStaNo>3</narStaNo>
              <narStaTrnfNm>交通機関３</narStaTrnfNm>
              <narStaRutNm>利用路線３</narStaRutNm>
              <narStaNm>下車場所３</narStaNm>
              <narStaMvgMenCf>0</narStaMvgMenCf>
              <rqdTm>120</rqdTm>
            </narStaInf>
          </gndRvInf>
          <pxMtAltAirInf>
            <rcGdNo>0</rcGdNo>
            <pxId>4190124</pxId>
            <pxDtId>000</pxDtId>
            <mtNo>0</mtNo>
          </pxMtAltAirInf>
          <pxMtAltAirInf>
            <rcGdNo>0</rcGdNo>
            <pxId>4190124</pxId>
            <pxDtId>000</pxDtId>
            <mtNo>1</mtNo>
          </pxMtAltAirInf>
          <pxMtAltAirInf>
            <rcGdNo>0</rcGdNo>
            <pxId>4190125</pxId>
            <pxDtId>000</pxDtId>
            <mtNo>0</mtNo>
          </pxMtAltAirInf>
          <pxMtAltAirInf>
            <rcGdNo>0</rcGdNo>
            <pxId>4190125</pxId>
            <pxDtId>000</pxDtId>
            <mtNo>1</mtNo>
          </pxMtAltAirInf>
          <pxMtAltGndInf>
            <rcGdNo>0</rcGdNo>
            <pxId>4190124</pxId>
            <pxDtId>000</pxDtId>
            <mtNo>2</mtNo>
            <useCndDtNo>0</useCndDtNo>
            <lieCf>0</lieCf>
          </pxMtAltGndInf>
          <pxMtAltGndInf>
            <rcGdNo>0</rcGdNo>
            <pxId>4190125</pxId>
            <pxDtId>000</pxDtId>
            <mtNo>2</mtNo>
            <useCndDtNo>0</useCndDtNo>
            <lieCf>0</lieCf>
          </pxMtAltGndInf>
        </rcInf>
      </IFASW053IRes>
    </api:sg0020aResponse>
  </env:Body>
</env:Envelope>