<env:Envelope xmlns:env="http://schemas.xmlsoap.org/soap/envelope/" xmlns="http://www.anaskyholiday.co.jp/adam/dto/api"
  xmlns:api="http://www.anaskyholiday.co.jp/adam/api">
  <env:Header />
  <env:Body>
    <api:sb0030aResponse>
      <IFASW007IRes>
        <cmnHedInf>
          <reqResCf>2</reqResCf>
          <reqOrgCd>INTERNET</reqOrgCd>
          <pwd>pass9999</pwd>
          <svcKd>IFASW007I</svcKd>
          <mkMsgDt>2018-08-30T16:02:09+09:00</mkMsgDt>
        </cmnHedInf>
        <proRstInf>
          <rstCd>0</rstCd>
        </proRstInf>
        <airSchRstInf>
          <reqSn>1</reqSn>
          <fltKd>1</fltKd>
          <useNum>8</useNum>
          <useDd>20180913</useDd>
          <depAptCd>HND</depAptCd>
          <arrAptCd>OKA</arrAptCd>
          <airSchRstFltInf>
            <depAptCd>HND</depAptCd>
            <arrAptCd>OKA</arrAptCd>
            <depAptNm>羽田</depAptNm>
            <arrAptNm>那覇</arrAptNm>
            <depTm>0620</depTm>
            <arrTm>0905</arrTm>
            <lt2>NH</lt2>
            <lt3>ANA</lt3>
            <flt>461</flt>
            <dspFlt>461</dspFlt>
            <bkgCls>A</bkgCls>
            <mdlCd>738</mdlCd>
            <appPyfAmt>9610</appPyfAmt>
            <vccNum>134</vccNum>
            <cdSrCf>0</cdSrCf>
          </airSchRstFltInf>
        </airSchRstInf>
        <airSchRstInf>
          <reqSn>1</reqSn>
          <fltKd>1</fltKd>
          <useNum>8</useNum>
          <useDd>20180913</useDd>
          <depAptCd>HND</depAptCd>
          <arrAptCd>OKA</arrAptCd>
          <airSchRstFltInf>
            <depAptCd>HND</depAptCd>
            <arrAptCd>OKA</arrAptCd>
            <depAptNm>羽田</depAptNm>
            <arrAptNm>那覇</arrAptNm>
            <depTm>0640</depTm>
            <arrTm>0920</arrTm>
            <lt2>NH</lt2>
            <lt3>ANA</lt3>
            <flt>993</flt>
            <dspFlt>993</dspFlt>
            <bkgCls>A</bkgCls>
            <mdlCd>76P</mdlCd>
            <appPyfAmt>9610</appPyfAmt>
            <vccNum>234</vccNum>
            <cdSrCf>0</cdSrCf>
          </airSchRstFltInf>
        </airSchRstInf>
        <airSchRstInf>
          <reqSn>1</reqSn>
          <fltKd>1</fltKd>
          <useNum>8</useNum>
          <useDd>20180913</useDd>
          <depAptCd>HND</depAptCd>
          <arrAptCd>OKA</arrAptCd>
          <airSchRstFltInf>
            <depAptCd>HND</depAptCd>
            <arrAptCd>OKA</arrAptCd>
            <depAptNm>羽田</depAptNm>
            <arrAptNm>那覇</arrAptNm>
            <depTm>0745</depTm>
            <arrTm>1025</arrTm>
            <lt2>NH</lt2>
            <lt3>ANA</lt3>
            <flt>463</flt>
            <dspFlt>463</dspFlt>
            <bkgCls>A</bkgCls>
            <mdlCd>772</mdlCd>
            <appPyfAmt>9610</appPyfAmt>
            <vccNum>470</vccNum>
            <cdSrCf>0</cdSrCf>
          </airSchRstFltInf>
        </airSchRstInf>
        <airSchRstInf>
          <reqSn>1</reqSn>
          <fltKd>1</fltKd>
          <useNum>8</useNum>
          <useDd>20180913</useDd>
          <depAptCd>HND</depAptCd>
          <arrAptCd>OKA</arrAptCd>
          <airSchRstFltInf>
            <depAptCd>HND</depAptCd>
            <arrAptCd>OKA</arrAptCd>
            <depAptNm>羽田</depAptNm>
            <arrAptNm>那覇</arrAptNm>
            <depTm>0840</depTm>
            <arrTm>1125</arrTm>
            <lt2>NH</lt2>
            <lt3>ANA</lt3>
            <flt>467</flt>
            <dspFlt>467</dspFlt>
            <bkgCls>A</bkgCls>
            <mdlCd>773</mdlCd>
            <appPyfAmt>9610</appPyfAmt>
            <vccNum>438</vccNum>
            <cdSrCf>0</cdSrCf>
          </airSchRstFltInf>
        </airSchRstInf>
        <airSchRstInf>
          <reqSn>1</reqSn>
          <fltKd>1</fltKd>
          <useNum>8</useNum>
          <useDd>20180913</useDd>
          <depAptCd>HND</depAptCd>
          <arrAptCd>OKA</arrAptCd>
          <airSchRstFltInf>
            <depAptCd>HND</depAptCd>
            <arrAptCd>OKA</arrAptCd>
            <depAptNm>羽田</depAptNm>
            <arrAptNm>那覇</arrAptNm>
            <depTm>0910</depTm>
            <arrTm>1155</arrTm>
            <lt2>NH</lt2>
            <lt3>ANA</lt3>
            <flt>995</flt>
            <dspFlt>995</dspFlt>
            <bkgCls>A</bkgCls>
            <mdlCd>772</mdlCd>
            <appPyfAmt>9610</appPyfAmt>
            <vccNum>334</vccNum>
            <cdSrCf>0</cdSrCf>
          </airSchRstFltInf>
        </airSchRstInf>
        <airSchRstInf>
          <reqSn>1</reqSn>
          <fltKd>1</fltKd>
          <useNum>8</useNum>
          <useDd>20180913</useDd>
          <depAptCd>HND</depAptCd>
          <arrAptCd>OKA</arrAptCd>
          <airSchRstFltInf>
            <depAptCd>HND</depAptCd>
            <arrAptCd>OKA</arrAptCd>
            <depAptNm>羽田</depAptNm>
            <arrAptNm>那覇</arrAptNm>
            <depTm>1045</depTm>
            <arrTm>1330</arrTm>
            <lt2>NH</lt2>
            <lt3>ANA</lt3>
            <flt>469</flt>
            <dspFlt>469</dspFlt>
            <bkgCls>A</bkgCls>
            <mdlCd>773</mdlCd>
            <appPyfAmt>9610</appPyfAmt>
            <vccNum>440</vccNum>
            <cdSrCf>0</cdSrCf>
          </airSchRstFltInf>
        </airSchRstInf>
        <airSchRstInf>
          <reqSn>1</reqSn>
          <fltKd>1</fltKd>
          <useNum>8</useNum>
          <useDd>20180913</useDd>
          <depAptCd>HND</depAptCd>
          <arrAptCd>OKA</arrAptCd>
          <airSchRstFltInf>
            <depAptCd>HND</depAptCd>
            <arrAptCd>OKA</arrAptCd>
            <depAptNm>羽田</depAptNm>
            <arrAptNm>那覇</arrAptNm>
            <depTm>1130</depTm>
            <arrTm>1415</arrTm>
            <lt2>NH</lt2>
            <lt3>ANA</lt3>
            <flt>471</flt>
            <dspFlt>471</dspFlt>
            <bkgCls>A</bkgCls>
            <mdlCd>772</mdlCd>
            <appPyfAmt>9610</appPyfAmt>
            <vccNum>373</vccNum>
            <cdSrCf>0</cdSrCf>
          </airSchRstFltInf>
        </airSchRstInf>
        <airSchRstInf>
          <reqSn>1</reqSn>
          <fltKd>1</fltKd>
          <useNum>8</useNum>
          <useDd>20180913</useDd>
          <depAptCd>HND</depAptCd>
          <arrAptCd>OKA</arrAptCd>
          <airSchRstFltInf>
            <depAptCd>HND</depAptCd>
            <arrAptCd>OKA</arrAptCd>
            <depAptNm>羽田</depAptNm>
            <arrAptNm>那覇</arrAptNm>
            <depTm>1315</depTm>
            <arrTm>1555</arrTm>
            <lt2>NH</lt2>
            <lt3>ANA</lt3>
            <flt>473</flt>
            <dspFlt>473</dspFlt>
            <bkgCls>A</bkgCls>
            <mdlCd>773</mdlCd>
            <appPyfAmt>9610</appPyfAmt>
            <vccNum>422</vccNum>
            <cdSrCf>0</cdSrCf>
          </airSchRstFltInf>
        </airSchRstInf>
        <airSchRstInf>
          <reqSn>1</reqSn>
          <fltKd>1</fltKd>
          <useNum>8</useNum>
          <useDd>20180913</useDd>
          <depAptCd>HND</depAptCd>
          <arrAptCd>OKA</arrAptCd>
          <airSchRstFltInf>
            <depAptCd>HND</depAptCd>
            <arrAptCd>OKA</arrAptCd>
            <depAptNm>羽田</depAptNm>
            <arrAptNm>那覇</arrAptNm>
            <depTm>1440</depTm>
            <arrTm>1725</arrTm>
            <lt2>NH</lt2>
            <lt3>ANA</lt3>
            <flt>475</flt>
            <dspFlt>475</dspFlt>
            <bkgCls>A</bkgCls>
            <mdlCd>772</mdlCd>
            <appPyfAmt>9610</appPyfAmt>
            <vccNum>448</vccNum>
            <cdSrCf>0</cdSrCf>
          </airSchRstFltInf>
        </airSchRstInf>
        <airSchRstInf>
          <reqSn>1</reqSn>
          <fltKd>1</fltKd>
          <useNum>8</useNum>
          <useDd>20180913</useDd>
          <depAptCd>HND</depAptCd>
          <arrAptCd>OKA</arrAptCd>
          <airSchRstFltInf>
            <depAptCd>HND</depAptCd>
            <arrAptCd>OKA</arrAptCd>
            <depAptNm>羽田</depAptNm>
            <arrAptNm>那覇</arrAptNm>
            <depTm>1555</depTm>
            <arrTm>1830</arrTm>
            <lt2>NH</lt2>
            <lt3>ANA</lt3>
            <flt>477</flt>
            <dspFlt>477</dspFlt>
            <bkgCls>A</bkgCls>
            <mdlCd>773</mdlCd>
            <appPyfAmt>9610</appPyfAmt>
            <vccNum>416</vccNum>
            <cdSrCf>0</cdSrCf>
          </airSchRstFltInf>
        </airSchRstInf>
        <airSchRstInf>
          <reqSn>1</reqSn>
          <fltKd>1</fltKd>
          <useNum>8</useNum>
          <useDd>20180913</useDd>
          <depAptCd>HND</depAptCd>
          <arrAptCd>OKA</arrAptCd>
          <airSchRstFltInf>
            <depAptCd>HND</depAptCd>
            <arrAptCd>OKA</arrAptCd>
            <depAptNm>羽田</depAptNm>
            <arrAptNm>那覇</arrAptNm>
            <depTm>2000</depTm>
            <arrTm>2235</arrTm>
            <lt2>NH</lt2>
            <lt3>ANA</lt3>
            <flt>479</flt>
            <dspFlt>479</dspFlt>
            <bkgCls>A</bkgCls>
            <mdlCd>772</mdlCd>
            <appPyfAmt>9610</appPyfAmt>
            <vccNum>353</vccNum>
            <cdSrCf>0</cdSrCf>
          </airSchRstFltInf>
        </airSchRstInf>
      </IFASW007IRes>
    </api:sb0030aResponse>
  </env:Body>
</env:Envelope>