{
  "db_version_time": "20160401100000",
  "response": {
    "count": 11,
    "total_pages": 2,
    "display_range_from": 1,
    "display_range_to": 10,
    "hotel_list": [
      {
        "copt_cd": "00001",
        "facl_cd": "00",
        "facl_nam": "札幌全日空ホテル",
        "zip_cd": "060-0003",
        "adrs": "北海道札幌市中央区北3 条西1 丁目2 番地9-1",
        "latitude": "43.065729",
        "longitude": "141.355257",
        "facl_images": [
          {
            "pic_url_s": "http://localhost:8080/csm/resources/image/yufu_yamamomiji.jpg",
            "pic_url_m": "http://localhost:8080/csm/resources/image/yufu_yamamomiji.jpg",
            "pic_url_l": "http://localhost:8080/csm/resources/image/yufu_yamamomiji.jpg",
            "pic_url_o": "http://localhost:8080/csm/resources/image/yufu_yamamomiji.jpg",
            "pic_nam": "◯◯の間 ダイニングスペース1",
            "pic_comment": "画像のコメントです1"
          },
          {
            "pic_url_s": "http://localhost:8080/csm/resources/image/yufu_yamamomiji.jpg",
            "pic_url_m": "http://localhost:8080/csm/resources/image/yufu_yamamomiji.jpg",
            "pic_url_l": "http://localhost:8080/csm/resources/image/yufu_yamamomiji.jpg",
            "pic_url_o": "http://localhost:8080/csm/resources/image/yufu_yamamomiji.jpg",
            "pic_nam": "◯◯の間 ダイニングスペース2",
            "pic_comment": "画像のコメントです2"
          },
          {
            "pic_url_s": "http://localhost:8080/csm/resources/image/yufu_yamamomiji.jpg",
            "pic_url_m": "http://localhost:8080/csm/resources/image/yufu_yamamomiji.jpg",
            "pic_url_l": "http://localhost:8080/csm/resources/image/yufu_yamamomiji.jpg",
            "pic_url_o": "http://localhost:8080/csm/resources/image/yufu_yamamomiji.jpg",
            "pic_nam": "◯◯の間 ダイニングスペース3",
            "pic_comment": "画像のコメントです3"
          }
        ],
        "access": {
          "nearest_airp": [
            {
              "airp_cd": "HND",
              "arr_point": "ZZZZ駅",
              "car_tra_bus_shp_cf": "5",
              "ctbs_min_tm_required": 10,
              "ctbs_max_tm_required": 20,
              "other_nam": "ICから車",
              "ctbs_special_mention": "徒歩",
              "ctbs_sm_min_tm_required": 30,
              "ctbs_sm_max_tm_required": 40,
              "nearest_airp_note": "最寄空港から徒歩３０分"
            }
          ],
          "nearest_sta": [
            {
              "nearest_sta_trans": "AAAバス",
              "nearest_route_nam": "BBB線",
              "nearest_sta_nam": "CCC駅",
              "walk_car_shp_cf": "5",
              "tm_required": 50
            }
          ]
        },
        "tripadvisor": {
          "rate": 3.5,
          "image_url": "http://localhost:8080/csm/resources/image/tripadvisor-logo.png",
          "count": 5,
          "url": "https://www.google.co.jp/"
        },
        "dp_supplier_flg": "1",
        "plan_cont": 5,
        "plan_list": {
          "dp_plan_list": [
            {
              "air_route_list": {
                "go_dep_airp_cd": "HND",
                "go_arr_airp_cd": "HND",
                "back_dep_airp_cd": "HND",
                "back_arr_airp_cd": "HND"
              },
              "cart_key_dp_hotel": "HHHHHHHHHHHHHHHHHHHH",
              "plan_cd": "000000",
              "product_cd": "00",
              "plan_nam": "専用枠パッケージオプションプラン",
              "stock_limits_no": "#001",
              "for_rsv_nam": "禁煙　洋室（1名）　シングル",
              "roomtype_cd": "03",
              "roomtype_nam": "洋室(ツイン)",
              "meal_conditions": [
                {
                  "meal_pre_req_no": "0",
                  "meal_pre_requis_nam": "朝食"
                },
                {
                  "meal_pre_req_no": "1",
                  "meal_pre_requis_nam": "夕食"
                }
              ],
              "use_pre_req_no": "001",
              "use_pre_req_nam": "１名１室",
              "use_pre_req_dtl": "利用条件詳細１",
              "use_pre_req_unit": "1",
              "disp_use_req_unit_nam": "室",
              "min_room_area": "20",
              "max_room_area": "40",
              "room_unit_flg": "0",
              "price": 5000000,
              "stock": 5
            }
          ],
          "tour_plan_list": [
            {
              "air_route_list": {
                "go_dep_airp_cd": "HND",
                "go_arr_airp_cd": "HND",
                "back_dep_airp_cd": "HND",
                "back_arr_airp_cd": "HND"
              },
              "cart_key_tour_hotel": "HHHHHHHHHHHHHHHHHHHH",
              "web_goods_nam": "嚶鳴フォーラムＩＮ田原＆伊勢神宮めぐり３日間（現地発着プラン）",
              "sub_title": "ANAスカイホリデーフリープラン",
              "goods_cd": "A001A11A21",
              "plan_cd": "000000",
              "product_cd": "00",
              "itin_hndl_no": "00000009",
              "stock_limits_no": "#001",
              "for_rsv_nam": "禁煙　洋室（1名）　シングル",
              "roomtype_cd": "03",
              "roomtype_nam": "洋室(ツイン)",
              "meal_conditions": [
                {
                  "meal_pre_req_no": "1",
                  "meal_pre_requis_nam": "夕食"
                }
              ],
              "use_pre_req_no": "001",
              "use_pre_req_nam": "１名１室",
              "use_pre_req_dtl": "利用条件詳細１",
              "use_pre_req_unit": "1",
              "disp_use_req_unit_nam": "室",
              "min_room_area": "20",
              "max_room_area": "40",
              "room_unit_flg": "0",
              "price": 5000000,
              "stock": 5
            }
          ]
        }
      },
      {
        "copt_cd": "00001",
        "facl_cd": "00",
        "facl_nam": "コテージ　となりのフォーシーズン",
        "zip_cd": "076-0034",
        "adrs": "北海道富良野市北の峰町22-29",
        "latitude": "43.344886",
        "longitude": "142.363099",
        "facl_images": [
          {
            "pic_url_s": "http://localhost:8080/csm/resources/image/yufu_yamamomiji.jpg",
            "pic_url_m": "http://localhost:8080/csm/resources/image/yufu_yamamomiji.jpg",
            "pic_url_l": "http://localhost:8080/csm/resources/image/yufu_yamamomiji.jpg",
            "pic_url_o": "http://localhost:8080/csm/resources/image/yufu_yamamomiji.jpg",
            "pic_nam": "◯◯の間 ダイニングスペース1",
            "pic_comment": "画像のコメントです1"
          },
          {
            "pic_url_s": "http://localhost:8080/csm/resources/image/yufu_yamamomiji.jpg",
            "pic_url_m": "http://localhost:8080/csm/resources/image/yufu_yamamomiji.jpg",
            "pic_url_l": "http://localhost:8080/csm/resources/image/yufu_yamamomiji.jpg",
            "pic_url_o": "http://localhost:8080/csm/resources/image/yufu_yamamomiji.jpg",
            "pic_nam": "◯◯の間 ダイニングスペース2",
            "pic_comment": "画像のコメントです2"
          },
          {
            "pic_url_s": "http://localhost:8080/csm/resources/image/yufu_yamamomiji.jpg",
            "pic_url_m": "http://localhost:8080/csm/resources/image/yufu_yamamomiji.jpg",
            "pic_url_l": "http://localhost:8080/csm/resources/image/yufu_yamamomiji.jpg",
            "pic_url_o": "http://localhost:8080/csm/resources/image/yufu_yamamomiji.jpg",
            "pic_nam": "◯◯の間 ダイニングスペース3",
            "pic_comment": "画像のコメントです3"
          }
        ],
        "access": {
          "nearest_airp": [
            {
              "airp_cd": "HND",
              "arr_point": "ZZZZ駅",
              "car_tra_bus_shp_cf": "0",
              "ctbs_min_tm_required": 10,
              "ctbs_max_tm_required": 10,
              "other_nam": "ICから車",
              "ctbs_special_mention": "徒歩",
              "ctbs_sm_min_tm_required": 10,
              "ctbs_sm_max_tm_required": 10,
              "nearest_airp_note": "最寄空港から徒歩３０分"
            }
          ],
          "nearest_sta": [
            {
              "nearest_sta_trans": "AAAバス",
              "nearest_route_nam": "BBB線",
              "nearest_sta_nam": "CCC駅",
              "walk_car_shp_cf": "0",
              "tm_required": 10
            }
          ]
        },
        "tripadvisor": {
          "rate": 3.5,
          "image_url": "http://localhost:8080/csm/resources/image/tripadvisor-logo.png",
          "count": 5,
          "url": "https://www.google.co.jp/"
        },
        "dp_supplier_flg": "1",
        "plan_cont": 5,
        "plan_list": {
          "dp_plan_list": [
            {
              "air_route_list": {
                "go_dep_airp_cd": "HND",
                "go_arr_airp_cd": "HND",
                "back_dep_airp_cd": "HND",
                "back_arr_airp_cd": "HND"
              },
              "cart_key_dp_hotel": "HHHHHHHHHHHHHHHHHHHH",
              "plan_cd": "000000",
              "product_cd": "00",
              "plan_nam": "専用枠パッケージオプションプラン",
              "stock_limits_no": "#001",
              "for_rsv_nam": "禁煙　洋室（1名）　シングル",
              "roomtype_cd": "03",
              "roomtype_nam": "洋室(ツイン)",
              "meal_conditions": [
                {
                  "meal_pre_req_no": "1",
                  "meal_pre_requis_nam": "夕食"
                }
              ],
              "use_pre_req_no": "001",
              "use_pre_req_nam": "１名１室",
              "use_pre_req_dtl": "利用条件詳細１",
              "use_pre_req_unit": "1",
              "disp_use_req_unit_nam": "室",
              "min_room_area": "20",
              "max_room_area": "40",
              "room_unit_flg": "0",
              "price": 5000000,
              "stock": 5
            }
          ],
          "tour_plan_list": [
            {
              "air_route_list": {
                "go_dep_airp_cd": "HND",
                "go_arr_airp_cd": "HND",
                "back_dep_airp_cd": "HND",
                "back_arr_airp_cd": "HND"
              },
              "cart_key_tour_hotel": "HHHHHHHHHHHHHHHHHHHH",
              "web_goods_nam": "嚶鳴フォーラムＩＮ田原＆伊勢神宮めぐり３日間（現地発着プラン）",
              "sub_title": "ANAスカイホリデーフリープラン",
              "goods_cd": "A001A11A21",
              "plan_cd": "000000",
              "product_cd": "00",
              "itin_hndl_no": "00000009",
              "stock_limits_no": "#001",
              "for_rsv_nam": "禁煙　洋室（1名）　シングル",
              "roomtype_cd": "03",
              "roomtype_nam": "洋室(ツイン)",
              "meal_conditions": [
                {
                  "meal_pre_req_no": "1",
                  "meal_pre_requis_nam": "夕食"
                }
              ],
              "use_pre_req_no": "001",
              "use_pre_req_nam": "１名１室",
              "use_pre_req_dtl": "利用条件詳細１",
              "use_pre_req_unit": "1",
              "disp_use_req_unit_nam": "室",
              "min_room_area": "20",
              "max_room_area": "40",
              "room_unit_flg": "0",
              "price": 5000000,
              "stock": 5
            }
          ]
        }
      },
      {
        "copt_cd": "00001",
        "facl_cd": "00",
        "facl_nam": "コテージ　となりのフォーシーズン",
        "zip_cd": "076-0034",
        "adrs": "北海道富良野市北の峰町22-29",
        "latitude": "43.344886",
        "longitude": "142.363099",
        "facl_images": [
          {
            "pic_url_s": "http://localhost:8080/csm/resources/image/yufu_yamamomiji.jpg",
            "pic_url_m": "http://localhost:8080/csm/resources/image/yufu_yamamomiji.jpg",
            "pic_url_l": "http://localhost:8080/csm/resources/image/yufu_yamamomiji.jpg",
            "pic_url_o": "http://localhost:8080/csm/resources/image/yufu_yamamomiji.jpg",
            "pic_nam": "◯◯の間 ダイニングスペース1",
            "pic_comment": "画像のコメントです1"
          },
          {
            "pic_url_s": "http://localhost:8080/csm/resources/image/yufu_yamamomiji.jpg",
            "pic_url_m": "http://localhost:8080/csm/resources/image/yufu_yamamomiji.jpg",
            "pic_url_l": "http://localhost:8080/csm/resources/image/yufu_yamamomiji.jpg",
            "pic_url_o": "http://localhost:8080/csm/resources/image/yufu_yamamomiji.jpg",
            "pic_nam": "◯◯の間 ダイニングスペース2",
            "pic_comment": "画像のコメントです2"
          },
          {
            "pic_url_s": "http://localhost:8080/csm/resources/image/yufu_yamamomiji.jpg",
            "pic_url_m": "http://localhost:8080/csm/resources/image/yufu_yamamomiji.jpg",
            "pic_url_l": "http://localhost:8080/csm/resources/image/yufu_yamamomiji.jpg",
            "pic_url_o": "http://localhost:8080/csm/resources/image/yufu_yamamomiji.jpg",
            "pic_nam": "◯◯の間 ダイニングスペース3",
            "pic_comment": "画像のコメントです3"
          }
        ],
        "access": {
          "nearest_airp": [
            {
              "airp_cd": "HND",
              "arr_point": "ZZZZ駅",
              "car_tra_bus_shp_cf": "0",
              "ctbs_min_tm_required": 10,
              "ctbs_max_tm_required": 10,
              "other_nam": "ICから車",
              "ctbs_special_mention": "徒歩",
              "ctbs_sm_min_tm_required": 10,
              "ctbs_sm_max_tm_required": 10,
              "nearest_airp_note": "最寄空港から徒歩３０分"
            }
          ],
          "nearest_sta": [
            {
              "nearest_sta_trans": "AAAバス",
              "nearest_route_nam": "BBB線",
              "nearest_sta_nam": "CCC駅",
              "walk_car_shp_cf": "0",
              "tm_required": 10
            }
          ]
        },
        "tripadvisor": {
          "rate": 3.5,
          "image_url": "http://localhost:8080/csm/resources/image/tripadvisor-logo.png",
          "count": 5,
          "url": "https://www.google.co.jp/"
        },
        "dp_supplier_flg": "1",
        "plan_cont": 5,
        "plan_list": {
          "dp_plan_list": [
            {
              "air_route_list": {
                "go_dep_airp_cd": "HND",
                "go_arr_airp_cd": "HND",
                "back_dep_airp_cd": "HND",
                "back_arr_airp_cd": "HND"
              },
              "cart_key_dp_hotel": "HHHHHHHHHHHHHHHHHHHH",
              "plan_cd": "000000",
              "product_cd": "00",
              "plan_nam": "専用枠パッケージオプションプラン",
              "stock_limits_no": "#001",
              "for_rsv_nam": "禁煙　洋室（1名）　シングル",
              "roomtype_cd": "03",
              "roomtype_nam": "洋室(ツイン)",
              "meal_conditions": [
                {
                  "meal_pre_req_no": "1",
                  "meal_pre_requis_nam": "夕食"
                }
              ],
              "use_pre_req_no": "001",
              "use_pre_req_nam": "１名１室",
              "use_pre_req_dtl": "利用条件詳細１",
              "use_pre_req_unit": "1",
              "disp_use_req_unit_nam": "室",
              "min_room_area": "20",
              "max_room_area": "40",
              "room_unit_flg": "0",
              "price": 5000000,
              "stock": 5
            }
          ],
          "tour_plan_list": [
            {
              "air_route_list": {
                "go_dep_airp_cd": "HND",
                "go_arr_airp_cd": "HND",
                "back_dep_airp_cd": "HND",
                "back_arr_airp_cd": "HND"
              },
              "cart_key_tour_hotel": "HHHHHHHHHHHHHHHHHHHH",
              "web_goods_nam": "嚶鳴フォーラムＩＮ田原＆伊勢神宮めぐり３日間（現地発着プラン）",
              "sub_title": "ANAスカイホリデーフリープラン",
              "goods_cd": "A001A11A21",
              "plan_cd": "000000",
              "product_cd": "00",
              "itin_hndl_no": "00000009",
              "stock_limits_no": "#001",
              "for_rsv_nam": "禁煙　洋室（1名）　シングル",
              "roomtype_cd": "03",
              "roomtype_nam": "洋室(ツイン)",
              "meal_conditions": [
                {
                  "meal_pre_req_no": "1",
                  "meal_pre_requis_nam": "夕食"
                }
              ],
              "use_pre_req_no": "001",
              "use_pre_req_nam": "１名１室",
              "use_pre_req_dtl": "利用条件詳細１",
              "use_pre_req_unit": "1",
              "disp_use_req_unit_nam": "室",
              "min_room_area": "20",
              "max_room_area": "40",
              "room_unit_flg": "0",
              "price": 5000000,
              "stock": 5
            }
          ]
        }
      },
      {
        "copt_cd": "00001",
        "facl_cd": "00",
        "facl_nam": "コテージ　となりのフォーシーズン",
        "zip_cd": "076-0034",
        "adrs": "北海道富良野市北の峰町22-29",
        "latitude": "43.344886",
        "longitude": "142.363099",
        "facl_images": [
          {
            "pic_url_s": "http://localhost:8080/csm/resources/image/yufu_yamamomiji.jpg",
            "pic_url_m": "http://localhost:8080/csm/resources/image/yufu_yamamomiji.jpg",
            "pic_url_l": "http://localhost:8080/csm/resources/image/yufu_yamamomiji.jpg",
            "pic_url_o": "http://localhost:8080/csm/resources/image/yufu_yamamomiji.jpg",
            "pic_nam": "◯◯の間 ダイニングスペース1",
            "pic_comment": "画像のコメントです1"
          },
          {
            "pic_url_s": "http://localhost:8080/csm/resources/image/yufu_yamamomiji.jpg",
            "pic_url_m": "http://localhost:8080/csm/resources/image/yufu_yamamomiji.jpg",
            "pic_url_l": "http://localhost:8080/csm/resources/image/yufu_yamamomiji.jpg",
            "pic_url_o": "http://localhost:8080/csm/resources/image/yufu_yamamomiji.jpg",
            "pic_nam": "◯◯の間 ダイニングスペース2",
            "pic_comment": "画像のコメントです2"
          },
          {
            "pic_url_s": "http://localhost:8080/csm/resources/image/yufu_yamamomiji.jpg",
            "pic_url_m": "http://localhost:8080/csm/resources/image/yufu_yamamomiji.jpg",
            "pic_url_l": "http://localhost:8080/csm/resources/image/yufu_yamamomiji.jpg",
            "pic_url_o": "http://localhost:8080/csm/resources/image/yufu_yamamomiji.jpg",
            "pic_nam": "◯◯の間 ダイニングスペース3",
            "pic_comment": "画像のコメントです3"
          }
        ],
        "access": {
          "nearest_airp": [
            {
              "airp_cd": "HND",
              "arr_point": "ZZZZ駅",
              "car_tra_bus_shp_cf": "0",
              "ctbs_min_tm_required": 10,
              "ctbs_max_tm_required": 10,
              "other_nam": "ICから車",
              "ctbs_special_mention": "徒歩",
              "ctbs_sm_min_tm_required": 10,
              "ctbs_sm_max_tm_required": 10,
              "nearest_airp_note": "最寄空港から徒歩３０分"
            }
          ],
          "nearest_sta": [
            {
              "nearest_sta_trans": "AAAバス",
              "nearest_route_nam": "BBB線",
              "nearest_sta_nam": "CCC駅",
              "walk_car_shp_cf": "0",
              "tm_required": 10
            }
          ]
        },
        "tripadvisor": {
          "rate": 3.5,
          "image_url": "http://localhost:8080/csm/resources/image/tripadvisor-logo.png",
          "count": 5,
          "url": "https://www.google.co.jp/"
        },
        "dp_supplier_flg": "1",
        "plan_cont": 5,
        "plan_list": {
          "dp_plan_list": [
            {
              "air_route_list": {
                "go_dep_airp_cd": "HND",
                "go_arr_airp_cd": "HND",
                "back_dep_airp_cd": "HND",
                "back_arr_airp_cd": "HND"
              },
              "cart_key_dp_hotel": "HHHHHHHHHHHHHHHHHHHH",
              "plan_cd": "000000",
              "product_cd": "00",
              "plan_nam": "専用枠パッケージオプションプラン",
              "stock_limits_no": "#001",
              "for_rsv_nam": "禁煙　洋室（1名）　シングル",
              "roomtype_cd": "03",
              "roomtype_nam": "洋室(ツイン)",
              "meal_conditions": [
                {
                  "meal_pre_req_no": "1",
                  "meal_pre_requis_nam": "夕食"
                }
              ],
              "use_pre_req_no": "001",
              "use_pre_req_nam": "１名１室",
              "use_pre_req_dtl": "利用条件詳細１",
              "use_pre_req_unit": "1",
              "disp_use_req_unit_nam": "室",
              "min_room_area": "20",
              "max_room_area": "40",
              "room_unit_flg": "0",
              "price": 5000000,
              "stock": 5
            }
          ],
          "tour_plan_list": [
            {
              "air_route_list": {
                "go_dep_airp_cd": "HND",
                "go_arr_airp_cd": "HND",
                "back_dep_airp_cd": "HND",
                "back_arr_airp_cd": "HND"
              },
              "cart_key_tour_hotel": "HHHHHHHHHHHHHHHHHHHH",
              "web_goods_nam": "嚶鳴フォーラムＩＮ田原＆伊勢神宮めぐり３日間（現地発着プラン）",
              "sub_title": "ANAスカイホリデーフリープラン",
              "goods_cd": "A001A11A21",
              "plan_cd": "000000",
              "product_cd": "00",
              "itin_hndl_no": "00000009",
              "stock_limits_no": "#001",
              "for_rsv_nam": "禁煙　洋室（1名）　シングル",
              "roomtype_cd": "03",
              "roomtype_nam": "洋室(ツイン)",
              "meal_conditions": [
                {
                  "meal_pre_req_no": "1",
                  "meal_pre_requis_nam": "夕食"
                }
              ],
              "use_pre_req_no": "001",
              "use_pre_req_nam": "１名１室",
              "use_pre_req_dtl": "利用条件詳細１",
              "use_pre_req_unit": "1",
              "disp_use_req_unit_nam": "室",
              "min_room_area": "20",
              "max_room_area": "40",
              "room_unit_flg": "0",
              "price": 5000000,
              "stock": 5
            }
          ]
        }
      },
      {
        "copt_cd": "00001",
        "facl_cd": "00",
        "facl_nam": "コテージ　となりのフォーシーズン",
        "zip_cd": "076-0034",
        "adrs": "北海道富良野市北の峰町22-29",
        "latitude": "43.344886",
        "longitude": "142.363099",
        "facl_images": [
          {
            "pic_url_s": "http://localhost:8080/csm/resources/image/yufu_yamamomiji.jpg",
            "pic_url_m": "http://localhost:8080/csm/resources/image/yufu_yamamomiji.jpg",
            "pic_url_l": "http://localhost:8080/csm/resources/image/yufu_yamamomiji.jpg",
            "pic_url_o": "http://localhost:8080/csm/resources/image/yufu_yamamomiji.jpg",
            "pic_nam": "◯◯の間 ダイニングスペース1",
            "pic_comment": "画像のコメントです1"
          },
          {
            "pic_url_s": "http://localhost:8080/csm/resources/image/yufu_yamamomiji.jpg",
            "pic_url_m": "http://localhost:8080/csm/resources/image/yufu_yamamomiji.jpg",
            "pic_url_l": "http://localhost:8080/csm/resources/image/yufu_yamamomiji.jpg",
            "pic_url_o": "http://localhost:8080/csm/resources/image/yufu_yamamomiji.jpg",
            "pic_nam": "◯◯の間 ダイニングスペース2",
            "pic_comment": "画像のコメントです2"
          },
          {
            "pic_url_s": "http://localhost:8080/csm/resources/image/yufu_yamamomiji.jpg",
            "pic_url_m": "http://localhost:8080/csm/resources/image/yufu_yamamomiji.jpg",
            "pic_url_l": "http://localhost:8080/csm/resources/image/yufu_yamamomiji.jpg",
            "pic_url_o": "http://localhost:8080/csm/resources/image/yufu_yamamomiji.jpg",
            "pic_nam": "◯◯の間 ダイニングスペース3",
            "pic_comment": "画像のコメントです3"
          }
        ],
        "access": {
          "nearest_airp": [
            {
              "airp_cd": "HND",
              "arr_point": "ZZZZ駅",
              "car_tra_bus_shp_cf": "0",
              "ctbs_min_tm_required": 10,
              "ctbs_max_tm_required": 10,
              "other_nam": "ICから車",
              "ctbs_special_mention": "徒歩",
              "ctbs_sm_min_tm_required": 10,
              "ctbs_sm_max_tm_required": 10,
              "nearest_airp_note": "最寄空港から徒歩３０分"
            }
          ],
          "nearest_sta": [
            {
              "nearest_sta_trans": "AAAバス",
              "nearest_route_nam": "BBB線",
              "nearest_sta_nam": "CCC駅",
              "walk_car_shp_cf": "0",
              "tm_required": 10
            }
          ]
        },
        "tripadvisor": {
          "rate": 3.5,
          "image_url": "http://localhost:8080/csm/resources/image/tripadvisor-logo.png",
          "count": 5,
          "url": "https://www.google.co.jp/"
        },
        "dp_supplier_flg": "1",
        "plan_cont": 5,
        "plan_list": {
          "dp_plan_list": [
            {
              "air_route_list": {
                "go_dep_airp_cd": "HND",
                "go_arr_airp_cd": "HND",
                "back_dep_airp_cd": "HND",
                "back_arr_airp_cd": "HND"
              },
              "cart_key_dp_hotel": "HHHHHHHHHHHHHHHHHHHH",
              "plan_cd": "000000",
              "product_cd": "00",
              "plan_nam": "専用枠パッケージオプションプラン",
              "stock_limits_no": "#001",
              "for_rsv_nam": "禁煙　洋室（1名）　シングル",
              "roomtype_cd": "03",
              "roomtype_nam": "洋室(ツイン)",
              "meal_conditions": [
                {
                  "meal_pre_req_no": "1",
                  "meal_pre_requis_nam": "夕食"
                }
              ],
              "use_pre_req_no": "001",
              "use_pre_req_nam": "１名１室",
              "use_pre_req_dtl": "利用条件詳細１",
              "use_pre_req_unit": "1",
              "disp_use_req_unit_nam": "室",
              "min_room_area": "20",
              "max_room_area": "40",
              "room_unit_flg": "0",
              "price": 5000000,
              "stock": 5
            }
          ],
          "tour_plan_list": [
            {
              "air_route_list": {
                "go_dep_airp_cd": "HND",
                "go_arr_airp_cd": "HND",
                "back_dep_airp_cd": "HND",
                "back_arr_airp_cd": "HND"
              },
              "cart_key_tour_hotel": "HHHHHHHHHHHHHHHHHHHH",
              "web_goods_nam": "嚶鳴フォーラムＩＮ田原＆伊勢神宮めぐり３日間（現地発着プラン）",
              "sub_title": "ANAスカイホリデーフリープラン",
              "goods_cd": "A001A11A21",
              "plan_cd": "000000",
              "product_cd": "00",
              "itin_hndl_no": "00000009",
              "stock_limits_no": "#001",
              "for_rsv_nam": "禁煙　洋室（1名）　シングル",
              "roomtype_cd": "03",
              "roomtype_nam": "洋室(ツイン)",
              "meal_conditions": [
                {
                  "meal_pre_req_no": "1",
                  "meal_pre_requis_nam": "夕食"
                }
              ],
              "use_pre_req_no": "001",
              "use_pre_req_nam": "１名１室",
              "use_pre_req_dtl": "利用条件詳細１",
              "use_pre_req_unit": "1",
              "disp_use_req_unit_nam": "室",
              "min_room_area": "20",
              "max_room_area": "40",
              "room_unit_flg": "0",
              "price": 5000000,
              "stock": 5
            }
          ]
        }
      },
      {
        "copt_cd": "00001",
        "facl_cd": "00",
        "facl_nam": "コテージ　となりのフォーシーズン",
        "zip_cd": "076-0034",
        "adrs": "北海道富良野市北の峰町22-29",
        "latitude": "43.344886",
        "longitude": "142.363099",
        "facl_images": [
          {
            "pic_url_s": "http://localhost:8080/csm/resources/image/yufu_yamamomiji.jpg",
            "pic_url_m": "http://localhost:8080/csm/resources/image/yufu_yamamomiji.jpg",
            "pic_url_l": "http://localhost:8080/csm/resources/image/yufu_yamamomiji.jpg",
            "pic_url_o": "http://localhost:8080/csm/resources/image/yufu_yamamomiji.jpg",
            "pic_nam": "◯◯の間 ダイニングスペース1",
            "pic_comment": "画像のコメントです1"
          },
          {
            "pic_url_s": "http://localhost:8080/csm/resources/image/yufu_yamamomiji.jpg",
            "pic_url_m": "http://localhost:8080/csm/resources/image/yufu_yamamomiji.jpg",
            "pic_url_l": "http://localhost:8080/csm/resources/image/yufu_yamamomiji.jpg",
            "pic_url_o": "http://localhost:8080/csm/resources/image/yufu_yamamomiji.jpg",
            "pic_nam": "◯◯の間 ダイニングスペース2",
            "pic_comment": "画像のコメントです2"
          },
          {
            "pic_url_s": "http://localhost:8080/csm/resources/image/yufu_yamamomiji.jpg",
            "pic_url_m": "http://localhost:8080/csm/resources/image/yufu_yamamomiji.jpg",
            "pic_url_l": "http://localhost:8080/csm/resources/image/yufu_yamamomiji.jpg",
            "pic_url_o": "http://localhost:8080/csm/resources/image/yufu_yamamomiji.jpg",
            "pic_nam": "◯◯の間 ダイニングスペース3",
            "pic_comment": "画像のコメントです3"
          }
        ],
        "access": {
          "nearest_airp": [
            {
              "airp_cd": "HND",
              "arr_point": "ZZZZ駅",
              "car_tra_bus_shp_cf": "0",
              "ctbs_min_tm_required": 10,
              "ctbs_max_tm_required": 10,
              "other_nam": "ICから車",
              "ctbs_special_mention": "徒歩",
              "ctbs_sm_min_tm_required": 10,
              "ctbs_sm_max_tm_required": 10,
              "nearest_airp_note": "最寄空港から徒歩３０分"
            }
          ],
          "nearest_sta": [
            {
              "nearest_sta_trans": "AAAバス",
              "nearest_route_nam": "BBB線",
              "nearest_sta_nam": "CCC駅",
              "walk_car_shp_cf": "0",
              "tm_required": 10
            }
          ]
        },
        "tripadvisor": {
          "rate": 3.5,
          "image_url": "http://localhost:8080/csm/resources/image/tripadvisor-logo.png",
          "count": 5,
          "url": "https://www.google.co.jp/"
        },
        "dp_supplier_flg": "1",
        "plan_cont": 5,
        "plan_list": {
          "dp_plan_list": [
            {
              "air_route_list": {
                "go_dep_airp_cd": "HND",
                "go_arr_airp_cd": "HND",
                "back_dep_airp_cd": "HND",
                "back_arr_airp_cd": "HND"
              },
              "cart_key_dp_hotel": "HHHHHHHHHHHHHHHHHHHH",
              "plan_cd": "000000",
              "product_cd": "00",
              "plan_nam": "専用枠パッケージオプションプラン",
              "stock_limits_no": "#001",
              "for_rsv_nam": "禁煙　洋室（1名）　シングル",
              "roomtype_cd": "03",
              "roomtype_nam": "洋室(ツイン)",
              "meal_conditions": [
                {
                  "meal_pre_req_no": "1",
                  "meal_pre_requis_nam": "夕食"
                }
              ],
              "use_pre_req_no": "001",
              "use_pre_req_nam": "１名１室",
              "use_pre_req_dtl": "利用条件詳細１",
              "use_pre_req_unit": "1",
              "disp_use_req_unit_nam": "室",
              "min_room_area": "20",
              "max_room_area": "40",
              "room_unit_flg": "0",
              "price": 5000000,
              "stock": 5
            }
          ],
          "tour_plan_list": [
            {
              "air_route_list": {
                "go_dep_airp_cd": "HND",
                "go_arr_airp_cd": "HND",
                "back_dep_airp_cd": "HND",
                "back_arr_airp_cd": "HND"
              },
              "cart_key_tour_hotel": "HHHHHHHHHHHHHHHHHHHH",
              "web_goods_nam": "嚶鳴フォーラムＩＮ田原＆伊勢神宮めぐり３日間（現地発着プラン）",
              "sub_title": "ANAスカイホリデーフリープラン",
              "goods_cd": "A001A11A21",
              "plan_cd": "000000",
              "product_cd": "00",
              "itin_hndl_no": "00000009",
              "stock_limits_no": "#001",
              "for_rsv_nam": "禁煙　洋室（1名）　シングル",
              "roomtype_cd": "03",
              "roomtype_nam": "洋室(ツイン)",
              "meal_conditions": [
                {
                  "meal_pre_req_no": "1",
                  "meal_pre_requis_nam": "夕食"
                }
              ],
              "use_pre_req_no": "001",
              "use_pre_req_nam": "１名１室",
              "use_pre_req_dtl": "利用条件詳細１",
              "use_pre_req_unit": "1",
              "disp_use_req_unit_nam": "室",
              "min_room_area": "20",
              "max_room_area": "40",
              "room_unit_flg": "0",
              "price": 5000000,
              "stock": 5
            }
          ]
        }
      },
      {
        "copt_cd": "00001",
        "facl_cd": "00",
        "facl_nam": "コテージ　となりのフォーシーズン",
        "zip_cd": "076-0034",
        "adrs": "北海道富良野市北の峰町22-29",
        "latitude": "43.344886",
        "longitude": "142.363099",
        "facl_images": [
          {
            "pic_url_s": "http://localhost:8080/csm/resources/image/yufu_yamamomiji.jpg",
            "pic_url_m": "http://localhost:8080/csm/resources/image/yufu_yamamomiji.jpg",
            "pic_url_l": "http://localhost:8080/csm/resources/image/yufu_yamamomiji.jpg",
            "pic_url_o": "http://localhost:8080/csm/resources/image/yufu_yamamomiji.jpg",
            "pic_nam": "◯◯の間 ダイニングスペース1",
            "pic_comment": "画像のコメントです1"
          },
          {
            "pic_url_s": "http://localhost:8080/csm/resources/image/yufu_yamamomiji.jpg",
            "pic_url_m": "http://localhost:8080/csm/resources/image/yufu_yamamomiji.jpg",
            "pic_url_l": "http://localhost:8080/csm/resources/image/yufu_yamamomiji.jpg",
            "pic_url_o": "http://localhost:8080/csm/resources/image/yufu_yamamomiji.jpg",
            "pic_nam": "◯◯の間 ダイニングスペース2",
            "pic_comment": "画像のコメントです2"
          },
          {
            "pic_url_s": "http://localhost:8080/csm/resources/image/yufu_yamamomiji.jpg",
            "pic_url_m": "http://localhost:8080/csm/resources/image/yufu_yamamomiji.jpg",
            "pic_url_l": "http://localhost:8080/csm/resources/image/yufu_yamamomiji.jpg",
            "pic_url_o": "http://localhost:8080/csm/resources/image/yufu_yamamomiji.jpg",
            "pic_nam": "◯◯の間 ダイニングスペース3",
            "pic_comment": "画像のコメントです3"
          }
        ],
        "access": {
          "nearest_airp": [
            {
              "airp_cd": "HND",
              "arr_point": "ZZZZ駅",
              "car_tra_bus_shp_cf": "0",
              "ctbs_min_tm_required": 10,
              "ctbs_max_tm_required": 10,
              "other_nam": "ICから車",
              "ctbs_special_mention": "徒歩",
              "ctbs_sm_min_tm_required": 10,
              "ctbs_sm_max_tm_required": 10,
              "nearest_airp_note": "最寄空港から徒歩３０分"
            }
          ],
          "nearest_sta": [
            {
              "nearest_sta_trans": "AAAバス",
              "nearest_route_nam": "BBB線",
              "nearest_sta_nam": "CCC駅",
              "walk_car_shp_cf": "0",
              "tm_required": 10
            }
          ]
        },
        "tripadvisor": {
          "rate": 3.5,
          "image_url": "http://localhost:8080/csm/resources/image/tripadvisor-logo.png",
          "count": 5,
          "url": "https://www.google.co.jp/"
        },
        "dp_supplier_flg": "1",
        "plan_cont": 5,
        "plan_list": {
          "dp_plan_list": [
            {
              "air_route_list": {
                "go_dep_airp_cd": "HND",
                "go_arr_airp_cd": "HND",
                "back_dep_airp_cd": "HND",
                "back_arr_airp_cd": "HND"
              },
              "cart_key_dp_hotel": "HHHHHHHHHHHHHHHHHHHH",
              "plan_cd": "000000",
              "product_cd": "00",
              "plan_nam": "専用枠パッケージオプションプラン",
              "stock_limits_no": "#001",
              "for_rsv_nam": "禁煙　洋室（1名）　シングル",
              "roomtype_cd": "03",
              "roomtype_nam": "洋室(ツイン)",
              "meal_conditions": [
                {
                  "meal_pre_req_no": "1",
                  "meal_pre_requis_nam": "夕食"
                }
              ],
              "use_pre_req_no": "001",
              "use_pre_req_nam": "１名１室",
              "use_pre_req_dtl": "利用条件詳細１",
              "use_pre_req_unit": "1",
              "disp_use_req_unit_nam": "室",
              "min_room_area": "20",
              "max_room_area": "40",
              "room_unit_flg": "0",
              "price": 5000000,
              "stock": 5
            }
          ],
          "tour_plan_list": [
            {
              "air_route_list": {
                "go_dep_airp_cd": "HND",
                "go_arr_airp_cd": "HND",
                "back_dep_airp_cd": "HND",
                "back_arr_airp_cd": "HND"
              },
              "cart_key_tour_hotel": "HHHHHHHHHHHHHHHHHHHH",
              "web_goods_nam": "嚶鳴フォーラムＩＮ田原＆伊勢神宮めぐり３日間（現地発着プラン）",
              "sub_title": "ANAスカイホリデーフリープラン",
              "goods_cd": "A001A11A21",
              "plan_cd": "000000",
              "product_cd": "00",
              "itin_hndl_no": "00000009",
              "stock_limits_no": "#001",
              "for_rsv_nam": "禁煙　洋室（1名）　シングル",
              "roomtype_cd": "03",
              "roomtype_nam": "洋室(ツイン)",
              "meal_conditions": [
                {
                  "meal_pre_req_no": "1",
                  "meal_pre_requis_nam": "夕食"
                }
              ],
              "use_pre_req_no": "001",
              "use_pre_req_nam": "１名１室",
              "use_pre_req_dtl": "利用条件詳細１",
              "use_pre_req_unit": "1",
              "disp_use_req_unit_nam": "室",
              "min_room_area": "20",
              "max_room_area": "40",
              "room_unit_flg": "0",
              "price": 5000000,
              "stock": 5
            }
          ]
        }
      },
      {
        "copt_cd": "00001",
        "facl_cd": "00",
        "facl_nam": "コテージ　となりのフォーシーズン",
        "zip_cd": "076-0034",
        "adrs": "北海道富良野市北の峰町22-29",
        "latitude": "43.344886",
        "longitude": "142.363099",
        "facl_images": [
          {
            "pic_url_s": "http://localhost:8080/csm/resources/image/yufu_yamamomiji.jpg",
            "pic_url_m": "http://localhost:8080/csm/resources/image/yufu_yamamomiji.jpg",
            "pic_url_l": "http://localhost:8080/csm/resources/image/yufu_yamamomiji.jpg",
            "pic_url_o": "http://localhost:8080/csm/resources/image/yufu_yamamomiji.jpg",
            "pic_nam": "◯◯の間 ダイニングスペース1",
            "pic_comment": "画像のコメントです1"
          },
          {
            "pic_url_s": "http://localhost:8080/csm/resources/image/yufu_yamamomiji.jpg",
            "pic_url_m": "http://localhost:8080/csm/resources/image/yufu_yamamomiji.jpg",
            "pic_url_l": "http://localhost:8080/csm/resources/image/yufu_yamamomiji.jpg",
            "pic_url_o": "http://localhost:8080/csm/resources/image/yufu_yamamomiji.jpg",
            "pic_nam": "◯◯の間 ダイニングスペース2",
            "pic_comment": "画像のコメントです2"
          },
          {
            "pic_url_s": "http://localhost:8080/csm/resources/image/yufu_yamamomiji.jpg",
            "pic_url_m": "http://localhost:8080/csm/resources/image/yufu_yamamomiji.jpg",
            "pic_url_l": "http://localhost:8080/csm/resources/image/yufu_yamamomiji.jpg",
            "pic_url_o": "http://localhost:8080/csm/resources/image/yufu_yamamomiji.jpg",
            "pic_nam": "◯◯の間 ダイニングスペース3",
            "pic_comment": "画像のコメントです3"
          }
        ],
        "access": {
          "nearest_airp": [
            {
              "airp_cd": "HND",
              "arr_point": "ZZZZ駅",
              "car_tra_bus_shp_cf": "0",
              "ctbs_min_tm_required": 10,
              "ctbs_max_tm_required": 10,
              "other_nam": "ICから車",
              "ctbs_special_mention": "徒歩",
              "ctbs_sm_min_tm_required": 10,
              "ctbs_sm_max_tm_required": 10,
              "nearest_airp_note": "最寄空港から徒歩３０分"
            }
          ],
          "nearest_sta": [
            {
              "nearest_sta_trans": "AAAバス",
              "nearest_route_nam": "BBB線",
              "nearest_sta_nam": "CCC駅",
              "walk_car_shp_cf": "0",
              "tm_required": 10
            }
          ]
        },
        "tripadvisor": {
          "rate": 3.5,
          "image_url": "http://localhost:8080/csm/resources/image/tripadvisor-logo.png",
          "count": 5,
          "url": "https://www.google.co.jp/"
        },
        "dp_supplier_flg": "1",
        "plan_cont": 5,
        "plan_list": {
          "dp_plan_list": [
            {
              "air_route_list": {
                "go_dep_airp_cd": "HND",
                "go_arr_airp_cd": "HND",
                "back_dep_airp_cd": "HND",
                "back_arr_airp_cd": "HND"
              },
              "cart_key_dp_hotel": "HHHHHHHHHHHHHHHHHHHH",
              "plan_cd": "000000",
              "product_cd": "00",
              "plan_nam": "専用枠パッケージオプションプラン",
              "stock_limits_no": "#001",
              "for_rsv_nam": "禁煙　洋室（1名）　シングル",
              "roomtype_cd": "03",
              "roomtype_nam": "洋室(ツイン)",
              "meal_conditions": [
                {
                  "meal_pre_req_no": "1",
                  "meal_pre_requis_nam": "夕食"
                }
              ],
              "use_pre_req_no": "001",
              "use_pre_req_nam": "１名１室",
              "use_pre_req_dtl": "利用条件詳細１",
              "use_pre_req_unit": "1",
              "disp_use_req_unit_nam": "室",
              "min_room_area": "20",
              "max_room_area": "40",
              "room_unit_flg": "0",
              "price": 5000000,
              "stock": 5
            }
          ],
          "tour_plan_list": [
            {
              "air_route_list": {
                "go_dep_airp_cd": "HND",
                "go_arr_airp_cd": "HND",
                "back_dep_airp_cd": "HND",
                "back_arr_airp_cd": "HND"
              },
              "cart_key_tour_hotel": "HHHHHHHHHHHHHHHHHHHH",
              "web_goods_nam": "嚶鳴フォーラムＩＮ田原＆伊勢神宮めぐり３日間（現地発着プラン）",
              "sub_title": "ANAスカイホリデーフリープラン",
              "goods_cd": "A001A11A21",
              "plan_cd": "000000",
              "product_cd": "00",
              "itin_hndl_no": "00000009",
              "stock_limits_no": "#001",
              "for_rsv_nam": "禁煙　洋室（1名）　シングル",
              "roomtype_cd": "03",
              "roomtype_nam": "洋室(ツイン)",
              "meal_conditions": [
                {
                  "meal_pre_req_no": "1",
                  "meal_pre_requis_nam": "夕食"
                }
              ],
              "use_pre_req_no": "001",
              "use_pre_req_nam": "１名１室",
              "use_pre_req_dtl": "利用条件詳細１",
              "use_pre_req_unit": "1",
              "disp_use_req_unit_nam": "室",
              "min_room_area": "20",
              "max_room_area": "40",
              "room_unit_flg": "0",
              "price": 5000000,
              "stock": 5
            }
          ]
        }
      },
      {
        "copt_cd": "00001",
        "facl_cd": "00",
        "facl_nam": "コテージ　となりのフォーシーズン",
        "zip_cd": "076-0034",
        "adrs": "北海道富良野市北の峰町22-29",
        "latitude": "43.344886",
        "longitude": "142.363099",
        "facl_images": [
          {
            "pic_url_s": "http://localhost:8080/csm/resources/image/yufu_yamamomiji.jpg",
            "pic_url_m": "http://localhost:8080/csm/resources/image/yufu_yamamomiji.jpg",
            "pic_url_l": "http://localhost:8080/csm/resources/image/yufu_yamamomiji.jpg",
            "pic_url_o": "http://localhost:8080/csm/resources/image/yufu_yamamomiji.jpg",
            "pic_nam": "◯◯の間 ダイニングスペース1",
            "pic_comment": "画像のコメントです1"
          },
          {
            "pic_url_s": "http://localhost:8080/csm/resources/image/yufu_yamamomiji.jpg",
            "pic_url_m": "http://localhost:8080/csm/resources/image/yufu_yamamomiji.jpg",
            "pic_url_l": "http://localhost:8080/csm/resources/image/yufu_yamamomiji.jpg",
            "pic_url_o": "http://localhost:8080/csm/resources/image/yufu_yamamomiji.jpg",
            "pic_nam": "◯◯の間 ダイニングスペース2",
            "pic_comment": "画像のコメントです2"
          },
          {
            "pic_url_s": "http://localhost:8080/csm/resources/image/yufu_yamamomiji.jpg",
            "pic_url_m": "http://localhost:8080/csm/resources/image/yufu_yamamomiji.jpg",
            "pic_url_l": "http://localhost:8080/csm/resources/image/yufu_yamamomiji.jpg",
            "pic_url_o": "http://localhost:8080/csm/resources/image/yufu_yamamomiji.jpg",
            "pic_nam": "◯◯の間 ダイニングスペース3",
            "pic_comment": "画像のコメントです3"
          }
        ],
        "access": {
          "nearest_airp": [
            {
              "airp_cd": "HND",
              "arr_point": "ZZZZ駅",
              "car_tra_bus_shp_cf": "0",
              "ctbs_min_tm_required": 10,
              "ctbs_max_tm_required": 10,
              "other_nam": "ICから車",
              "ctbs_special_mention": "徒歩",
              "ctbs_sm_min_tm_required": 10,
              "ctbs_sm_max_tm_required": 10,
              "nearest_airp_note": "最寄空港から徒歩３０分"
            }
          ],
          "nearest_sta": [
            {
              "nearest_sta_trans": "AAAバス",
              "nearest_route_nam": "BBB線",
              "nearest_sta_nam": "CCC駅",
              "walk_car_shp_cf": "0",
              "tm_required": 10
            }
          ]
        },
        "tripadvisor": {
          "rate": 3.5,
          "image_url": "http://localhost:8080/csm/resources/image/tripadvisor-logo.png",
          "count": 5,
          "url": "https://www.google.co.jp/"
        },
        "dp_supplier_flg": "1",
        "plan_cont": 5,
        "plan_list": {
          "dp_plan_list": [
            {
              "air_route_list": {
                "go_dep_airp_cd": "HND",
                "go_arr_airp_cd": "HND",
                "back_dep_airp_cd": "HND",
                "back_arr_airp_cd": "HND"
              },
              "cart_key_dp_hotel": "HHHHHHHHHHHHHHHHHHHH",
              "plan_cd": "000000",
              "product_cd": "00",
              "plan_nam": "専用枠パッケージオプションプラン",
              "stock_limits_no": "#001",
              "for_rsv_nam": "禁煙　洋室（1名）　シングル",
              "roomtype_cd": "03",
              "roomtype_nam": "洋室(ツイン)",
              "meal_conditions": [
                {
                  "meal_pre_req_no": "1",
                  "meal_pre_requis_nam": "夕食"
                }
              ],
              "use_pre_req_no": "001",
              "use_pre_req_nam": "１名１室",
              "use_pre_req_dtl": "利用条件詳細１",
              "use_pre_req_unit": "1",
              "disp_use_req_unit_nam": "室",
              "min_room_area": "20",
              "max_room_area": "40",
              "room_unit_flg": "0",
              "price": 5000000,
              "stock": 5
            }
          ],
          "tour_plan_list": [
            {
              "air_route_list": {
                "go_dep_airp_cd": "HND",
                "go_arr_airp_cd": "HND",
                "back_dep_airp_cd": "HND",
                "back_arr_airp_cd": "HND"
              },
              "cart_key_tour_hotel": "HHHHHHHHHHHHHHHHHHHH",
              "web_goods_nam": "嚶鳴フォーラムＩＮ田原＆伊勢神宮めぐり３日間（現地発着プラン）",
              "sub_title": "ANAスカイホリデーフリープラン",
              "goods_cd": "A001A11A21",
              "plan_cd": "000000",
              "product_cd": "00",
              "itin_hndl_no": "00000009",
              "stock_limits_no": "#001",
              "for_rsv_nam": "禁煙　洋室（1名）　シングル",
              "roomtype_cd": "03",
              "roomtype_nam": "洋室(ツイン)",
              "meal_conditions": [
                {
                  "meal_pre_req_no": "1",
                  "meal_pre_requis_nam": "夕食"
                }
              ],
              "use_pre_req_no": "001",
              "use_pre_req_nam": "１名１室",
              "use_pre_req_dtl": "利用条件詳細１",
              "use_pre_req_unit": "1",
              "disp_use_req_unit_nam": "室",
              "min_room_area": "20",
              "max_room_area": "40",
              "room_unit_flg": "0",
              "price": 5000000,
              "stock": 5
            }
          ]
        }
      },
      {
        "copt_cd": "00001",
        "facl_cd": "00",
        "facl_nam": "コテージ　となりのフォーシーズン",
        "zip_cd": "076-0034",
        "adrs": "北海道富良野市北の峰町22-29",
        "latitude": "43.344886",
        "longitude": "142.363099",
        "facl_images": [
          {
            "pic_url_s": "http://localhost:8080/csm/resources/image/yufu_yamamomiji.jpg",
            "pic_url_m": "http://localhost:8080/csm/resources/image/yufu_yamamomiji.jpg",
            "pic_url_l": "http://localhost:8080/csm/resources/image/yufu_yamamomiji.jpg",
            "pic_url_o": "http://localhost:8080/csm/resources/image/yufu_yamamomiji.jpg",
            "pic_nam": "◯◯の間 ダイニングスペース1",
            "pic_comment": "画像のコメントです1"
          },
          {
            "pic_url_s": "http://localhost:8080/csm/resources/image/yufu_yamamomiji.jpg",
            "pic_url_m": "http://localhost:8080/csm/resources/image/yufu_yamamomiji.jpg",
            "pic_url_l": "http://localhost:8080/csm/resources/image/yufu_yamamomiji.jpg",
            "pic_url_o": "http://localhost:8080/csm/resources/image/yufu_yamamomiji.jpg",
            "pic_nam": "◯◯の間 ダイニングスペース2",
            "pic_comment": "画像のコメントです2"
          },
          {
            "pic_url_s": "http://localhost:8080/csm/resources/image/yufu_yamamomiji.jpg",
            "pic_url_m": "http://localhost:8080/csm/resources/image/yufu_yamamomiji.jpg",
            "pic_url_l": "http://localhost:8080/csm/resources/image/yufu_yamamomiji.jpg",
            "pic_url_o": "http://localhost:8080/csm/resources/image/yufu_yamamomiji.jpg",
            "pic_nam": "◯◯の間 ダイニングスペース3",
            "pic_comment": "画像のコメントです3"
          }
        ],
        "access": {
          "nearest_airp": [
            {
              "airp_cd": "HND",
              "arr_point": "ZZZZ駅",
              "car_tra_bus_shp_cf": "0",
              "ctbs_min_tm_required": 10,
              "ctbs_max_tm_required": 10,
              "other_nam": "ICから車",
              "ctbs_special_mention": "徒歩",
              "ctbs_sm_min_tm_required": 10,
              "ctbs_sm_max_tm_required": 10,
              "nearest_airp_note": "最寄空港から徒歩３０分"
            }
          ],
          "nearest_sta": [
            {
              "nearest_sta_trans": "AAAバス",
              "nearest_route_nam": "BBB線",
              "nearest_sta_nam": "CCC駅",
              "walk_car_shp_cf": "0",
              "tm_required": 10
            }
          ]
        },
        "tripadvisor": {
          "rate": 3.5,
          "image_url": "http://localhost:8080/csm/resources/image/tripadvisor-logo.png",
          "count": 5,
          "url": "https://www.google.co.jp/"
        },
        "dp_supplier_flg": "1",
        "plan_cont": 5,
        "plan_list": {
          "dp_plan_list": [
            {
              "air_route_list": {
                "go_dep_airp_cd": "HND",
                "go_arr_airp_cd": "HND",
                "back_dep_airp_cd": "HND",
                "back_arr_airp_cd": "HND"
              },
              "cart_key_dp_hotel": "HHHHHHHHHHHHHHHHHHHH",
              "plan_cd": "000000",
              "product_cd": "00",
              "plan_nam": "専用枠パッケージオプションプラン",
              "stock_limits_no": "#001",
              "for_rsv_nam": "禁煙　洋室（1名）　シングル",
              "roomtype_cd": "03",
              "roomtype_nam": "洋室(ツイン)",
              "meal_conditions": [
                {
                  "meal_pre_req_no": "1",
                  "meal_pre_requis_nam": "夕食"
                }
              ],
              "use_pre_req_no": "001",
              "use_pre_req_nam": "１名１室",
              "use_pre_req_dtl": "利用条件詳細１",
              "use_pre_req_unit": "1",
              "disp_use_req_unit_nam": "室",
              "min_room_area": "20",
              "max_room_area": "40",
              "room_unit_flg": "0",
              "price": 5000000,
              "stock": 5
            }
          ],
          "tour_plan_list": [
            {
              "air_route_list": {
                "go_dep_airp_cd": "HND",
                "go_arr_airp_cd": "HND",
                "back_dep_airp_cd": "HND",
                "back_arr_airp_cd": "HND"
              },
              "cart_key_tour_hotel": "HHHHHHHHHHHHHHHHHHHH",
              "web_goods_nam": "嚶鳴フォーラムＩＮ田原＆伊勢神宮めぐり３日間（現地発着プラン）",
              "sub_title": "ANAスカイホリデーフリープラン",
              "goods_cd": "A001A11A21",
              "plan_cd": "000000",
              "product_cd": "00",
              "itin_hndl_no": "00000009",
              "stock_limits_no": "#001",
              "for_rsv_nam": "禁煙　洋室（1名）　シングル",
              "roomtype_cd": "03",
              "roomtype_nam": "洋室(ツイン)",
              "meal_conditions": [
                {
                  "meal_pre_req_no": "1",
                  "meal_pre_requis_nam": "夕食"
                }
              ],
              "use_pre_req_no": "001",
              "use_pre_req_nam": "１名１室",
              "use_pre_req_dtl": "利用条件詳細１",
              "use_pre_req_unit": "1",
              "disp_use_req_unit_nam": "室",
              "min_room_area": "20",
              "max_room_area": "40",
              "room_unit_flg": "0",
              "price": 5000000,
              "stock": 5
            }
          ]
        }
      },
      {
        "copt_cd": "00001",
        "facl_cd": "00",
        "facl_nam": "コテージ　となりのフォーシーズン",
        "zip_cd": "076-0034",
        "adrs": "北海道富良野市北の峰町22-29",
        "latitude": "43.344886",
        "longitude": "142.363099",
        "facl_images": [
          {
            "pic_url_s": "http://localhost:8080/csm/resources/image/yufu_yamamomiji.jpg",
            "pic_url_m": "http://localhost:8080/csm/resources/image/yufu_yamamomiji.jpg",
            "pic_url_l": "http://localhost:8080/csm/resources/image/yufu_yamamomiji.jpg",
            "pic_url_o": "http://localhost:8080/csm/resources/image/yufu_yamamomiji.jpg",
            "pic_nam": "◯◯の間 ダイニングスペース1",
            "pic_comment": "画像のコメントです1"
          },
          {
            "pic_url_s": "http://localhost:8080/csm/resources/image/yufu_yamamomiji.jpg",
            "pic_url_m": "http://localhost:8080/csm/resources/image/yufu_yamamomiji.jpg",
            "pic_url_l": "http://localhost:8080/csm/resources/image/yufu_yamamomiji.jpg",
            "pic_url_o": "http://localhost:8080/csm/resources/image/yufu_yamamomiji.jpg",
            "pic_nam": "◯◯の間 ダイニングスペース2",
            "pic_comment": "画像のコメントです2"
          },
          {
            "pic_url_s": "http://localhost:8080/csm/resources/image/yufu_yamamomiji.jpg",
            "pic_url_m": "http://localhost:8080/csm/resources/image/yufu_yamamomiji.jpg",
            "pic_url_l": "http://localhost:8080/csm/resources/image/yufu_yamamomiji.jpg",
            "pic_url_o": "http://localhost:8080/csm/resources/image/yufu_yamamomiji.jpg",
            "pic_nam": "◯◯の間 ダイニングスペース3",
            "pic_comment": "画像のコメントです3"
          }
        ],
        "access": {
          "nearest_airp": [
            {
              "airp_cd": "HND",
              "arr_point": "ZZZZ駅",
              "car_tra_bus_shp_cf": "0",
              "ctbs_min_tm_required": 10,
              "ctbs_max_tm_required": 10,
              "other_nam": "ICから車",
              "ctbs_special_mention": "徒歩",
              "ctbs_sm_min_tm_required": 10,
              "ctbs_sm_max_tm_required": 10,
              "nearest_airp_note": "最寄空港から徒歩３０分"
            }
          ],
          "nearest_sta": [
            {
              "nearest_sta_trans": "AAAバス",
              "nearest_route_nam": "BBB線",
              "nearest_sta_nam": "CCC駅",
              "walk_car_shp_cf": "0",
              "tm_required": 10
            }
          ]
        },
        "tripadvisor": {
          "rate": 3.5,
          "image_url": "http://localhost:8080/csm/resources/image/tripadvisor-logo.png",
          "count": 5,
          "url": "https://www.google.co.jp/"
        },
        "dp_supplier_flg": "1",
        "plan_cont": 5,
        "plan_list": {
          "dp_plan_list": [
            {
              "air_route_list": {
                "go_dep_airp_cd": "HND",
                "go_arr_airp_cd": "HND",
                "back_dep_airp_cd": "HND",
                "back_arr_airp_cd": "HND"
              },
              "cart_key_dp_hotel": "HHHHHHHHHHHHHHHHHHHH",
              "plan_cd": "000000",
              "product_cd": "00",
              "plan_nam": "専用枠パッケージオプションプラン",
              "stock_limits_no": "#001",
              "for_rsv_nam": "禁煙　洋室（1名）　シングル",
              "roomtype_cd": "03",
              "roomtype_nam": "洋室(ツイン)",
              "meal_conditions": [
                {
                  "meal_pre_req_no": "1",
                  "meal_pre_requis_nam": "夕食"
                }
              ],
              "use_pre_req_no": "001",
              "use_pre_req_nam": "１名１室",
              "use_pre_req_dtl": "利用条件詳細１",
              "use_pre_req_unit": "1",
              "disp_use_req_unit_nam": "室",
              "min_room_area": "20",
              "max_room_area": "40",
              "room_unit_flg": "0",
              "price": 5000000,
              "stock": 5
            }
          ],
          "tour_plan_list": [
            {
              "air_route_list": {
                "go_dep_airp_cd": "HND",
                "go_arr_airp_cd": "HND",
                "back_dep_airp_cd": "HND",
                "back_arr_airp_cd": "HND"
              },
              "cart_key_tour_hotel": "HHHHHHHHHHHHHHHHHHHH",
              "web_goods_nam": "嚶鳴フォーラムＩＮ田原＆伊勢神宮めぐり３日間（現地発着プラン）",
              "sub_title": "ANAスカイホリデーフリープラン",
              "goods_cd": "A001A11A21",
              "plan_cd": "000000",
              "product_cd": "00",
              "itin_hndl_no": "00000009",
              "stock_limits_no": "#001",
              "for_rsv_nam": "禁煙　洋室（1名）　シングル",
              "roomtype_cd": "03",
              "roomtype_nam": "洋室(ツイン)",
              "meal_conditions": [
                {
                  "meal_pre_req_no": "1",
                  "meal_pre_requis_nam": "夕食"
                }
              ],
              "use_pre_req_no": "001",
              "use_pre_req_nam": "１名１室",
              "use_pre_req_dtl": "利用条件詳細１",
              "use_pre_req_unit": "1",
              "disp_use_req_unit_nam": "室",
              "min_room_area": "20",
              "max_room_area": "40",
              "room_unit_flg": "0",
              "price": 5000000,
              "stock": 5
            }
          ]
        }
      }
    ]
  }
}