{
  "db_version_time": "20160401100000",
  "response": {
    "maj_mat_list": [
      {
        "maj_mat_cd": "02",
        "price_from": 50000,
        "price_to": 5000000,
        "count": 5
      },
      {
        "maj_mat_cd": "08",
        "price_from": 50000,
        "price_to": 5000000,
        "count": 5
      },
      {
        "maj_mat_cd": "07",
        "price_from": 50000,
        "price_to": 5000000,
        "count": 5
      },
      {
        "maj_mat_cd": "14",
        "price_from": 50000,
        "price_to": 5000000,
        "count": 5
      },
      {
        "maj_mat_cd": "15",
        "price_from": 50000,
        "price_to": 5000000,
        "count": 5
      },
      {
        "maj_mat_cd": "10",
        "price_from": 0,
        "price_to": 0,
        "count": 5
      },
      {
        "maj_mat_cd": "11",
        "price_from": 50000,
        "price_to": 0,
        "count": 5
      },
      {
        "maj_mat_cd": "05",
        "price_from": 0,
        "price_to": 5000000,
        "count": 5
      },
      {
        "maj_mat_cd": "03",
        "price_from": 50000,
        "price_to": 5000000,
        "count": 5
      }
    ],
    "tdr_info": {
      "maj_mat_cd": "07",
      "region_cd": "023",
      "area_cd": "139",
      "price_from": 50,
      "price_to": 110,
      "count": 5
    },
    "usj_info": {
      "maj_mat_cd": "10",
      "region_cd": "038",
      "area_cd": "261",
      "price_from": 50000,
      "price_to": 5000000,
      "count": 5
    }
  }
}