{
  "db_version_time": "20180213103304",
  "response": [{
    "criteria_group_cd": "TOUR",
    "criterias": [{
      "criteria_cd": "VACANT",
      "count": 46
    }, {
      "criteria_cd": "LAYSIDE",
      "count": 10
    }, {
      "criteria_cd": "KIDSLAYSIDE",
      "count": 10
    }, {
      "criteria_cd": "SKYHOLIDAY",
      "count": 44
    }, {
      "criteria_cd": "WEBONLY",
      "count": 0
    }, {
      "criteria_cd": "PREMIUMCLASS",
      "count": 4
    }, {
      "criteria_cd": "TAG003001001",
      "count": 2
    }, {
      "criteria_cd": "TAG003001002",
      "count": 2
    }, {
      "criteria_cd": "TAG003001003",
      "count": 2
    }, {
      "criteria_cd": "TAG003001004",
      "count": 2
    }, {
      "criteria_cd": "TAG003001005",
      "count": 2
    }, {
      "criteria_cd": "TAG003001006",
      "count": 2
    }]
  }]
}