{
  "db_version_time": "20160401100000",
  "response": [
    {
      "copt_cd": "00001",
      "facl_cd": "01",
      "facl_nam": "札幌全日空ホテル1",
      "maj_mat_cd": "02",
      "region_cd": "001",
      "area_cd": "001"
    },
    {
      "copt_cd": "00001",
      "facl_cd": "02",
      "facl_nam": "札幌全日空ホテル2",
      "maj_mat_cd": "02",
      "region_cd": "001",
      "area_cd": "001"
    },
    {
      "copt_cd": "00002",
      "facl_cd": "01",
      "facl_nam": "新川ツインホテル1",
      "maj_mat_cd": "02",
      "region_cd": "001",
      "area_cd": "001"
    },
    {
      "copt_cd": "00002",
      "facl_cd": "02",
      "facl_nam": "新川ツインホテル2",
      "maj_mat_cd": "02",
      "region_cd": "001",
      "area_cd": "001"
    },
    {
      "copt_cd": "00002",
      "facl_cd": "03",
      "facl_nam": "新川ツインホテル3",
      "maj_mat_cd": "02",
      "region_cd": "001",
      "area_cd": "001"
    },
    {
      "copt_cd": "00002",
      "facl_cd": "04",
      "facl_nam": "新川ツインホテル4",
      "maj_mat_cd": "02",
      "region_cd": "001",
      "area_cd": "001"
    },
    {
      "copt_cd": "00003",
      "facl_cd": "01",
      "facl_nam": "八丁堀メトロポリタンホテル1",
      "maj_mat_cd": "02",
      "region_cd": "001",
      "area_cd": "001"
    },
    {
      "copt_cd": "00003",
      "facl_cd": "02",
      "facl_nam": "八丁堀メトロポリタンホテル2",
      "maj_mat_cd": "02",
      "region_cd": "001",
      "area_cd": "001"
    },
    {
      "copt_cd": "00003",
      "facl_cd": "03",
      "facl_nam": "八丁堀メトロポリタンホテル3",
      "maj_mat_cd": "02",
      "region_cd": "001",
      "area_cd": "001"
    },
    {
      "copt_cd": "00003",
      "facl_cd": "04",
      "facl_nam": "八丁堀メトロポリタンホテル4",
      "maj_mat_cd": "02",
      "region_cd": "001",
      "area_cd": "001"
    }
  ]
}