<env:Envelope xmlns:env="http://schemas.xmlsoap.org/soap/envelope/" xmlns="http://www.anaskyholiday.co.jp/adam/dto/api"
  xmlns:api="http://www.anaskyholiday.co.jp/adam/api">
  <env:Header />
  <env:Body>
    <api:sc0120aResponse>
      <IFASW021IRes>
        <cmnHedInf>
          <reqResCf>2</reqResCf>
          <reqOrgCd>INTERNET</reqOrgCd>
          <pwd>pass9999</pwd>
          <svcKd>IFASW021I</svcKd>
          <mkMsgDt>2018-09-18T17:32:18+09:00</mkMsgDt>
        </cmnHedInf>
        <proRstInf>
          <rstCd>0</rstCd>
          <lstUpdDtInf>
            <rcNo>UD885302</rcNo>
            <lstUpdDt>2018-08-03T13:31:48+09:00</lstUpdDt>
          </lstUpdDtInf>
          <lstUpdDtInf>
            <rcNo>UD889442</rcNo>
            <lstUpdDt>2018-07-19T20:03:54+09:00</lstUpdDt>
          </lstUpdDtInf>
          <lstUpdDtInf>
            <rcNo>UD885734</rcNo>
            <lstUpdDt>2018-07-25T15:27:01+09:00</lstUpdDt>
          </lstUpdDtInf>
          <lstUpdDtInf>
            <rcNo>UD885779</rcNo>
            <lstUpdDt>2018-07-25T16:20:43+09:00</lstUpdDt>
          </lstUpdDtInf>
          <lstUpdDtInf>
            <rcNo>UD889820</rcNo>
            <lstUpdDt>2018-07-25T13:20:03+09:00</lstUpdDt>
          </lstUpdDtInf>
          <lstUpdDtInf>
            <rcNo>UD889822</rcNo>
            <lstUpdDt>2018-07-25T13:14:02+09:00</lstUpdDt>
          </lstUpdDtInf>
          <lstUpdDtInf>
            <rcNo>UD885753</rcNo>
            <lstUpdDt>2018-07-25T16:18:54+09:00</lstUpdDt>
          </lstUpdDtInf>
          <lstUpdDtInf>
            <rcNo>UD885604</rcNo>
            <lstUpdDt>2018-08-10T15:31:52+09:00</lstUpdDt>
          </lstUpdDtInf>
          <lstUpdDtInf>
            <rcNo>UD885962</rcNo>
            <lstUpdDt>2018-08-22T17:42:55+09:00</lstUpdDt>
          </lstUpdDtInf>
          <lstUpdDtInf>
            <rcNo>UD885969</rcNo>
            <lstUpdDt>2018-08-22T18:01:15+09:00</lstUpdDt>
          </lstUpdDtInf>
          <lstUpdDtInf>
            <rcNo>UD885307</rcNo>
            <lstUpdDt>2018-08-06T14:28:54+09:00</lstUpdDt>
          </lstUpdDtInf>
          <lstUpdDtInf>
            <rcNo>UD885313</rcNo>
            <lstUpdDt>2018-08-03T13:27:53+09:00</lstUpdDt>
          </lstUpdDtInf>
          <lstUpdDtInf>
            <rcNo>UD885588</rcNo>
            <lstUpdDt>2018-08-20T12:46:54+09:00</lstUpdDt>
          </lstUpdDtInf>
          <lstUpdDtInf>
            <rcNo>UD885074</rcNo>
            <lstUpdDt>2018-08-29T14:02:44+09:00</lstUpdDt>
          </lstUpdDtInf>
          <lstUpdDtInf>
            <rcNo>UD889494</rcNo>
            <lstUpdDt>2018-07-19T19:34:53+09:00</lstUpdDt>
          </lstUpdDtInf>
          <lstUpdDtInf>
            <rcNo>UD889446</rcNo>
            <lstUpdDt>2018-07-19T20:32:12+09:00</lstUpdDt>
          </lstUpdDtInf>
          <lstUpdDtInf>
            <rcNo>UD885191</rcNo>
            <lstUpdDt>2018-09-18T12:56:52+09:00</lstUpdDt>
          </lstUpdDtInf>
          <lstUpdDtInf>
            <rcNo>UD885441</rcNo>
            <lstUpdDt>2018-09-07T10:15:01+09:00</lstUpdDt>
          </lstUpdDtInf>
          <lstUpdDtInf>
            <rcNo>UD885198</rcNo>
            <lstUpdDt>2018-09-18T17:32:05+09:00</lstUpdDt>
          </lstUpdDtInf>
        </proRstInf>
        <rcSchRst>
          <rcNo>UD885302</rcNo>
          <conOrgCf>0</conOrgCf>
          <dpFlg>1</dpFlg>
          <dspRvSt>予約確定</dspRvSt>
          <arrDd>20180824</arrDd>
          <okAnsFlg>0</okAnsFlg>
          <tmMdFlg>0</tmMdFlg>
          <satMdFlg>0</satMdFlg>
          <judRst>2</judRst>
          <allCreCf>0</allCreCf>
          <rcGdInf>
            <rcGdNo>0</rcGdNo>
            <gdCd>ZA90002020</gdCd>
            <gdTypCd>20</gdTypCd>
            <gdNm>ＡＮＡダイナミックパッケージ</gdNm>
            <webGdNm>航空券＋ホテル「ＡＮＡ旅作」</webGdNm>
            <depDd>20180823</depDd>
            <arrDd>20180824</arrDd>
            <rvSt>0</rvSt>
            <dspRvSt>予約確定</dspRvSt>
            <snmCf>1</snmCf>
          </rcGdInf>
        </rcSchRst>
        <rcSchRst>
          <rcNo>UD889442</rcNo>
          <conOrgCf>0</conOrgCf>
          <dpFlg>1</dpFlg>
          <dspRvSt>予約確定</dspRvSt>
          <arrDd>20180824</arrDd>
          <okAnsFlg>0</okAnsFlg>
          <tmMdFlg>0</tmMdFlg>
          <satMdFlg>0</satMdFlg>
          <judRst>2</judRst>
          <allCreCf>0</allCreCf>
          <rcGdInf>
            <rcGdNo>0</rcGdNo>
            <gdCd>ZA90076011</gdCd>
            <gdTypCd>60</gdTypCd>
            <gdNm>ホテル</gdNm>
            <webGdNm>宿泊単品</webGdNm>
            <depDd>20180823</depDd>
            <arrDd>20180824</arrDd>
            <rvSt>0</rvSt>
            <dspRvSt>予約確定</dspRvSt>
            <snmCf>2</snmCf>
            <mtInf>
              <mtNo>0</mtNo>
              <fcNm>【ＷＥＢ】ＳＴホテル 関東・甲信越 Ｂ</fcNm>
              <rvDspNm>【ＷＥＢ】０８－０２［禁煙 洋室 ツイン]：共通枠・予約用表示名称</rvDspNm>
              <useCndNm>【ＷＥＢ】０８－０２［禁煙 洋室 （２‐３名） ツイン]：共通枠・利用条件</useCndNm>
              <matCd>11</matCd>
              <fcTypCd>00</fcTypCd>
            </mtInf>
          </rcGdInf>
        </rcSchRst>
        <rcSchRst>
          <rcNo>UD885734</rcNo>
          <conOrgCf>0</conOrgCf>
          <dpFlg>1</dpFlg>
          <dspRvSt>予約確定</dspRvSt>
          <arrDd>20180826</arrDd>
          <okAnsFlg>0</okAnsFlg>
          <tmMdFlg>0</tmMdFlg>
          <satMdFlg>0</satMdFlg>
          <judRst>2</judRst>
          <allCreCf>0</allCreCf>
          <rcGdInf>
            <rcGdNo>0</rcGdNo>
            <gdCd>ZA90002020</gdCd>
            <gdTypCd>20</gdTypCd>
            <gdNm>ＡＮＡダイナミックパッケージ</gdNm>
            <webGdNm>航空券＋ホテル「ＡＮＡ旅作」</webGdNm>
            <depDd>20180825</depDd>
            <arrDd>20180826</arrDd>
            <rvSt>0</rvSt>
            <dspRvSt>予約確定</dspRvSt>
            <snmCf>1</snmCf>
          </rcGdInf>
        </rcSchRst>
        <rcSchRst>
          <rcNo>UD885779</rcNo>
          <conOrgCf>0</conOrgCf>
          <dpFlg>1</dpFlg>
          <dspRvSt>取消済</dspRvSt>
          <arrDd>20180828</arrDd>
          <okAnsFlg>0</okAnsFlg>
          <tmMdFlg>0</tmMdFlg>
          <satMdFlg>0</satMdFlg>
          <judRst>2</judRst>
          <allCreCf>0</allCreCf>
          <rcGdInf>
            <rcGdNo>0</rcGdNo>
            <gdCd>ZA90076011</gdCd>
            <gdTypCd>60</gdTypCd>
            <gdNm>ホテル</gdNm>
            <webGdNm>宿泊単品</webGdNm>
            <depDd>20180827</depDd>
            <arrDd>20180828</arrDd>
            <rvSt>7</rvSt>
            <dspRvSt>取消済</dspRvSt>
            <snmCf>2</snmCf>
            <mtInf>
              <mtNo>0</mtNo>
              <fcNm>【ＷＥＢ】ＳＴホテル 関東・甲信越 Ｂ</fcNm>
              <rvDspNm>【ＷＥＢ】０８－０２［禁煙 洋室 ツイン]：共通枠・予約用表示名称</rvDspNm>
              <useCndNm>【ＷＥＢ】０８－０２［禁煙 洋室 （２‐３名） ツイン]：共通枠・利用条件</useCndNm>
              <matCd>11</matCd>
              <fcTypCd>00</fcTypCd>
            </mtInf>
          </rcGdInf>
        </rcSchRst>
        <rcSchRst>
          <rcNo>UD889820</rcNo>
          <conOrgCf>0</conOrgCf>
          <dpFlg>1</dpFlg>
          <dspRvSt>予約確定</dspRvSt>
          <arrDd>20180829</arrDd>
          <okAnsFlg>0</okAnsFlg>
          <tmMdFlg>0</tmMdFlg>
          <satMdFlg>0</satMdFlg>
          <judRst>2</judRst>
          <allCreCf>0</allCreCf>
          <rcGdInf>
            <rcGdNo>0</rcGdNo>
            <gdCd>ZA90002020</gdCd>
            <gdTypCd>20</gdTypCd>
            <gdNm>ＡＮＡダイナミックパッケージ</gdNm>
            <webGdNm>航空券＋ホテル「ＡＮＡ旅作」</webGdNm>
            <depDd>20180828</depDd>
            <arrDd>20180829</arrDd>
            <rvSt>0</rvSt>
            <dspRvSt>予約確定</dspRvSt>
            <snmCf>1</snmCf>
          </rcGdInf>
        </rcSchRst>
        <rcSchRst>
          <rcNo>UD889822</rcNo>
          <conOrgCf>0</conOrgCf>
          <dpFlg>1</dpFlg>
          <dspRvSt>予約確定</dspRvSt>
          <arrDd>20180829</arrDd>
          <okAnsFlg>0</okAnsFlg>
          <tmMdFlg>0</tmMdFlg>
          <satMdFlg>0</satMdFlg>
          <judRst>2</judRst>
          <allCreCf>0</allCreCf>
          <rcGdInf>
            <rcGdNo>0</rcGdNo>
            <gdCd>ZA90002020</gdCd>
            <gdTypCd>20</gdTypCd>
            <gdNm>ＡＮＡダイナミックパッケージ</gdNm>
            <webGdNm>航空券＋ホテル「ＡＮＡ旅作」</webGdNm>
            <depDd>20180828</depDd>
            <arrDd>20180829</arrDd>
            <rvSt>0</rvSt>
            <dspRvSt>予約確定</dspRvSt>
            <snmCf>1</snmCf>
          </rcGdInf>
        </rcSchRst>
        <rcSchRst>
          <rcNo>UD885753</rcNo>
          <conOrgCf>0</conOrgCf>
          <dpFlg>1</dpFlg>
          <dspRvSt>取消済</dspRvSt>
          <arrDd>20180830</arrDd>
          <okAnsFlg>0</okAnsFlg>
          <tmMdFlg>0</tmMdFlg>
          <satMdFlg>0</satMdFlg>
          <judRst>2</judRst>
          <allCreCf>0</allCreCf>
          <rcGdInf>
            <rcGdNo>0</rcGdNo>
            <gdCd>ZA90002020</gdCd>
            <gdTypCd>20</gdTypCd>
            <gdNm>ＡＮＡダイナミックパッケージ</gdNm>
            <webGdNm>航空券＋ホテル「ＡＮＡ旅作」</webGdNm>
            <depDd>20180829</depDd>
            <arrDd>20180830</arrDd>
            <rvSt>7</rvSt>
            <dspRvSt>取消済</dspRvSt>
            <snmCf>1</snmCf>
          </rcGdInf>
        </rcSchRst>
        <rcSchRst>
          <rcNo>UD885604</rcNo>
          <conOrgCf>0</conOrgCf>
          <dpFlg>1</dpFlg>
          <dspRvSt>取消済</dspRvSt>
          <arrDd>20180831</arrDd>
          <okAnsFlg>0</okAnsFlg>
          <tmMdFlg>0</tmMdFlg>
          <satMdFlg>0</satMdFlg>
          <judRst>2</judRst>
          <allCreCf>0</allCreCf>
          <rcGdInf>
            <rcGdNo>0</rcGdNo>
            <gdCd>ZA90002020</gdCd>
            <gdTypCd>20</gdTypCd>
            <gdNm>ＡＮＡダイナミックパッケージ</gdNm>
            <webGdNm>航空券＋ホテル「ＡＮＡ旅作」</webGdNm>
            <depDd>20180830</depDd>
            <arrDd>20180831</arrDd>
            <rvSt>7</rvSt>
            <dspRvSt>取消済</dspRvSt>
            <snmCf>1</snmCf>
          </rcGdInf>
        </rcSchRst>
        <rcSchRst>
          <rcNo>UD885962</rcNo>
          <conOrgCf>0</conOrgCf>
          <dpFlg>0</dpFlg>
          <dspRvSt>予約確定</dspRvSt>
          <arrDd>20180901</arrDd>
          <okAnsFlg>0</okAnsFlg>
          <tmMdFlg>0</tmMdFlg>
          <satMdFlg>0</satMdFlg>
          <judRst>2</judRst>
          <allCreCf>0</allCreCf>
          <rcGdInf>
            <rcGdNo>0</rcGdNo>
            <gdCd>D065A10Z21</gdCd>
            <gdTypCd>20</gdTypCd>
            <gdNm>【ＷＥＢ】Ｚ３７９商品＿ＬＣＣ北海道（宿泊のみ）２日間</gdNm>
            <webGdNm>【ＷＥＢ】Ｚ３７９商品＿ＬＣＣ北海道＿ＷＥＢ（宿泊のみ）２日間</webGdNm>
            <depDd>20180831</depDd>
            <arrDd>20180901</arrDd>
            <rvSt>0</rvSt>
            <dspRvSt>予約確定</dspRvSt>
            <snmCf>1</snmCf>
          </rcGdInf>
        </rcSchRst>
        <rcSchRst>
          <rcNo>UD885969</rcNo>
          <conOrgCf>0</conOrgCf>
          <dpFlg>0</dpFlg>
          <dspRvSt>予約確定</dspRvSt>
          <arrDd>20180901</arrDd>
          <okAnsFlg>0</okAnsFlg>
          <tmMdFlg>0</tmMdFlg>
          <satMdFlg>0</satMdFlg>
          <judRst>2</judRst>
          <allCreCf>0</allCreCf>
          <rcGdInf>
            <rcGdNo>0</rcGdNo>
            <gdCd>D065A10Z21</gdCd>
            <gdTypCd>20</gdTypCd>
            <gdNm>【ＷＥＢ】Ｚ３７９商品＿ＬＣＣ北海道（宿泊のみ）２日間</gdNm>
            <webGdNm>【ＷＥＢ】Ｚ３７９商品＿ＬＣＣ北海道＿ＷＥＢ（宿泊のみ）２日間</webGdNm>
            <depDd>20180831</depDd>
            <arrDd>20180901</arrDd>
            <rvSt>0</rvSt>
            <dspRvSt>予約確定</dspRvSt>
            <snmCf>1</snmCf>
          </rcGdInf>
        </rcSchRst>
        <rcSchRst>
          <rcNo>UD885307</rcNo>
          <conOrgCf>0</conOrgCf>
          <dpFlg>1</dpFlg>
          <dspRvSt>予約確定</dspRvSt>
          <arrDd>20180905</arrDd>
          <okAnsFlg>0</okAnsFlg>
          <tmMdFlg>0</tmMdFlg>
          <satMdFlg>0</satMdFlg>
          <judRst>2</judRst>
          <allCreCf>0</allCreCf>
          <rcGdInf>
            <rcGdNo>0</rcGdNo>
            <gdCd>ZA90002020</gdCd>
            <gdTypCd>20</gdTypCd>
            <gdNm>ＡＮＡダイナミックパッケージ</gdNm>
            <webGdNm>航空券＋ホテル「ＡＮＡ旅作」</webGdNm>
            <depDd>20180902</depDd>
            <arrDd>20180905</arrDd>
            <rvSt>0</rvSt>
            <dspRvSt>予約確定</dspRvSt>
            <snmCf>1</snmCf>
          </rcGdInf>
        </rcSchRst>
        <rcSchRst>
          <rcNo>UD885313</rcNo>
          <conOrgCf>0</conOrgCf>
          <dpFlg>1</dpFlg>
          <dspRvSt>予約確定</dspRvSt>
          <arrDd>20180911</arrDd>
          <okAnsFlg>0</okAnsFlg>
          <tmMdFlg>0</tmMdFlg>
          <satMdFlg>0</satMdFlg>
          <judRst>2</judRst>
          <allCreCf>0</allCreCf>
          <rcGdInf>
            <rcGdNo>0</rcGdNo>
            <gdCd>ZA90002020</gdCd>
            <gdTypCd>20</gdTypCd>
            <gdNm>ＡＮＡダイナミックパッケージ</gdNm>
            <webGdNm>航空券＋ホテル「ＡＮＡ旅作」</webGdNm>
            <depDd>20180910</depDd>
            <arrDd>20180911</arrDd>
            <rvSt>0</rvSt>
            <dspRvSt>予約確定</dspRvSt>
            <snmCf>1</snmCf>
          </rcGdInf>
        </rcSchRst>
        <rcSchRst>
          <rcNo>UD885588</rcNo>
          <conOrgCf>0</conOrgCf>
          <dpFlg>1</dpFlg>
          <dspRvSt>予約確定</dspRvSt>
          <arrDd>20180911</arrDd>
          <okAnsFlg>0</okAnsFlg>
          <tmMdFlg>0</tmMdFlg>
          <satMdFlg>0</satMdFlg>
          <judRst>2</judRst>
          <allCreCf>0</allCreCf>
          <rcGdInf>
            <rcGdNo>0</rcGdNo>
            <gdCd>ZA90002020</gdCd>
            <gdTypCd>20</gdTypCd>
            <gdNm>ＡＮＡダイナミックパッケージ</gdNm>
            <webGdNm>航空券＋ホテル「ＡＮＡ旅作」</webGdNm>
            <depDd>20180910</depDd>
            <arrDd>20180911</arrDd>
            <rvSt>0</rvSt>
            <dspRvSt>予約確定</dspRvSt>
            <snmCf>1</snmCf>
          </rcGdInf>
        </rcSchRst>
        <rcSchRst>
          <rcNo>UD885074</rcNo>
          <conOrgCf>0</conOrgCf>
          <dpFlg>1</dpFlg>
          <dspRvSt>取消済</dspRvSt>
          <arrDd>20180916</arrDd>
          <okAnsFlg>0</okAnsFlg>
          <tmMdFlg>0</tmMdFlg>
          <satMdFlg>0</satMdFlg>
          <judRst>2</judRst>
          <allCreCf>0</allCreCf>
          <rcGdInf>
            <rcGdNo>0</rcGdNo>
            <gdCd>ZA90002020</gdCd>
            <gdTypCd>20</gdTypCd>
            <gdNm>ＡＮＡダイナミックパッケージ</gdNm>
            <webGdNm>航空券＋ホテル「ＡＮＡ旅作」</webGdNm>
            <depDd>20180915</depDd>
            <arrDd>20180916</arrDd>
            <rvSt>7</rvSt>
            <dspRvSt>取消済</dspRvSt>
            <snmCf>1</snmCf>
          </rcGdInf>
        </rcSchRst>
        <rcSchRst>
          <rcNo>UD889494</rcNo>
          <conOrgCf>0</conOrgCf>
          <dpFlg>1</dpFlg>
          <dspRvSt>予約確定</dspRvSt>
          <arrDd>20180919</arrDd>
          <paySt>0</paySt>
          <krtFlg>0</krtFlg>
          <okAnsFlg>0</okAnsFlg>
          <tmMdFlg>0</tmMdFlg>
          <satMdFlg>0</satMdFlg>
          <judRst>2</judRst>
          <allCreCf>0</allCreCf>
          <rcGdInf>
            <rcGdNo>0</rcGdNo>
            <gdCd>ZA90076011</gdCd>
            <gdTypCd>60</gdTypCd>
            <gdNm>ホテル</gdNm>
            <webGdNm>宿泊単品</webGdNm>
            <depDd>20180918</depDd>
            <arrDd>20180919</arrDd>
            <rvSt>0</rvSt>
            <dspRvSt>予約確定</dspRvSt>
            <snmCf>2</snmCf>
            <mtInf>
              <mtNo>0</mtNo>
              <fcNm>【業務フロー】ＤＰ＿サイコン連携用</fcNm>
              <rvDspNm>【業務フロー】【19270-01】禁煙 洋室 フォース(室)</rvDspNm>
              <useCndNm>2名／1室</useCndNm>
              <matCd>11</matCd>
              <fcTypCd>00</fcTypCd>
            </mtInf>
          </rcGdInf>
        </rcSchRst>
        <rcSchRst>
          <rcNo>UD889446</rcNo>
          <conOrgCf>0</conOrgCf>
          <dpFlg>1</dpFlg>
          <dspRvSt>予約確定</dspRvSt>
          <arrDd>20180924</arrDd>
          <paySt>0</paySt>
          <krtFlg>0</krtFlg>
          <okAnsFlg>0</okAnsFlg>
          <tmMdFlg>0</tmMdFlg>
          <satMdFlg>0</satMdFlg>
          <judRst>2</judRst>
          <allCreCf>0</allCreCf>
          <rcGdInf>
            <rcGdNo>0</rcGdNo>
            <gdCd>ZA90076011</gdCd>
            <gdTypCd>60</gdTypCd>
            <gdNm>ホテル</gdNm>
            <webGdNm>宿泊単品</webGdNm>
            <depDd>20180923</depDd>
            <arrDd>20180924</arrDd>
            <rvSt>0</rvSt>
            <dspRvSt>予約確定</dspRvSt>
            <snmCf>2</snmCf>
            <mtInf>
              <mtNo>0</mtNo>
              <fcNm>【業務フロー】ＤＰ＿サイコン連携用</fcNm>
              <rvDspNm>【業務フロー】【19270-01】禁煙 洋室 フォース(室)</rvDspNm>
              <useCndNm>2名／1室</useCndNm>
              <matCd>11</matCd>
              <fcTypCd>00</fcTypCd>
            </mtInf>
          </rcGdInf>
        </rcSchRst>
        <rcSchRst>
          <rcNo>UD885191</rcNo>
          <conOrgCf>0</conOrgCf>
          <dpFlg>0</dpFlg>
          <dspRvSt>予約確定</dspRvSt>
          <arrDd>20180928</arrDd>
          <paySt>1</paySt>
          <payTml>20180919</payTml>
          <krtFlg>1</krtFlg>
          <okAnsFlg>0</okAnsFlg>
          <tmMdFlg>0</tmMdFlg>
          <satMdFlg>0</satMdFlg>
          <judRst>2</judRst>
          <allCreCf>0</allCreCf>
          <rcGdInf>
            <rcGdNo>0</rcGdNo>
            <gdCd>A0FQA11A21</gdCd>
            <gdTypCd>20</gdTypCd>
            <gdNm>【ＷＥＢ】’１８／９から 往復ＡＩＲ北海道２日間（東京発）</gdNm>
            <webGdNm>【ＷＥＢ】’１８／９から 往復ＡＩＲ北海道２日間（東京発）</webGdNm>
            <depDd>20180927</depDd>
            <arrDd>20180928</arrDd>
            <rvSt>0</rvSt>
            <dspRvSt>予約確定</dspRvSt>
            <snmCf>1</snmCf>
          </rcGdInf>
        </rcSchRst>
        <rcSchRst>
          <rcNo>UD885441</rcNo>
          <conOrgCf>0</conOrgCf>
          <dpFlg>1</dpFlg>
          <dspRvSt>予約確定</dspRvSt>
          <arrDd>20180930</arrDd>
          <paySt>1</paySt>
          <payTml>20180908</payTml>
          <krtFlg>1</krtFlg>
          <okAnsFlg>0</okAnsFlg>
          <tmMdFlg>0</tmMdFlg>
          <satMdFlg>0</satMdFlg>
          <judRst>2</judRst>
          <allCreCf>0</allCreCf>
          <rcGdInf>
            <rcGdNo>0</rcGdNo>
            <gdCd>ZA90002020</gdCd>
            <gdTypCd>20</gdTypCd>
            <gdNm>ＡＮＡダイナミックパッケージ</gdNm>
            <webGdNm>航空券＋ホテル「ＡＮＡ旅作」</webGdNm>
            <depDd>20180929</depDd>
            <arrDd>20180930</arrDd>
            <rvSt>0</rvSt>
            <dspRvSt>予約確定</dspRvSt>
            <snmCf>1</snmCf>
          </rcGdInf>
        </rcSchRst>
        <rcSchRst>
          <rcNo>UD885198</rcNo>
          <conOrgCf>0</conOrgCf>
          <dpFlg>1</dpFlg>
          <dspRvSt>予約確定</dspRvSt>
          <arrDd>20181022</arrDd>
          <paySt>1</paySt>
          <payTml>20180923</payTml>
          <krtFlg>1</krtFlg>
          <okAnsFlg>0</okAnsFlg>
          <tmMdFlg>0</tmMdFlg>
          <satMdFlg>0</satMdFlg>
          <judRst>2</judRst>
          <allCreCf>0</allCreCf>
          <rcGdInf>
            <rcGdNo>0</rcGdNo>
            <gdCd>ZA90002020</gdCd>
            <gdTypCd>20</gdTypCd>
            <gdNm>ＡＮＡダイナミックパッケージ</gdNm>
            <webGdNm>航空券＋ホテル「ＡＮＡ旅作」</webGdNm>
            <depDd>20181021</depDd>
            <arrDd>20181022</arrDd>
            <rvSt>0</rvSt>
            <dspRvSt>予約確定</dspRvSt>
            <snmCf>1</snmCf>
          </rcGdInf>
        </rcSchRst>
      </IFASW021IRes>
    </api:sc0120aResponse>
  </env:Body>
</env:Envelope>