<env:Envelope xmlns:env="http://schemas.xmlsoap.org/soap/envelope/" xmlns="http://www.anaskyholiday.co.jp/adam/dto/api"
  xmlns:api="http://www.anaskyholiday.co.jp/adam/api">
  <env:Header />
  <env:Body>
    <api:sd0050aResponse>
      <IFASW037IRes>
        <cmnHedInf>
          <reqResCf>2</reqResCf>
          <reqOrgCd>INTERNET</reqOrgCd>
          <pwd>pass9999</pwd>
          <svcKd>IFASW037I</svcKd>
          <mkMsgDt>2018-06-14T15:27:34+09:00</mkMsgDt>
        </cmnHedInf>
        <proRstInf>
          <rstCd>0</rstCd>
          <lstUpdDtInf>
            <rcNo>UD885247</rcNo>
            <lstUpdDt>2018-06-14T15:27:33+09:00</lstUpdDt>
          </lstUpdDtInf>
        </proRstInf>
        <apTrvPrcInf>
          <rcNo>UD885247</rcNo>
          <trvCstTtl>5000</trvCstTtl>
          <ttlClf>0</ttlClf>
          <apDtlInf>
            <rcGdNo>0</rcGdNo>
            <depDdUseDd>20180616</depDdUseDd>
            <pxId>4191285</pxId>
            <gdCd>ZA90096011</gdCd>
            <gdNm>その他単品</gdNm>
            <feeBef>5000</feeBef>
            <feeAft>5000</feeAft>
            <feeClcNotFlg>0</feeClcNotFlg>
            <mtFeeDtlInf>
              <mtNo>0</mtNo>
              <useDd>20180616</useDd>
              <mtNm>観光・体験・現地交通 【ＷＥＢ】ＳＴ食事 関東・甲信越</mtNm>
              <apMtDtlInf>
                <itmCd>1</itmCd>
                <itmNm>基本料金(大人)</itmNm>
                <kdTypCd>001</kdTypCd>
                <kdTypNm>大人</kdTypNm>
                <fee>5000</fee>
                <qtty>1</qtty>
              </apMtDtlInf>
            </mtFeeDtlInf>
          </apDtlInf>
        </apTrvPrcInf>
      </IFASW037IRes>
    </api:sd0050aResponse>
  </env:Body>
</env:Envelope>