{
  "db_version_time": "20170401100000",
  "response": {
    "all_period_price_from": null,
    "all_period_price_to": null,
    "price_per_kind": [
      {
        "kind_type_cd": "001",
        "kind_type_nam": 15000,
        "kind_type_price": 10      },
      {
        "kind_type_cd": "102",
        "kind_type_nam": 20000,
        "kind_type_price": null
      },
      {
        "kind_type_cd": "103",
        "kind_type_nam": 12000,
        "kind_type_price": null
      },
      {
        "kind_type_cd": "104",
        "kind_type_nam": 13000,
        "kind_type_price": null
      }
    ],
    "month_list": [
      {
        "month": "201704"
      }
    ],
    "calendar": [
{
  "date": "20170901",
  "day_of_the_week": "2",
  "holiday_flg": "1",
"price": 50000,
"stock": -1
},
{
  "date": "20170402",
  "day_of_the_week": "3",
  "holiday_flg": "0",
"price": 150000,
"stock": 0
},
{
  "date": "20170403",
  "day_of_the_week": "4",
  "holiday_flg": "0",
"price": 100000,
"stock": 9
},
{
  "date": "20170404",
  "day_of_the_week": "5",
  "holiday_flg": "0",
"price": 100000,
"stock": 10
},
{
  "date": "20170405",
  "day_of_the_week": "6",
  "holiday_flg": "0",
"price": 100000,
"stock": 10
},
{
  "date": "20170406",
  "day_of_the_week": "0",
  "holiday_flg": "0",
"price": 100000,
"stock": 10
},
{
  "date": "20170407",
  "day_of_the_week": "1",
  "holiday_flg": "0",
"price": 100000,
"stock": 10
},
{
  "date": "20170408",
  "day_of_the_week": "2",
  "holiday_flg": "0",
"price": 100000,
"stock": 10
},
{
  "date": "20170409",
  "day_of_the_week": "3",
  "holiday_flg": "0",
"price": 100000,
"stock": 10
},
{
  "date": "20170410",
  "day_of_the_week": "4",
  "holiday_flg": "0",
"price": 100000,
"stock": 10
},
{
  "date": "20170411",
  "day_of_the_week": "5",
  "holiday_flg": "0",
"price": 100000,
"stock": 10
},
{
  "date": "20170412",
  "day_of_the_week": "6",
  "holiday_flg": "0",
"price": 100000,
"stock": 10
},
{
  "date": "20170413",
  "day_of_the_week": "0",
  "holiday_flg": "0",
"price": 100000,
"stock": 10
},
{
  "date": "20170414",
  "day_of_the_week": "1",
  "holiday_flg": "0",
"price": 100000,
"stock": 10
},
{
  "date": "20170415",
  "day_of_the_week": "2",
  "holiday_flg": "0",
"price": 100000,
"stock": 10
},
{
  "date": "20170416",
  "day_of_the_week": "3",
  "holiday_flg": "0",
"price": 100000,
"stock": 10
},
{
  "date": "20170417",
  "day_of_the_week": "4",
  "holiday_flg": "0",
"price": 100000,
"stock": 10
},
{
  "date": "20170418",
  "day_of_the_week": "5",
  "holiday_flg": "0",
"price": 100000,
"stock": 10
},
{
  "date": "20170419",
  "day_of_the_week": "6",
  "holiday_flg": "0",
"price": 100000,
"stock": 10
},
{
  "date": "20170420",
  "day_of_the_week": "0",
  "holiday_flg": "0",
"price": 100000,
"stock": 10
},
{
  "date": "20170421",
  "day_of_the_week": "1",
  "holiday_flg": "0",
"price": 100000,
"stock": 10
},
{
  "date": "20170422",
  "day_of_the_week": "2",
  "holiday_flg": "0",
"price": 100000,
"stock": 10
},
{
  "date": "20170423",
  "day_of_the_week": "3",
  "holiday_flg": "0",
"price": 100000,
"stock": 10
},
{
  "date": "20170424",
  "day_of_the_week": "4",
  "holiday_flg": "0",
"price": 100000,
"stock": 10
},
{
  "date": "20170425",
  "day_of_the_week": "5",
  "holiday_flg": "0",
"price": 100000,
"stock": 10
},
{
  "date": "20170426",
  "day_of_the_week": "6",
  "holiday_flg": "0",
"price": 100000,
"stock": 10
},
{
  "date": "20170427",
  "day_of_the_week": "0",
  "holiday_flg": "0",
"price": 100000,
"stock": 10
},
{
  "date": "20170428",
  "day_of_the_week": "1",
  "holiday_flg": "0",
"price": 100000,
"stock": 10
},
{
  "date": "20170429",
  "day_of_the_week": "2",
  "holiday_flg": "0",
"price": 100000,
"stock": 10
},
{
  "date": "20170430",
  "day_of_the_week": "3",
  "holiday_flg": "0",
"price": 100000,
"stock": 10
},
{
  "date": "20171201",
  "day_of_the_week": "4",
  "holiday_flg": "1",
"price": 100000,
"stock": 10
},
{
  "date": "20171202",
  "day_of_the_week": "5",
  "holiday_flg": "0",
"price": 100000,
"stock": 10
},
{
  "date": "20171203",
  "day_of_the_week": "6",
  "holiday_flg": "0",
"price": 100000,
"stock": 10
},
{
  "date": "20171204",
  "day_of_the_week": "0",
  "holiday_flg": "0",
"price": 100000,
"stock": 10
},
{
  "date": "20171205",
  "day_of_the_week": "1",
  "holiday_flg": "0",
"price": 100000,
"stock": 10
},
{
  "date": "20171206",
  "day_of_the_week": "2",
  "holiday_flg": "0",
"price": 100000,
"stock": 10
},
{
  "date": "20171207",
  "day_of_the_week": "3",
  "holiday_flg": "0",
"price": 100000,
"stock": 10
},
{
  "date": "20171208",
  "day_of_the_week": "4",
  "holiday_flg": "0",
"price": 100000,
"stock": 10
},
{
  "date": "20171209",
  "day_of_the_week": "5",
  "holiday_flg": "0",
"price": 100000,
"stock": 10
},
{
  "date": "20171210",
  "day_of_the_week": "6",
  "holiday_flg": "0",
"price": 100000,
"stock": 10
},
{
  "date": "20171211",
  "day_of_the_week": "0",
  "holiday_flg": "0",
"price": 100000,
"stock": 10
},
{
  "date": "20171212",
  "day_of_the_week": "1",
  "holiday_flg": "0",
"price": 100000,
"stock": 10
},
{
  "date": "20171213",
  "day_of_the_week": "2",
  "holiday_flg": "0",
"price": 100000,
"stock": 10
},
{
  "date": "20171214",
  "day_of_the_week": "3",
  "holiday_flg": "0",
"price": 100000,
"stock": 10
},
{
  "date": "20171215",
  "day_of_the_week": "4",
  "holiday_flg": "0",
"price": 100000,
"stock": 10
},
{
  "date": "20171216",
  "day_of_the_week": "5",
  "holiday_flg": "0",
"price": 100000,
"stock": 10
},
{
  "date": "20171217",
  "day_of_the_week": "6",
  "holiday_flg": "0",
"price": 100000,
"stock": 10
},
{
  "date": "20171218",
  "day_of_the_week": "0",
  "holiday_flg": "0",
"price": 100000,
"stock": 10
},
{
  "date": "20171219",
  "day_of_the_week": "1",
  "holiday_flg": "0",
"price": 100000,
"stock": 10
},
{
  "date": "20171220",
  "day_of_the_week": "2",
  "holiday_flg": "0",
"price": 100000,
"stock": 10
},
{
  "date": "20171221",
  "day_of_the_week": "3",
  "holiday_flg": "0",
"price": 100000,
"stock": 10
},
{
  "date": "20171222",
  "day_of_the_week": "4",
  "holiday_flg": "0",
"price": 100000,
"stock": 10
},
{
  "date": "20171223",
  "day_of_the_week": "5",
  "holiday_flg": "0",
"price": 100000,
"stock": 10
},
{
  "date": "20171224",
  "day_of_the_week": "6",
  "holiday_flg": "0",
"price": 100000,
"stock": 10
},
{
  "date": "20171225",
  "day_of_the_week": "0",
  "holiday_flg": "0",
"price": 100000,
"stock": 10
},
{
  "date": "20171226",
  "day_of_the_week": "1",
  "holiday_flg": "0",
"price": 100000,
"stock": 10
},
{
  "date": "20171227",
  "day_of_the_week": "2",
  "holiday_flg": "0",
"price": 100000,
"stock": 10
},
{
  "date": "20171228",
  "day_of_the_week": "3",
  "holiday_flg": "0",
"price": 100000,
"stock": 10
},
{
  "date": "20171229",
  "day_of_the_week": "4",
  "holiday_flg": "0",
"price": 100000,
"stock": 10
},
{
  "date": "20171230",
  "day_of_the_week": "5",
  "holiday_flg": "0",
"price": 100000,
"stock": 10
},
{
  "date": "20171231",
  "day_of_the_week": "6",
  "holiday_flg": "0",
"price": 100000,
"stock": 10
},
{
  "date": "20170101",
  "day_of_the_week": "0",
  "holiday_flg": "0",
"price": 100000,
"stock": 10
},
{
  "date": "20170102",
  "day_of_the_week": "1",
  "holiday_flg": "0",
"price": 100000,
"stock": 10
},
{
  "date": "20170103",
  "day_of_the_week": "2",
  "holiday_flg": "0",
"price": 100000,
"stock": 10
},
{
  "date": "20170104",
  "day_of_the_week": "3",
  "holiday_flg": "0",
"price": 100000,
"stock": 10
},
{
  "date": "20170105",
  "day_of_the_week": "4",
  "holiday_flg": "0",
"price": 100000,
"stock": 10
},
{
  "date": "20170106",
  "day_of_the_week": "5",
  "holiday_flg": "0",
"price": 100000,
"stock": 10
},
{
  "date": "20170107",
  "day_of_the_week": "6",
  "holiday_flg": "0",
"price": 100000,
"stock": 10
},
{
  "date": "20170108",
  "day_of_the_week": "0",
  "holiday_flg": "0",
"price": 100000,
"stock": 10
},
{
  "date": "20170109",
  "day_of_the_week": "1",
  "holiday_flg": "0",
"price": 100000,
"stock": 0
},
{
  "date": "20170110",
  "day_of_the_week": "2",
  "holiday_flg": "0",
"price": 100000,
"stock": 10
},
{
  "date": "20170111",
  "day_of_the_week": "3",
  "holiday_flg": "0",
"price": 100000,
"stock": 10
},
{
  "date": "20170112",
  "day_of_the_week": "4",
  "holiday_flg": "0",
"price": 100000,
"stock": 10
},
{
  "date": "20170113",
  "day_of_the_week": "5",
  "holiday_flg": "0",
"price": 100000,
"stock": 10
},
{
  "date": "20170114",
  "day_of_the_week": "6",
  "holiday_flg": "0",
"price": 100000,
"stock": 10
},
{
  "date": "20170115",
  "day_of_the_week": "0",
  "holiday_flg": "0",
"price": 100000,
"stock": 10
},
{
  "date": "20170116",
  "day_of_the_week": "1",
  "holiday_flg": "0",
"price": 100000,
"stock": 10
},
{
  "date": "20170117",
  "day_of_the_week": "2",
  "holiday_flg": "0",
"price": 100000,
"stock": 10
},
{
  "date": "20170118",
  "day_of_the_week": "3",
  "holiday_flg": "0",
"price": 100000,
"stock": 10
},
{
  "date": "20170119",
  "day_of_the_week": "4",
  "holiday_flg": "0",
"price": 100000,
"stock": 10
},
{
  "date": "20170120",
  "day_of_the_week": "5",
  "holiday_flg": "0",
"price": 100000,
"stock": 10
},
{
  "date": "20170121",
  "day_of_the_week": "6",
  "holiday_flg": "0",
"price": 100000,
"stock": 10
},
{
  "date": "20170122",
  "day_of_the_week": "0",
  "holiday_flg": "0",
"price": 100000,
"stock": 10
},
{
  "date": "20170123",
  "day_of_the_week": "1",
  "holiday_flg": "0",
"price": 100000,
"stock": 10
},
{
  "date": "20170124",
  "day_of_the_week": "2",
  "holiday_flg": "0",
"price": 100000,
"stock": 10
},
{
  "date": "20170125",
  "day_of_the_week": "3",
  "holiday_flg": "1",
"price": 100000,
"stock": 10
},
{
  "date": "20170126",
  "day_of_the_week": "4",
  "holiday_flg": "0",
"price": 100000,
"stock": 10
},
{
  "date": "20170127",
  "day_of_the_week": "5",
  "holiday_flg": "0",
"price": 100000,
"stock": 10
},
{
  "date": "20170128",
  "day_of_the_week": "6",
  "holiday_flg": "0",
"price": 100000,
"stock": 10
},
{
  "date": "20170129",
  "day_of_the_week": "0",
  "holiday_flg": "0",
"price": 100000,
"stock": 10
},
{
  "date": "20170130",
  "day_of_the_week": "1",
  "holiday_flg": "0",
"price": 100000,
"stock": 10
},
{
  "date": "20170131",
  "day_of_the_week": "2",
  "holiday_flg": "0",
"price": 100000,
"stock": 10
}
    ]
  }
}