<env:Envelope xmlns:env="http://schemas.xmlsoap.org/soap/envelope/" xmlns="http://www.anaskyholiday.co.jp/adam/dto/api"
  xmlns:api="http://www.anaskyholiday.co.jp/adam/api">
  <env:Header />
  <env:Body>
    <api:sz0010aResponse>
      <IFASW055IRes>
        <cmnHedInf>
          <reqResCf>2</reqResCf>
          <reqOrgCd>INTERNET</reqOrgCd>
          <pwd>pass9999</pwd>
          <svcKd>IFASW055I</svcKd>
          <mkMsgDt>2018-03-12T17:22:21+09:00</mkMsgDt>
        </cmnHedInf>
        <proRstInf>
          <rstCd>0</rstCd>
        </proRstInf>
        <pnfSchInf>
          <pnfCd>P714002004</pnfCd>
          <dprCd>001</dprCd>
          <dprNm>東京</dprNm>
          <drcCd>02</drcCd>
          <drcNm>北海道</drcNm>
          <pnfNm>＜業追＞東京発北海道下期パンフレット</pnfNm>
          <strTrm>20181107</strTrm>
          <endTrm>20190331</endTrm>
          <cmt>PKG_01-1-5_var1で作成</cmt>
        </pnfSchInf>
        <pnfSchInf>
          <pnfCd>P714002001</pnfCd>
          <dprCd>001</dprCd>
          <dprNm>東京</dprNm>
          <drcCd>02</drcCd>
          <drcNm>北海道</drcNm>
          <pnfNm>【要（共通）】北海道下期パンフレット（全発地）</pnfNm>
          <strTrm>20170824</strTrm>
          <endTrm>20180430</endTrm>
        </pnfSchInf>
        <pnfSchInf>
          <pnfCd>P714002000</pnfCd>
          <dprCd>001</dprCd>
          <dprNm>東京</dprNm>
          <drcCd>02</drcCd>
          <drcNm>北海道</drcNm>
          <pnfNm>【要Ｎｏ．０１】北海道下期パンフレット</pnfNm>
          <strTrm>20170817</strTrm>
          <endTrm>20180430</endTrm>
          <cmt>コメント１
            コメント２
            コメント３</cmt>
          <pdfUrl>http://dummyurl.ana-pamphlet.jp/P7-14002-000/</pdfUrl>
        </pnfSchInf>
        <pnfSchInf>
          <pnfCd>P714003007</pnfCd>
          <dprCd>001</dprCd>
          <dprNm>東京</dprNm>
          <drcCd>03</drcCd>
          <drcNm>沖縄</drcNm>
          <pnfNm>【ＡＳＸ】ＡＮＡスカイホリデー沖縄＜１０－５月＞東京発</pnfNm>
          <strTrm>20171001</strTrm>
          <endTrm>20190515</endTrm>
          <cmt>ああああ</cmt>
          <pdfUrl>http://dummyurl.ana-pamphlet.jp/P7-14003-007/</pdfUrl>
        </pnfSchInf>
        <pnfSchInf>
          <pnfCd>P714003000</pnfCd>
          <dprCd>001</dprCd>
          <dprNm>東京</dprNm>
          <drcCd>03</drcCd>
          <drcNm>沖縄</drcNm>
          <pnfNm>【要Ｎｏ．０１】沖縄下期パンフレット</pnfNm>
          <strTrm>20170822</strTrm>
          <endTrm>20180430</endTrm>
        </pnfSchInf>
        <pnfSchInf>
          <pnfCd>P709707000</pnfCd>
          <dprCd>001</dprCd>
          <dprNm>東京</dprNm>
          <drcCd>07</drcCd>
          <drcNm>関東・甲信越</drcNm>
          <pnfNm>【業ＰＫＧ１－１－５】テストパンフレット</pnfNm>
          <strTrm>20170822</strTrm>
          <endTrm>20180430</endTrm>
          <cmt>テスト</cmt>
          <pdfUrl>http://dummyurl.ana-pamphlet.jp/P7-09707-000/</pdfUrl>
        </pnfSchInf>
        <pnfSchInf>
          <pnfCd>P714014000</pnfCd>
          <dprCd>001</dprCd>
          <dprNm>東京</dprNm>
          <drcCd>14</drcCd>
          <drcNm>北陸</drcNm>
          <pnfNm>【要Ｎｏ．０１】北陸下期パンフレット</pnfNm>
          <strTrm>20170822</strTrm>
          <endTrm>20180430</endTrm>
        </pnfSchInf>
      </IFASW055IRes>
    </api:sz0010aResponse>
  </env:Body>
</env:Envelope>