{
  "db_version_time": "20180118140002",
  "response": {
    "price_list": [{
      "total_price": 16000,
      "room_price_list": null,
      "day": "20180201",
      "days": "4",
      "holiday_flg": "0",
      "stock": 999
    }, {
      "total_price": 16000,
      "room_price_list": null,
      "day": "20180202",
      "days": "5",
      "holiday_flg": "0",
      "stock": 999
    }, {
      "total_price": 16000,
      "room_price_list": null,
      "day": "20180203",
      "days": "6",
      "holiday_flg": "0",
      "stock": 999
    }, {
      "total_price": 16000,
      "room_price_list": null,
      "day": "20180204",
      "days": "0",
      "holiday_flg": "0",
      "stock": 999
    }, {
      "total_price": 16000,
      "room_price_list": null,
      "day": "20180205",
      "days": "1",
      "holiday_flg": "0",
      "stock": 999
    }, {
      "total_price": 16000,
      "room_price_list": null,
      "day": "20180206",
      "days": "2",
      "holiday_flg": "0",
      "stock": 999
    }, {
      "total_price": 16000,
      "room_price_list": null,
      "day": "20180207",
      "days": "3",
      "holiday_flg": "0",
      "stock": 999
    }, {
      "total_price": 16000,
      "room_price_list": null,
      "day": "20180208",
      "days": "4",
      "holiday_flg": "0",
      "stock": 999
    }, {
      "total_price": 16000,
      "room_price_list": null,
      "day": "20180209",
      "days": "5",
      "holiday_flg": "0",
      "stock": 999
    }, {
      "total_price": 16000,
      "room_price_list": null,
      "day": "20180210",
      "days": "6",
      "holiday_flg": "0",
      "stock": 999
    }, {
      "total_price": 16000,
      "room_price_list": null,
      "day": "20180211",
      "days": "0",
      "holiday_flg": "1",
      "stock": 999
    }, {
      "total_price": 16000,
      "room_price_list": null,
      "day": "20180212",
      "days": "1",
      "holiday_flg": "1",
      "stock": 999
    }, {
      "total_price": 16000,
      "room_price_list": null,
      "day": "20180213",
      "days": "2",
      "holiday_flg": "0",
      "stock": 999
    }, {
      "total_price": 16000,
      "room_price_list": null,
      "day": "20180214",
      "days": "3",
      "holiday_flg": "0",
      "stock": 999
    }, {
      "total_price": 16000,
      "room_price_list": null,
      "day": "20180215",
      "days": "4",
      "holiday_flg": "0",
      "stock": 999
    }, {
      "total_price": 16000,
      "room_price_list": null,
      "day": "20180216",
      "days": "5",
      "holiday_flg": "0",
      "stock": 999
    }, {
      "total_price": 16000,
      "room_price_list": null,
      "day": "20180217",
      "days": "6",
      "holiday_flg": "0",
      "stock": 999
    }, {
      "total_price": 16000,
      "room_price_list": null,
      "day": "20180218",
      "days": "0",
      "holiday_flg": "0",
      "stock": 999
    }, {
      "total_price": 16000,
      "room_price_list": null,
      "day": "20180219",
      "days": "1",
      "holiday_flg": "0",
      "stock": 999
    }, {
      "total_price": 16000,
      "room_price_list": [{
        "kind_price": [{
          "kind_type_cd": "001",
          "price": 8000
        }],
        "room_total_price": 16000
      }],
      "day": "20180220",
      "days": "2",
      "holiday_flg": "0",
      "stock": 999
    }, {
      "total_price": 16000,
      "room_price_list": null,
      "day": "20180221",
      "days": "3",
      "holiday_flg": "0",
      "stock": 999
    }, {
      "total_price": 16000,
      "room_price_list": null,
      "day": "20180222",
      "days": "4",
      "holiday_flg": "0",
      "stock": 999
    }, {
      "total_price": 16000,
      "room_price_list": null,
      "day": "20180223",
      "days": "5",
      "holiday_flg": "0",
      "stock": 999
    }, {
      "total_price": 16000,
      "room_price_list": null,
      "day": "20180224",
      "days": "6",
      "holiday_flg": "0",
      "stock": 999
    }, {
      "total_price": 16000,
      "room_price_list": null,
      "day": "20180225",
      "days": "0",
      "holiday_flg": "0",
      "stock": 999
    }, {
      "total_price": 16000,
      "room_price_list": null,
      "day": "20180226",
      "days": "1",
      "holiday_flg": "0",
      "stock": 999
    }, {
      "total_price": 16000,
      "room_price_list": null,
      "day": "20180227",
      "days": "2",
      "holiday_flg": "0",
      "stock": 999
    }, {
      "total_price": 16000,
      "room_price_list": null,
      "day": "20180228",
      "days": "3",
      "holiday_flg": "0",
      "stock": 999
    }]
  }
}