{
  "db_version_time": "20170401100000",
  "response": {
    "price_per_kind": [
      {
        "kind_type_cd": "01",
        "min_price_from": 15000,
        "max_price_to": 15999,
        "price_from": 15111,
        "price_to": 15888      },
      {
        "kind_type_cd": "02",
        "min_price_from": 20000,
        "max_price_to": 20999,
        "price_from": 20111,
        "price_to": 20888
      },
      {
        "kind_type_cd": "03",
        "min_price_from": 12000,
        "max_price_to": 12999,
        "price_from": 12111,
        "price_to": 12111
      },
      {
        "kind_type_cd": "04",
        "min_price_from": 13000,
        "max_price_to": 13999,
        "price_from": 13111,
        "price_to": 13888
      }
    ],
    "calendar": [
      {"date": "20170401","day_of_the_week": "6","holiday_flg": "0","price_from": 40100,"price_to": 40100,"stock": 1},
      {"date": "20170402","day_of_the_week": "0","holiday_flg": "0","price_from": 40200,"price_to": 40200,"stock": 2},
      {"date": "20170403","day_of_the_week": "1","holiday_flg": "0","price_from": 40300,"price_to": 40300,"stock": 3},
      {"date": "20170404","day_of_the_week": "2","holiday_flg": "0","price_from": 40400,"price_to": 40400,"stock": 4},
      {"date": "20170405","day_of_the_week": "3","holiday_flg": "0","price_from": 40500,"price_to": 40500,"stock": 5},
      {"date": "20170406","day_of_the_week": "4","holiday_flg": "0","price_from": 40600,"price_to": 40600,"stock": 6},
      {"date": "20170407","day_of_the_week": "5","holiday_flg": "0","price_from": 40700,"price_to": 40700,"stock": 7},
      {"date": "20170408","day_of_the_week": "6","holiday_flg": "0","price_from": 40800,"price_to": 40800,"stock": 8},
      {"date": "20170409","day_of_the_week": "0","holiday_flg": "0","price_from": 40900,"price_to": 40900,"stock": 9},
      {"date": "20170410","day_of_the_week": "1","holiday_flg": "0","price_from": 41000,"price_to": 41000,"stock": 10},
      {"date": "20170411","day_of_the_week": "2","holiday_flg": "0","price_from": 41100,"price_to": 41199,"stock": 11},
      {"date": "20170412","day_of_the_week": "3","holiday_flg": "0","price_from": 41200,"price_to": 41200,"stock": 12},
      {"date": "20170413","day_of_the_week": "4","holiday_flg": "0","price_from": 41300,"price_to": 41300,"stock": 13},
      {"date": "20170414","day_of_the_week": "5","holiday_flg": "0","price_from": 41400,"price_to": 41400,"stock": 14},
      {"date": "20170415","day_of_the_week": "6","holiday_flg": "0","price_from": 41500,"price_to": 41500,"stock": 99},
      {"date": "20170416","day_of_the_week": "0","holiday_flg": "0","price_from": 41600,"price_to": 41699,"stock": 0},
      {"date": "20170417","day_of_the_week": "1","holiday_flg": "0","price_from": 41700,"price_to": 41700,"stock": 1},
      {"date": "20170418","day_of_the_week": "2","holiday_flg": "0","price_from": 41800,"price_to": 41800,"stock": 2},
      {"date": "20170419","day_of_the_week": "3","holiday_flg": "0","price_from": 41900,"price_to": 41900,"stock": 3},
      {"date": "20170420","day_of_the_week": "4","holiday_flg": "0","price_from": 42000,"price_to": 42099,"stock": 4},
      {"date": "20170421","day_of_the_week": "5","holiday_flg": "0","price_from": 42100,"price_to": 42100,"stock": 5},
      {"date": "20170422","day_of_the_week": "6","holiday_flg": "0","price_from": 42200,"price_to": 42200,"stock": 10},
      {"date": "20170423","day_of_the_week": "0","holiday_flg": "0","price_from": 42300,"price_to": 42300,"stock": 10},
      {"date": "20170424","day_of_the_week": "1","holiday_flg": "0","price_from": 42400,"price_to": 42400,"stock": 10},
      {"date": "20170425","day_of_the_week": "2","holiday_flg": "0","price_from": 42500,"price_to": 42500,"stock": 10},
      {"date": "20170426","day_of_the_week": "3","holiday_flg": "0","price_from": 42600,"price_to": 42600,"stock": 10},
      {"date": "20170427","day_of_the_week": "4","holiday_flg": "0","price_from": 42700,"price_to": 42700,"stock": 10},
      {"date": "20170428","day_of_the_week": "5","holiday_flg": "0","price_from": 42800,"price_to": 42800,"stock": 10},
      {"date": "20170429","day_of_the_week": "6","holiday_flg": "0","price_from": 42900,"price_to": 42900,"stock": 10},
      {"date": "20170430","day_of_the_week": "0","holiday_flg": "0","price_from": 43000,"price_to": 43000,"stock": 10},
      {"date": "20170501","day_of_the_week": "1","holiday_flg": "0","price_from": 50100,"price_to": 50100,"stock": 10},
      {"date": "20170502","day_of_the_week": "2","holiday_flg": "0","price_from": 50200,"price_to": 50200,"stock": 10},
      {"date": "20170503","day_of_the_week": "3","holiday_flg": "1","price_from": 50300,"price_to": 50300,"stock": 10},
      {"date": "20170504","day_of_the_week": "4","holiday_flg": "1","price_from": 50400,"price_to": 50499,"stock": 10},
      {"date": "20170505","day_of_the_week": "5","holiday_flg": "1","price_from": 50500,"price_to": 50500,"stock": 10},
      {"date": "20170506","day_of_the_week": "6","holiday_flg": "0","price_from": 50600,"price_to": 50600,"stock": 10}
    ]
  }
}