{
  "db_version_time": "20160401100000",
  "response": [
    {
      "copt_cd": "00001",
      "facl_cd": "00",
      "facl_nam": "札幌全日空ホテル１",
      "maj_mat_cd": "02",
      "region_cd": "001",
      "area_cd": "001"
    },
    {
      "copt_cd": "00001",
      "facl_cd": "00",
      "facl_nam": "札幌全日空ホテル２",
      "maj_mat_cd": "02",
      "region_cd": "001",
      "area_cd": "001"
    },
    {
      "copt_cd": "00001",
      "facl_cd": "00",
      "facl_nam": "札幌全日空ホテル３",
      "maj_mat_cd": "02",
      "region_cd": "001",
      "area_cd": "001"
    },
    {
      "copt_cd": "00001",
      "facl_cd": "00",
      "facl_nam": "札幌全日空ホテル４",
      "maj_mat_cd": "02",
      "region_cd": "001",
      "area_cd": "001"
    },
    {
      "copt_cd": "00001",
      "facl_cd": "00",
      "facl_nam": "札幌全日空ホテル５",
      "maj_mat_cd": "02",
      "region_cd": "001",
      "area_cd": "001"
    }
  ]
}