{
  "db_version_time": "20160401100000",
  "response": {
    "count": 11,
    "total_pages": 2,
    "display_range_from": 1,
    "display_range_to": 10,
    "tour_list": [
      {
        "web_goods_nam": "嚶鳴フォーラムＩＮ田原＆伊勢神宮めぐり３日間（現地発着プラン）",
        "sub_title": "ANAスカイホリデーフリープラン",
        "goods_cd": "A001A11A21",
        "box_cd": "A001A1",
        "std_dep_cd": "001",
        "std_dep_nam": "東京",
        "dep_airp_nam": "羽田",
        "pic_list": [
          {
            "pic_url_m": "http://10.224.4.129/atd/search/image/I-0-3-img-02.png",
            "pic_url_l": "http://10.224.4.129/atd/search/image/I-0-3-img-02.png",
            "pic_nam": "◯◯の間 ダイニングスペース",
            "represent_flg": "1"
          },
          {
            "pic_url_s": "http://10.224.4.129/atd/search/image/I-0-3-img-03.png",
            "pic_url_m": "http://10.224.4.129/atd/search/image/I-0-3-img-03.png",
            "pic_url_l": "http://10.224.4.129/atd/search/image/I-0-3-img-03.png",
            "pic_nam": "◯◯の間 ダイニングスペース",
            "represent_flg": "0"
          },
          {
            "pic_url_s": "http://10.224.4.129/atd/search/image/I-0-3-img-04.png",
            "pic_url_m": "http://10.224.4.129/atd/search/image/I-0-3-img-04.png",
            "pic_url_l": "http://10.224.4.129/atd/search/image/I-0-3-img-04.png",
            "pic_nam": "◯◯の間 ダイニングスペース",
            "represent_flg": "0"
          }
        ],
        "base_price_from": 5000000,
        "itin_days": 1,
        "max_days": 9,
        "pamphlet_cd": "SA3A050000",
        "pamphlet_title": "旅ドキ北海道（10-5月）＜羽田・成田発＞",
        "pdf_release_flg": "0",
        "dep_nam_list": [
          "東京"
        ],
        "tour_point_cont": "●２０１６年３月３日１４時お申し込み分より代金改定●東京・新潟発は２０１６年２月１０日－３月２日まで掲載していた旅行代金より、一部代金を改定しました！！",
        "tour_point_url": "http://www.-----.com/path/to/contents",
        "stock": 5,
        "prices": {
          "adult": 5000000,
          "child_a": 5000000,
          "child_a_lying": 5000000,
          "child_b": 5000000,
          "child_b_lying": 5000000,
          "total": 5000000
        },
        "tour_attrbutes": {
          "car_flg": "1",
          "ana_card_discount_flg": "1",
          "sp_seat_cf": "1"
        }
      },
      {
        "web_goods_nam": "嚶鳴フォーラムＩＮ田原＆伊勢神宮めぐり３日間（現地発着プラン）",
        "sub_title": "ANAスカイホリデーフリープラン",
        "goods_cd": "A001A11A22",
        "box_cd": "A001A1",
        "std_dep_cd": "001",
        "std_dep_nam": "東京",
        "dep_airp_nam": "羽田",
        "pic_list": [
          {
            "pic_url_m": "http://www.-----.com/path/to/picture.png",
            "pic_nam": "◯◯の間 ダイニングスペース",
            "represent_flg": "1"
          }
        ],
        "base_price_from": 5000000,
        "itin_days": 1,
        "max_days": 9,
        "pamphlet_cd": "SA3A050000",
        "pamphlet_title": "旅ドキ北海道（10-5月）＜羽田・成田発＞",
        "pdf_release_flg": "0",
        "dep_nam_list": [
          "東京"
        ],
        "tour_point_cont": "●２０１６年３月３日１４時お申し込み分より代金改定●東京・新潟発は２０１６年２月１０日－３月２日まで掲載していた旅行代金より、一部代金を改定しました！！",
        "tour_point_url": "http://www.-----.com/path/to/contents",
        "stock": 5,
        "prices": {
          "adult": 5000000,
          "child_a": 5000000,
          "child_a_lying": 5000000,
          "child_b": 5000000,
          "child_b_lying": 5000000,
          "total": 5000000
        },
        "tour_attrbutes": {
          "car_flg": "1",
          "ana_card_discount_flg": "1",
          "sp_seat_cf": "1"
        }
      },
      {
        "web_goods_nam": "嚶鳴フォーラムＩＮ田原＆伊勢神宮めぐり３日間（現地発着プラン）",
        "sub_title": "ANAスカイホリデーフリープラン",
        "goods_cd": "A001A11A23",
        "box_cd": "A001A1",
        "std_dep_cd": "001",
        "std_dep_nam": "東京",
        "dep_airp_nam": "羽田",
        "pic_list": [
          {
            "pic_url_m": "http://www.-----.com/path/to/picture.png",
            "pic_nam": "◯◯の間 ダイニングスペース",
            "represent_flg": "1"
          }
        ],
        "base_price_from": 5000000,
        "itin_days": 1,
        "max_days": 9,
        "pamphlet_cd": "SA3A050000",
        "pamphlet_title": "旅ドキ北海道（10-5月）＜羽田・成田発＞",
        "pdf_release_flg": "0",
        "dep_nam_list": [
          "東京"
        ],
        "tour_point_cont": "●２０１６年３月３日１４時お申し込み分より代金改定●東京・新潟発は２０１６年２月１０日－３月２日まで掲載していた旅行代金より、一部代金を改定しました！！",
        "tour_point_url": "http://www.-----.com/path/to/contents",
        "stock": 5,
        "prices": {
          "adult": 5000000,
          "child_a": 5000000,
          "child_a_lying": 5000000,
          "child_b": 5000000,
          "child_b_lying": 5000000,
          "total": 5000000
        },
        "tour_attrbutes": {
          "car_flg": "1",
          "ana_card_discount_flg": "1",
          "sp_seat_cf": "1"
        }
      },
      {
        "web_goods_nam": "嚶鳴フォーラムＩＮ田原＆伊勢神宮めぐり３日間（現地発着プラン）",
        "sub_title": "ANAスカイホリデーフリープラン",
        "goods_cd": "A001A11A24",
        "box_cd": "A001A1",
        "std_dep_cd": "001",
        "std_dep_nam": "東京",
        "dep_airp_nam": "羽田",
        "pic_list": [
          {
            "pic_url_m": "http://www.-----.com/path/to/picture.png",
            "pic_nam": "◯◯の間 ダイニングスペース",
            "represent_flg": "1"
          }
        ],
        "base_price_from": 5000000,
        "itin_days": 1,
        "max_days": 9,
        "pamphlet_cd": "SA3A050000",
        "pamphlet_title": "旅ドキ北海道（10-5月）＜羽田・成田発＞",
        "pdf_release_flg": "0",
        "dep_nam_list": [
          "東京"
        ],
        "tour_point_cont": "●２０１６年３月３日１４時お申し込み分より代金改定●東京・新潟発は２０１６年２月１０日－３月２日まで掲載していた旅行代金より、一部代金を改定しました！！",
        "tour_point_url": "http://www.-----.com/path/to/contents",
        "stock": 5,
        "prices": {
          "adult": 5000000,
          "child_a": 5000000,
          "child_a_lying": 5000000,
          "child_b": 5000000,
          "child_b_lying": 5000000,
          "total": 5000000
        },
        "tour_attrbutes": {
          "car_flg": "1",
          "ana_card_discount_flg": "1",
          "sp_seat_cf": "1"
        }
      },
      {
        "web_goods_nam": "嚶鳴フォーラムＩＮ田原＆伊勢神宮めぐり３日間（現地発着プラン）",
        "sub_title": "ANAスカイホリデーフリープラン",
        "goods_cd": "A001A11A25",
        "box_cd": "A001A1",
        "std_dep_cd": "001",
        "std_dep_nam": "東京",
        "dep_airp_nam": "羽田",
        "pic_list": [
          {
            "pic_url_m": "http://www.-----.com/path/to/picture.png",
            "pic_nam": "◯◯の間 ダイニングスペース",
            "represent_flg": "1"
          }
        ],
        "base_price_from": 5000000,
        "itin_days": 1,
        "max_days": 9,
        "pamphlet_cd": "SA3A050000",
        "pamphlet_title": "旅ドキ北海道（10-5月）＜羽田・成田発＞",
        "pdf_release_flg": "0",
        "dep_nam_list": [
          "東京"
        ],
        "tour_point_cont": "●２０１６年３月３日１４時お申し込み分より代金改定●東京・新潟発は２０１６年２月１０日－３月２日まで掲載していた旅行代金より、一部代金を改定しました！！",
        "tour_point_url": "http://www.-----.com/path/to/contents",
        "stock": 5,
        "prices": {
          "adult": 5000000,
          "child_a": 5000000,
          "child_a_lying": 5000000,
          "child_b": 5000000,
          "child_b_lying": 5000000,
          "total": 5000000
        },
        "tour_attrbutes": {
          "car_flg": "1",
          "ana_card_discount_flg": "1",
          "sp_seat_cf": "1"
        }
      },
      {
        "web_goods_nam": "嚶鳴フォーラムＩＮ田原＆伊勢神宮めぐり３日間（現地発着プラン）",
        "sub_title": "ANAスカイホリデーフリープラン",
        "goods_cd": "A001A11A26",
        "box_cd": "A001A1",
        "std_dep_cd": "001",
        "std_dep_nam": "東京",
        "dep_airp_nam": "羽田",
        "pic_list": [
          {
            "pic_url_m": "http://www.-----.com/path/to/picture.png",
            "pic_nam": "◯◯の間 ダイニングスペース",
            "represent_flg": "1"
          }
        ],
        "base_price_from": 5000000,
        "itin_days": 1,
        "max_days": 9,
        "pamphlet_cd": "SA3A050000",
        "pamphlet_title": "旅ドキ北海道（10-5月）＜羽田・成田発＞",
        "pdf_release_flg": "0",
        "dep_nam_list": [
          "東京"
        ],
        "tour_point_cont": "●２０１６年３月３日１４時お申し込み分より代金改定●東京・新潟発は２０１６年２月１０日－３月２日まで掲載していた旅行代金より、一部代金を改定しました！！",
        "tour_point_url": "http://www.-----.com/path/to/contents",
        "stock": 5,
        "prices": {
          "adult": 5000000,
          "child_a": 5000000,
          "child_a_lying": 5000000,
          "child_b": 5000000,
          "child_b_lying": 5000000,
          "total": 5000000
        },
        "tour_attrbutes": {
          "car_flg": "1",
          "ana_card_discount_flg": "1",
          "sp_seat_cf": "1"
        }
      },
      {
        "web_goods_nam": "嚶鳴フォーラムＩＮ田原＆伊勢神宮めぐり３日間（現地発着プラン）",
        "sub_title": "ANAスカイホリデーフリープラン",
        "goods_cd": "A001A11A27",
        "box_cd": "A001A1",
        "std_dep_cd": "001",
        "std_dep_nam": "東京",
        "dep_airp_nam": "羽田",
        "pic_list": [
          {
            "pic_url_m": "http://www.-----.com/path/to/picture.png",
            "pic_nam": "◯◯の間 ダイニングスペース",
            "represent_flg": "1"
          }
        ],
        "base_price_from": 5000000,
        "itin_days": 1,
        "max_days": 9,
        "pamphlet_cd": "SA3A050000",
        "pamphlet_title": "旅ドキ北海道（10-5月）＜羽田・成田発＞",
        "pdf_release_flg": "0",
        "dep_nam_list": [
          "東京"
        ],
        "tour_point_cont": "●２０１６年３月３日１４時お申し込み分より代金改定●東京・新潟発は２０１６年２月１０日－３月２日まで掲載していた旅行代金より、一部代金を改定しました！！",
        "tour_point_url": "http://www.-----.com/path/to/contents",
        "stock": 5,
        "prices": {
          "adult": 5000000,
          "child_a": 5000000,
          "child_a_lying": 5000000,
          "child_b": 5000000,
          "child_b_lying": 5000000,
          "total": 5000000
        },
        "tour_attrbutes": {
          "car_flg": "1",
          "ana_card_discount_flg": "1",
          "sp_seat_cf": "1"
        }
      },
      {
        "web_goods_nam": "嚶鳴フォーラムＩＮ田原＆伊勢神宮めぐり３日間（現地発着プラン）",
        "sub_title": "ANAスカイホリデーフリープラン",
        "goods_cd": "A001A11A28",
        "box_cd": "A001A1",
        "std_dep_cd": "001",
        "std_dep_nam": "東京",
        "dep_airp_nam": "羽田",
        "pic_list": [
          {
            "pic_url_m": "http://www.-----.com/path/to/picture.png",
            "pic_nam": "◯◯の間 ダイニングスペース",
            "represent_flg": "1"
          }
        ],
        "base_price_from": 5000000,
        "itin_days": 1,
        "max_days": 9,
        "pamphlet_cd": "SA3A050000",
        "pamphlet_title": "旅ドキ北海道（10-5月）＜羽田・成田発＞",
        "pdf_release_flg": "0",
        "dep_nam_list": [
          "東京"
        ],
        "tour_point_cont": "●２０１６年３月３日１４時お申し込み分より代金改定●東京・新潟発は２０１６年２月１０日－３月２日まで掲載していた旅行代金より、一部代金を改定しました！！",
        "tour_point_url": "http://www.-----.com/path/to/contents",
        "stock": 5,
        "prices": {
          "adult": 5000000,
          "child_a": 5000000,
          "child_a_lying": 5000000,
          "child_b": 5000000,
          "child_b_lying": 5000000,
          "total": 5000000
        },
        "tour_attrbutes": {
          "car_flg": "1",
          "ana_card_discount_flg": "1",
          "sp_seat_cf": "1"
        }
      },
      {
        "web_goods_nam": "嚶鳴フォーラムＩＮ田原＆伊勢神宮めぐり３日間（現地発着プラン）",
        "sub_title": "ANAスカイホリデーフリープラン",
        "goods_cd": "A001A11A29",
        "box_cd": "A001A1",
        "std_dep_cd": "001",
        "std_dep_nam": "東京",
        "dep_airp_nam": "羽田",
        "pic_list": [
          {
            "pic_url_m": "http://www.-----.com/path/to/picture.png",
            "pic_nam": "◯◯の間 ダイニングスペース",
            "represent_flg": "1"
          }
        ],
        "base_price_from": 5000000,
        "itin_days": 1,
        "max_days": 9,
        "pamphlet_cd": "SA3A050000",
        "pamphlet_title": "旅ドキ北海道（10-5月）＜羽田・成田発＞",
        "pdf_release_flg": "0",
        "dep_nam_list": [
          "東京"
        ],
        "tour_point_cont": "●２０１６年３月３日１４時お申し込み分より代金改定●東京・新潟発は２０１６年２月１０日－３月２日まで掲載していた旅行代金より、一部代金を改定しました！！",
        "tour_point_url": "http://www.-----.com/path/to/contents",
        "stock": 5,
        "prices": {
          "adult": 5000000,
          "child_a": 5000000,
          "child_a_lying": 5000000,
          "child_b": 5000000,
          "child_b_lying": 5000000,
          "total": 5000000
        },
        "tour_attrbutes": {
          "car_flg": "1",
          "ana_card_discount_flg": "1",
          "sp_seat_cf": "1"
        }
      },
      {
        "web_goods_nam": "嚶鳴フォーラムＩＮ田原＆伊勢神宮めぐり３日間（現地発着プラン）",
        "sub_title": "ANAスカイホリデーフリープラン",
        "goods_cd": "A001A11A30",
        "box_cd": "A001A1",
        "std_dep_cd": "001",
        "std_dep_nam": "東京",
        "dep_airp_nam": "羽田",
        "pic_list": [
          {
            "pic_url_m": "http://www.-----.com/path/to/picture.png",
            "pic_nam": "◯◯の間 ダイニングスペース",
            "represent_flg": "1"
          }
        ],
        "base_price_from": 5000000,
        "itin_days": 1,
        "max_days": 9,
        "pamphlet_cd": "SA3A050000",
        "pamphlet_title": "旅ドキ北海道（10-5月）＜羽田・成田発＞",
        "pdf_release_flg": "0",
        "dep_nam_list": [
          "東京"
        ],
        "tour_point_cont": "●２０１６年３月３日１４時お申し込み分より代金改定●東京・新潟発は２０１６年２月１０日－３月２日まで掲載していた旅行代金より、一部代金を改定しました！！",
        "tour_point_url": "http://www.-----.com/path/to/contents",
        "stock": 5,
        "prices": {
          "adult": 5000000,
          "child_a": 5000000,
          "child_a_lying": 5000000,
          "child_b": 5000000,
          "child_b_lying": 5000000,
          "total": 5000000
        },
        "tour_attrbutes": {
          "car_flg": "1",
          "ana_card_discount_flg": "1",
          "sp_seat_cf": "1"
        }
      },
      {
        "web_goods_nam": "嚶鳴フォーラムＩＮ田原＆伊勢神宮めぐり３日間（現地発着プラン）",
        "sub_title": "ANAスカイホリデーフリープラン",
        "goods_cd": "A001A11A31",
        "box_cd": "A001A1",
        "std_dep_cd": "001",
        "std_dep_nam": "東京",
        "dep_airp_nam": "羽田",
        "pic_list": [
          {
            "pic_url_m": "http://www.-----.com/path/to/picture.png",
            "pic_nam": "◯◯の間 ダイニングスペース",
            "represent_flg": "1"
          }
        ],
        "base_price_from": 5000000,
        "itin_days": 1,
        "max_days": 9,
        "pamphlet_cd": "SA3A050000",
        "pamphlet_title": "旅ドキ北海道（10-5月）＜羽田・成田発＞",
        "pdf_release_flg": "0",
        "dep_nam_list": [
          "東京"
        ],
        "tour_point_cont": "●２０１６年３月３日１４時お申し込み分より代金改定●東京・新潟発は２０１６年２月１０日－３月２日まで掲載していた旅行代金より、一部代金を改定しました！！",
        "tour_point_url": "http://www.-----.com/path/to/contents",
        "stock": 5,
        "prices": {
          "adult": 5000000,
          "child_a": 5000000,
          "child_a_lying": 5000000,
          "child_b": 5000000,
          "child_b_lying": 5000000,
          "total": 5000000
        },
        "tour_attrbutes": {
          "car_flg": "1",
          "ana_card_discount_flg": "1",
          "sp_seat_cf": "1"
        }
      }
    ]
  }
}
