{
  "db_version_time": "20160401100000",
  "response": {
    "kind_info": [
      {
        "kind_type_cd": "001",
        "kind_name": "大人",
        "obj_age_from": 20,
        "obj_age_to": 60,
        "note": "\u7A2E\u5225\u5099\u8003",
        "num_p_to" : 1
      },
      {
        "kind_type_cd": "102",
        "kind_name": "子供１",
        "obj_age_from": 60,
        "obj_age_to": 80,
        "note": "\u7A2E\u5225\u5099\u8003",
        "num_p_to" : 1
      },
      {
        "kind_type_cd": "103",
        "kind_name": "子供２",
        "obj_age_from": 3,
        "obj_age_to": 12,
        "note": "\u7A2E\u5225\u5099\u8003",
        "num_p_to" : 1
      },
      {
        "kind_type_cd": "104",
        "kind_name": "子供３",
        "obj_age_from": 13,
        "obj_age_to": 19,
        "note": "\u7A2E\u5225\u5099\u8003",
        "num_p_to" : 1
      }
    ]
  }
}