<env:Envelope xmlns:env="http://schemas.xmlsoap.org/soap/envelope/" xmlns="http://www.anaskyholiday.co.jp/adam/dto/api"
  xmlns:api="http://www.anaskyholiday.co.jp/adam/api">
  <env:Header />
  <env:Body>
    <api:sa0010aResponse>
      <IFASW001IRes>
        <cmnHedInf>
          <reqResCf>2</reqResCf>
          <reqOrgCd>INTERNET</reqOrgCd>
          <pwd>pass9999</pwd>
          <svcKd>IFASW001I</svcKd>
          <mkMsgDt>2018-07-19T17:25:36+09:00</mkMsgDt>
        </cmnHedInf>
        <proRstInf>
          <rstCd>0</rstCd>
        </proRstInf>
        <rvFbtTrmInfLst>
          <ntsMsgGetCnd>
            <cpCd>00026</cpCd>
            <fcCd>06</fcCd>
            <stlNo>#002</stlNo>
            <useDd>20180826</useDd>
          </ntsMsgGetCnd>
        </rvFbtTrmInfLst>
        <rvFbtTrmInfLst>
          <ntsMsgGetCnd>
            <cpCd>00026</cpCd>
            <fcCd>06</fcCd>
            <useDd>20180826</useDd>
          </ntsMsgGetCnd>
        </rvFbtTrmInfLst>
        <rvFbtTrmInfLst>
          <ntsMsgGetCnd>
            <cpCd>00026</cpCd>
            <fcCd>06</fcCd>
            <plCd>S00000</plCd>
            <useDd>20180826</useDd>
          </ntsMsgGetCnd>
        </rvFbtTrmInfLst>
      </IFASW001IRes>
    </api:sa0010aResponse>
  </env:Body>
</env:Envelope>