<soapenv:Envelope xmlns:soapenv="http://schemas.xmlsoap.org/soap/envelope/" xmlns:api="http://www.anaskyholiday.co.jp/adam/api"
  xmlns:api1="http://www.anaskyholiday.co.jp/adam/dto/api">
  <soapenv:Header />
  <soapenv:Body>
    <api:sa0010aResponse>
      <!--Optional: -->
      <api1:IFASW001IRes>
			<cmnHedInf>
				<reqResCf>2</reqResCf>
				<reqOrgCd>INTERNET</reqOrgCd>
				<pwd>P@ssw0rd</pwd>
				<svcKd>IFASW001I</svcKd>
				<mkMsgDt>2017-01-30T06:30:15.123</mkMsgDt>
				<spStId>AIRDO</spStId>
			</cmnHedInf>
			<proRstInf>
				<rstCd>0</rstCd>
				<lstUpdDtInf>
					<rcNo>AA000001</rcNo>
					<lstUpdDt>2017-01-30T06:30:15.123</lstUpdDt>
				</lstUpdDtInf>
			</proRstInf>
			<rvFbtTrmInfLst>
				<ntsMsgGetCnd>
					<cpCd>10294</cpCd>
					<fcCd>02</fcCd>
					<plCd>W0443A</plCd>
					<stlNo/>
					<useDd>20170510</useDd>
				</ntsMsgGetCnd>
				<rvFbtTrmInf>
					<rvFbtTrmNo>1</rvFbtTrmNo>
					<rvFbtCf>2</rvFbtCf>
					<plCd>W0443A</plCd>
					<stlNo/>
					<msgConCf>1</msgConCf>
					<stgTrmFlg>0</stgTrmFlg>
					<rvFbtFrm>20170101</rvFbtFrm>
					<rvFbtTo>20171231</rvFbtTo>
					<Mo>1</Mo>
					<Tu>1</Tu>
					<We>1</We>
					<Th>1</Th>
					<Fr>1</Fr>
					<Sa>1</Sa>
					<Su>1</Su>
					<rvFbtRsn>露天風呂改装工事のためクローズ</rvFbtRsn>
					<dspLvl>0</dspLvl>
					<stcCf>0</stcCf>
				</rvFbtTrmInf>
			</rvFbtTrmInfLst>
			<rvFbtTrmInfLst>
				<ntsMsgGetCnd>
					<cpCd>10294</cpCd>
					<fcCd>02</fcCd>
					<plCd/>
					<stlNo>#001</stlNo>
					<useDd>20170510</useDd>
				</ntsMsgGetCnd>
				<rvFbtTrmInf>
					<rvFbtTrmNo>2</rvFbtTrmNo>
					<rvFbtCf>2</rvFbtCf>
					<plCd/>
					<stlNo>#001</stlNo>
					<msgConCf>1</msgConCf>
					<stgTrmFlg>0</stgTrmFlg>
					<rvFbtFrm>20170101</rvFbtFrm>
					<rvFbtTo>20171231</rvFbtTo>
					<Mo>1</Mo>
					<Tu>1</Tu>
					<We>1</We>
					<Th>1</Th>
					<Fr>1</Fr>
					<Sa>1</Sa>
					<Su>1</Su>
					<rvFbtRsn>蟹が取れないので、禁止</rvFbtRsn>
					<dspLvl>0</dspLvl>
				</rvFbtTrmInf>
			</rvFbtTrmInfLst>
			<rvFbtTrmInfLst>
				<ntsMsgGetCnd>
					<cpCd>10294</cpCd>
					<fcCd>02</fcCd>
					<plCd/>
					<stlNo/>
					<useDd>20170510</useDd>
				</ntsMsgGetCnd>
				<rvFbtTrmInf>
					<rvFbtTrmNo>3</rvFbtTrmNo>
					<rvFbtCf>0</rvFbtCf>
					<plCd/>
					<stlNo/>
					<msgConCf>0</msgConCf>
					<stgTrmFlg>1</stgTrmFlg>
					<rvFbtFrm>20170510</rvFbtFrm>
					<rvFbtTo>20170511</rvFbtTo>
					<Mo>1</Mo>
					<Tu>1</Tu>
					<We>1</We>
					<Th>1</Th>
					<Fr>1</Fr>
					<Sa>1</Sa>
					<Su>1</Su>
					<rvFbtRsn>休館日</rvFbtRsn>
					<dspLvl>0</dspLvl>
				</rvFbtTrmInf>
			</rvFbtTrmInfLst>
      </api1:IFASW001IRes>
    </api:sa0010aResponse>
  </soapenv:Body>
</soapenv:Envelope>