{
  "db_version_time": "20180129133002",
  "response": {
    "total_price": -1000,
    "entries": [{
      "entry": "001",
      "price": -500,
      "std_price": 0,
      "airs": [{
        "key": "B073A11AA1:001:1:2:1:NH:0461:2:20181101",
        "upgrade_nam": "往路Ｉフライト追加代金",
        "add_selling_price": -500
      }],
      "hotels": null,
      "options": null
    }, {
      "entry": "001",
      "price": -500,
      "std_price": 0,
      "airs": [{
        "key": "B073A11AA1:001:1:2:1:NH:0461:2:20181101",
        "upgrade_nam": "往路Ｉフライト追加代金",
        "add_selling_price": -500
      }],
      "hotels": null,
      "options": null
    }, {
      "entry": "002",
      "price": -500,
      "std_price": 0,
      "airs": [{
        "key": "B073A11AA1:001:1:2:1:NH:0461:2:20181101",
        "upgrade_nam": "往路Ｉフライト追加代金",
        "add_selling_price": -500
      }],
      "hotels": null,
      "options": null
    }, {
      "entry": "002",
      "price": -500,
      "std_price": 0,
      "airs": [{
        "key": "B073A11AA1:001:1:2:1:NH:0461:2:20181101",
        "upgrade_nam": "往路Ｉフライト追加代金",
        "add_selling_price": -500
      }],
      "hotels": null,
      "options": null
    }],
    "rsv_forbid_list": null,
    "error": null
  }
}