{
  "db_version_time": "20160401100000",
  "response": {
    "count": 5,
    "total_pages": 10,
    "display_range_from": 5,
    "display_range_to": 5,
    "location_count": [
      {
        "maj_mat_cd": "02",
        "disp_order": 1,
        "count": 5,
        "count_without_criteria": 5,
        "regions": [
          {
            "region_cd": "001",
            "disp_order": 1,
            "count": 5,
            "count_without_criteria": 5,
            "areas": [
              {
                "area_cd": "001",
                "disp_order": 1,
                "count": 5,
                "count_without_criteria": 5
              }
            ]
          }
        ]
      }
    ],
    "hotel_list": [
      {
        "copt_cd": "00001",
        "facl_cd": "00",
        "maj_mat_cd": "02",
        "region_cd": "001",
        "area_cd": "001",
        "facl_nam": "札幌全日空ホテル",
        "zip_cd": "000-0000",
        "adrs": "和歌山市毛見１５２７番地",
        "latitude": "111.111111",
        "longitude": "40.222222",
        "facl_images": [
          {
            "pic_url_s": "http://www.domain.com/path/to/contents",
            "pic_url_m": "http://www.domain.com/path/to/contents",
            "pic_url_l": "http://www.domain.com/path/to/contents",
            "pic_url_o": "http://www.domain.com/path/to/contents",
            "pic_nam": "◯◯の間 ダイニングスペース",
            "pic_comment": "画像のコメントです"
          }
        ],
        "access": {
          "nearest_airp": [
            {
              "airp_cd": "HND",
              "arr_point": "ZZZZ駅",
              "car_tra_bus_shp_cf": "0",
              "ctbs_min_tm_required": 10,
              "ctbs_max_tm_required": 20,
              "other_nam": "ICから車",
              "ctbs_special_mention": "徒歩",
              "ctbs_sm_min_tm_required": 30,
              "ctbs_sm_max_tm_required": 40,
              "nearest_airp_note": "最寄空港から徒歩３０分"
            }
          ],
          "nearest_sta": [
            {
              "nearest_sta_trans": "AAAバス",
              "nearest_route_nam": "BBB線",
              "nearest_sta_nam": "CCC駅",
              "walk_car_shp_cf": "0",
              "tm_required": 50
            }
          ]
        },
        "tripadvisor": {
          "rate": 3.5,
          "image_url": "http://localhost:8080/csm/resources/image/tripadvisor-logo.png",
          "count": 5,
          "url": "https://www.google.co.jp/"
        },
        "dp_supplier_flg": "1",
        "plan_cont": 5,
        "plan_list": [
          {
            "cart_key_dp_hotel": "HHHHHHHHHHHHHHHHHHHH",
            "plan_cd": "000000",
            "product_cd": "00",
            "stock_limits_no":"123",
            "plan_nam": "専用枠パッケージオプションプラン",
            "for_rsv_nam": "禁煙　洋室（1名）　シングル",
            "use_pre_req_no": "001",
            "use_pre_req_nam": "１名１室",
            "use_pre_req_dtl": "利用条件詳細１",
            "use_pre_req_unit": "1",
            "disp_use_req_unit_nam": "室",
            "roomtype_cd": "03",
            "roomtype_nam": "洋室(ツイン)",
            "min_room_area": "20",
            "max_room_area": "40",
            "room_unit_flg": "0",
            "conductor_flg": "1",
            "meal_conditions": [
              {
                "meal_pre_req_no": "1",
                "meal_pre_requis_nam": "夕食"
              }
            ],
            "price_per_kind": [
              {
                "kind_type_cd": "001",
                "kind_type_nam": "大人",
                "kind_type_price": 5000000
              }
            ],
            "price_with_air": 5000000,
            "stock": 5,
            "nights_poss_from": 5,
            "nights_poss_to": 5
          }
        ]
      }
    ]
  }
}