{
  "db_version_time": "20180714230000",
  "response": {
    "count": 3,
    "total_pages": 1,
    "display_range_from": 1,
    "display_range_to": 3,
    "plan_list": [{
      "day_list": [{
        "cart_key_tour_hotel": "00:00:B004A11AA1:10278:00:S00001:#014:002:016:00002077:20181108:1",
        "itin_hndl_no": "00002077",
        "folder_no": "016",
        "upgrade_cf": "H",
        "upgrade_no": "03661"
      }],
      "plan_cd": "S00001",
      "product_cd": "00",
      "stock_limits_no": "#014",
      "stock_limits_nam": "喫煙可　洋室（１－２名）　ツイン　クラブデラックス",
      "use_pre_req_no": "002",
      "plan_nam": "１８下期個人（朝）プレミアムチョイス専用",
      "use_pre_req_nam": "２名１室利用（１６歳未満（含：乳幼児の添い寝）利用不可）",
      "use_pre_req_dtl": "＊１６歳未満（含：乳幼児の添い寝）のお子様はご利用いただけません。",
      "for_rsv_nam": "喫煙可　洋室　ツイン　クラブデラックス",
      "roomtype_cd": "05",
      "roomtype_nam": "洋室（ツイン）",
      "meal_conditions": [{
        "meal_pre_req_no": "0",
        "meal_pre_requis_nam": "朝食"
      }],
      "use_pre_req_unit": "1",
      "disp_use_req_unit_nam": "室",
      "stock": 3,
      "lay_side_flg": "0",
      "kids_lay_side_flg": "0",
      "min_room_area": null,
      "max_room_area": null,
      "room_unit_flg": null,
      "num_p_to": 2,
      "add_selling_price_list": {
        "adult": 39000,
        "child_a": 0,
        "child_b": 0
      },
      "adult_kind_type_cd": "001",
      "child_a_kind_type_cd": "100",
      "child_b_kind_type_cd": "120",
      "child_a_lying_kind_type_cd": "103",
      "child_b_lying_kind_type_cd": "123"
    }, {
      "day_list": [{
        "cart_key_tour_hotel": "00:00:B004A11AA1:10278:00:S00001:#004:002:016:00002077:20181108:1",
        "itin_hndl_no": "00002077",
        "folder_no": "016",
        "upgrade_cf": "H",
        "upgrade_no": "03662"
      }, {
        "cart_key_tour_hotel": "00:00:B004A11AA1:10278:00:S00001:#004:002:016:00002077:20181108:2",
        "itin_hndl_no": "00002077",
        "folder_no": "016",
        "upgrade_cf": "H",
        "upgrade_no": "03662"
      }],
      "plan_cd": "S00001",
      "product_cd": "00",
      "stock_limits_no": "#004",
      "stock_limits_nam": "喫煙可　洋室（１－２名）　ツイン　クラブラグジュアリー",
      "use_pre_req_no": "002",
      "plan_nam": "１８下期個人（朝）プレミアムチョイス専用",
      "use_pre_req_nam": "２名１室利用（１６歳未満（含：乳幼児の添い寝）利用不可）",
      "use_pre_req_dtl": "＊１６歳未満（含：乳幼児の添い寝）のお子様はご利用いただけません。",
      "for_rsv_nam": "喫煙可　洋室　ツイン　クラブラグジュアリー",
      "roomtype_cd": "05",
      "roomtype_nam": "洋室（ツイン）",
      "meal_conditions": [{
        "meal_pre_req_no": "0",
        "meal_pre_requis_nam": "朝食"
      }],
      "use_pre_req_unit": "1",
      "disp_use_req_unit_nam": "室",
      "stock": 1,
      "lay_side_flg": "0",
      "kids_lay_side_flg": "0",
      "min_room_area": null,
      "max_room_area": null,
      "room_unit_flg": null,
      "num_p_to": 2,
      "add_selling_price_list": {
        "adult": 53000,
        "child_a": 0,
        "child_b": 0
      },
      "adult_kind_type_cd": "001",
      "child_a_kind_type_cd": "100",
      "child_b_kind_type_cd": "120",
      "child_a_lying_kind_type_cd": "103",
      "child_b_lying_kind_type_cd": "123"
    }, {
      "day_list": [{
        "cart_key_tour_hotel": "00:00:B004A11AA1:10278:00:S00001:#009:002:016:00002077:20181108:1",
        "itin_hndl_no": "00002077",
        "folder_no": "016",
        "upgrade_cf": "H",
        "upgrade_no": "03663"
      }, {
        "cart_key_tour_hotel": "00:00:B004A11AA1:10278:00:S00001:#009:002:016:00002077:20181108:2",
        "itin_hndl_no": "00002077",
        "folder_no": "016",
        "upgrade_cf": "H",
        "upgrade_no": "03663"
      }],
      "plan_cd": "S00001",
      "product_cd": "00",
      "stock_limits_no": "#009",
      "stock_limits_nam": "喫煙可　洋室（１－２名）　ツイン　プレミアガーデン",
      "use_pre_req_no": "002",
      "plan_nam": "１８下期個人（朝）プレミアムチョイス専用",
      "use_pre_req_nam": "２名１室利用（１６歳未満（含：乳幼児の添い寝）利用不可）",
      "use_pre_req_dtl": "＊１６歳未満（含：乳幼児の添い寝）のお子様はご利用いただけません。",
      "for_rsv_nam": "喫煙可　洋室　ツイン　プレミアガーデン",
      "roomtype_cd": "05",
      "roomtype_nam": "洋室（ツイン）",
      "meal_conditions": [{
        "meal_pre_req_no": "0",
        "meal_pre_requis_nam": "朝食"
      }],
      "use_pre_req_unit": "1",
      "disp_use_req_unit_nam": "室",
      "stock": 1,
      "lay_side_flg": "0",
      "kids_lay_side_flg": "0",
      "min_room_area": null,
      "max_room_area": null,
      "room_unit_flg": null,
      "num_p_to": 2,
      "add_selling_price_list": {
        "adult": 73000,
        "child_a": 0,
        "child_b": 0
      },
      "adult_kind_type_cd": "001",
      "child_a_kind_type_cd": "100",
      "child_b_kind_type_cd": "120",
      "child_a_lying_kind_type_cd": "103",
      "child_b_lying_kind_type_cd": "123"
    }],
    "maj_mat_cd": "03",
    "region_cd": "101",
    "area_cd": "102",
    "maj_mat_nam": "沖縄",
    "region_nam": "本島・伊江島・慶良間諸島",
    "area_nam": "名護・恩納・本部・今帰仁・その他",
    "copt_cd": "10278",
    "facl_cd": "00",
    "facl_nam": "ジ・アッタテラス　クラブタワーズ",
    "dp_supplier_flg": "0",
    "facl_images": [{
      "pic_nam": "ビーチクラブ",
      "pic_url_l": "https://image.aims.ana.co.jp/1027800/images/1027800_00313_l.jpg",
      "pic_url_m": "https://image.aims.ana.co.jp/1027800/images/1027800_00313_m.jpg",
      "pic_url_o": null,
      "pic_url_s": "https://image.aims.ana.co.jp/1027800/images/1027800_00313_s.jpg",
      "pic_comment": null
    }, {
      "pic_nam": "クラブデラックス バスルーム",
      "pic_url_l": "https://image.aims.ana.co.jp/1027800/images/1027800_00286_l.jpg",
      "pic_url_m": "https://image.aims.ana.co.jp/1027800/images/1027800_00286_m.jpg",
      "pic_url_o": null,
      "pic_url_s": "https://image.aims.ana.co.jp/1027800/images/1027800_00286_s.jpg",
      "pic_comment": null
    }, {
      "pic_nam": "アウトドアプール",
      "pic_url_l": "https://image.aims.ana.co.jp/1027800/images/1027800_00252_l.jpg",
      "pic_url_m": "https://image.aims.ana.co.jp/1027800/images/1027800_00252_m.jpg",
      "pic_url_o": null,
      "pic_url_s": "https://image.aims.ana.co.jp/1027800/images/1027800_00252_s.jpg",
      "pic_comment": null
    }],
    "zip_cd": "904-0402",
    "adrs": "沖縄県国頭郡恩納村安富祖１０７９番地",
    "access": {
      "nearest_airp": [
        {
          "airp_cd": "HND",
          "arr_point": "ZZZZ駅",
          "car_tra_bus_shp_cf": "0",
          "ctbs_min_tm_required": 10,
          "ctbs_max_tm_required": 20,
          "other_nam": "ICから自転車",
          "ctbs_special_mention": "徒歩",
          "ctbs_sm_min_tm_required": 30,
          "ctbs_sm_max_tm_required": 40,
          "nearest_airp_note": "最寄空港から徒歩３０分"
        }
      ],
      "nearest_sta": [
        {
          "nearest_sta_trans": "AAAバス",
          "nearest_route_nam": "BBB線",
          "nearest_sta_nam": "CCC駅",
          "walk_car_shp_cf": "0",
          "tm_required": 50
        }
      ]
    },
    "tripadvisor": {
      "url": "http://www.tripadvisor.com/WidgetEmbed-cdspropertydetail?display=true&partnerId=206A2C0E46484820B4FB66FA0D898539&lang=ja&locationId=1027800",
      "rate": 4.5,
      "count": 249,
      "image_url": "http://www.tripadvisor.jp/img/cdsi/img2/ratings/traveler/4.5-36734-4.png"
    },
    "latitude": "26.4997832889",
    "longitude": "127.896316644"
  }
}