{
  "db_version_time": "20160401100000",
  "response": {
    "count": 11,
    "total_pages": 10,
    "display_range_from": 5,
    "display_range_to": 5,
    "office": {
      "copt_cd": "00001",
      "facl_cd": "00",
      "abandon_area_cd": "001",
      "office_no": 82,
      "car_company_cd": null,
      "office_nam": "和倉温泉",
      "facl_nam": "ニッポンレンタカー　北陸",
      "adrs": "〒926-0175 石川県七尾市和倉町ワ５−１",
      "nearest_guide": "サンプル駅東口すぐ",
      "latitude": "37.08879",
      "longitude": "136.916404"
    },
    "plan_list": [
      {
        "cart_key_option": "OOOOOOOOOOOOOOOOOOOO",
        "plan_cd": "000000",
        "product_cd": "00",
        "stock_limits_no": "#001",
        "plan_image": {
          "pic_url_s": "http://localhost:8080/csm/resources/image/I-3-400-300.png",
          "pic_url_m": "http://localhost:8080/csm/resources/image/I-3-400-300.png",
          "pic_url_l": "http://localhost:8080/csm/resources/image/I-3-400-300.png",
          "pic_url_o": "http://localhost:8080/csm/resources/image/I-3-400-300.png",
          "pic_nam": "◯◯の間 ダイニングスペース",
          "pic_comment": "画像のコメントです"
        },
        "car_class_cd": "01",
        "car_class_nam": "S",
        "num_p_from": 1,
        "num_p_to": 1,
        "for_rsv_nam": "禁煙　洋室（1名）　シングル",
        "plan_nam": "専用枠パッケージオプションプラン",
        "use_qtty": 24,
        "icon_flgs": {
          "smoking_cf": "2",
          "etc_cf": "1",
          "navi_cf": "1",
          "mile_flg": "1"
        },
        "recommended_flg": "1",
        "use_pre_req_unit": "1",
        "use_pre_req_nam": "１名１室",
        "use_pre_req_no": "001",
        "disp_use_req_unit_nam": "室",
        "settle_way_cf": "0",
        "cvs_isst_eith": "1",
        "basic_price": 5000000,
        "abandon_price": 5000000,
        "stock": 5
      },
      {
        "cart_key_option": "OOOOOOOOOOOOOOOOOOOO",
        "plan_cd": "000000",
        "product_cd": "00",
        "stock_limits_no": "#001",
        "plan_image": {
          "pic_url_s": "http://localhost:8080/csm/resources/image/I-3-400-300.png",
          "pic_url_m": "http://localhost:8080/csm/resources/image/I-3-400-300.png",
          "pic_url_l": "http://localhost:8080/csm/resources/image/I-3-400-300.png",
          "pic_url_o": "http://localhost:8080/csm/resources/image/I-3-400-300.png",
          "pic_nam": "◯◯の間 ダイニングスペース",
          "pic_comment": "画像のコメントです"
        },
        "car_class_cd": "01",
        "car_class_nam": "S",
        "num_p_from": 1,
        "num_p_to": 1,
        "for_rsv_nam": "禁煙　洋室（1名）　シングル",
        "plan_nam": "専用枠パッケージオプションプラン",
        "use_qtty": 24,
        "icon_flgs": {
          "smoking_cf": "2",
          "etc_cf": "1",
          "navi_cf": "1",
          "mile_flg": "1"
        },
        "recommended_flg": "1",
        "use_pre_req_unit": "1",
        "use_pre_req_nam": "１名１室",
        "use_pre_req_no": "001",
        "disp_use_req_unit_nam": "室",
        "settle_way_cf": "0",
        "cvs_isst_eith": "1",
        "basic_price": 5000000,
        "abandon_price": 5000000,
        "stock": 5
      },
      {
        "cart_key_option": "OOOOOOOOOOOOOOOOOOOO",
        "plan_cd": "000000",
        "product_cd": "00",
        "stock_limits_no": "#001",
        "plan_image": {
          "pic_url_s": "http://localhost:8080/csm/resources/image/I-3-400-300.png",
          "pic_url_m": "http://localhost:8080/csm/resources/image/I-3-400-300.png",
          "pic_url_l": "http://localhost:8080/csm/resources/image/I-3-400-300.png",
          "pic_url_o": "http://localhost:8080/csm/resources/image/I-3-400-300.png",
          "pic_nam": "◯◯の間 ダイニングスペース",
          "pic_comment": "画像のコメントです"
        },
        "car_class_cd": "01",
        "car_class_nam": "S",
        "num_p_from": 1,
        "num_p_to": 1,
        "for_rsv_nam": "禁煙　洋室（1名）　シングル",
        "plan_nam": "専用枠パッケージオプションプラン",
        "use_qtty": 24,
        "icon_flgs": {
          "smoking_cf": "2",
          "etc_cf": "1",
          "navi_cf": "1",
          "mile_flg": "1"
        },
        "recommended_flg": "1",
        "use_pre_req_unit": "1",
        "use_pre_req_nam": "１名１室",
        "use_pre_req_no": "001",
        "disp_use_req_unit_nam": "室",
        "settle_way_cf": "0",
        "cvs_isst_eith": "1",
        "basic_price": 5000000,
        "abandon_price": 5000000,
        "stock": 5
      },
      {
        "cart_key_option": "OOOOOOOOOOOOOOOOOOOO",
        "plan_cd": "000000",
        "product_cd": "00",
        "stock_limits_no": "#001",
        "plan_image": {
          "pic_url_s": "http://localhost:8080/csm/resources/image/I-3-400-300.png",
          "pic_url_m": "http://localhost:8080/csm/resources/image/I-3-400-300.png",
          "pic_url_l": "http://localhost:8080/csm/resources/image/I-3-400-300.png",
          "pic_url_o": "http://localhost:8080/csm/resources/image/I-3-400-300.png",
          "pic_nam": "◯◯の間 ダイニングスペース",
          "pic_comment": "画像のコメントです"
        },
        "car_class_cd": "01",
        "car_class_nam": "S",
        "num_p_from": 1,
        "num_p_to": 1,
        "for_rsv_nam": "禁煙　洋室（1名）　シングル",
        "plan_nam": "専用枠パッケージオプションプラン",
        "use_qtty": 24,
        "icon_flgs": {
          "smoking_cf": "2",
          "etc_cf": "1",
          "navi_cf": "1",
          "mile_flg": "1"
        },
        "recommended_flg": "1",
        "use_pre_req_unit": "1",
        "use_pre_req_nam": "１名１室",
        "use_pre_req_no": "001",
        "disp_use_req_unit_nam": "室",
        "settle_way_cf": "0",
        "cvs_isst_eith": "1",
        "basic_price": 5000000,
        "abandon_price": 5000000,
        "stock": 5
      },
      {
        "cart_key_option": "OOOOOOOOOOOOOOOOOOOO",
        "plan_cd": "000000",
        "product_cd": "00",
        "stock_limits_no": "#001",
        "plan_image": {
          "pic_url_s": "http://localhost:8080/csm/resources/image/I-3-400-300.png",
          "pic_url_m": "http://localhost:8080/csm/resources/image/I-3-400-300.png",
          "pic_url_l": "http://localhost:8080/csm/resources/image/I-3-400-300.png",
          "pic_url_o": "http://localhost:8080/csm/resources/image/I-3-400-300.png",
          "pic_nam": "◯◯の間 ダイニングスペース",
          "pic_comment": "画像のコメントです"
        },
        "car_class_cd": "01",
        "car_class_nam": "S",
        "num_p_from": 1,
        "num_p_to": 1,
        "for_rsv_nam": "禁煙　洋室（1名）　シングル",
        "plan_nam": "専用枠パッケージオプションプラン",
        "use_qtty": 24,
        "icon_flgs": {
          "smoking_cf": "2",
          "etc_cf": "1",
          "navi_cf": "1",
          "mile_flg": "1"
        },
        "recommended_flg": "1",
        "use_pre_req_unit": "1",
        "use_pre_req_nam": "１名１室",
        "use_pre_req_no": "001",
        "disp_use_req_unit_nam": "室",
        "settle_way_cf": "0",
        "cvs_isst_eith": "1",
        "basic_price": 5000000,
        "abandon_price": 5000000,
        "stock": 5
      },
      {
        "cart_key_option": "OOOOOOOOOOOOOOOOOOOO",
        "plan_cd": "000000",
        "product_cd": "00",
        "stock_limits_no": "#001",
        "plan_image": {
          "pic_url_s": "http://localhost:8080/csm/resources/image/I-3-400-300.png",
          "pic_url_m": "http://localhost:8080/csm/resources/image/I-3-400-300.png",
          "pic_url_l": "http://localhost:8080/csm/resources/image/I-3-400-300.png",
          "pic_url_o": "http://localhost:8080/csm/resources/image/I-3-400-300.png",
          "pic_nam": "◯◯の間 ダイニングスペース",
          "pic_comment": "画像のコメントです"
        },
        "car_class_cd": "01",
        "car_class_nam": "S",
        "num_p_from": 1,
        "num_p_to": 1,
        "for_rsv_nam": "禁煙　洋室（1名）　シングル",
        "plan_nam": "専用枠パッケージオプションプラン",
        "use_qtty": 24,
        "icon_flgs": {
          "smoking_cf": "2",
          "etc_cf": "1",
          "navi_cf": "1",
          "mile_flg": "1"
        },
        "recommended_flg": "1",
        "use_pre_req_unit": "1",
        "use_pre_req_nam": "１名１室",
        "use_pre_req_no": "001",
        "disp_use_req_unit_nam": "室",
        "settle_way_cf": "0",
        "cvs_isst_eith": "1",
        "basic_price": 5000000,
        "abandon_price": 5000000,
        "stock": 5
      },
      {
        "cart_key_option": "OOOOOOOOOOOOOOOOOOOO",
        "plan_cd": "000000",
        "product_cd": "00",
        "stock_limits_no": "#001",
        "plan_image": {
          "pic_url_s": "http://localhost:8080/csm/resources/image/I-3-400-300.png",
          "pic_url_m": "http://localhost:8080/csm/resources/image/I-3-400-300.png",
          "pic_url_l": "http://localhost:8080/csm/resources/image/I-3-400-300.png",
          "pic_url_o": "http://localhost:8080/csm/resources/image/I-3-400-300.png",
          "pic_nam": "◯◯の間 ダイニングスペース",
          "pic_comment": "画像のコメントです"
        },
        "car_class_cd": "01",
        "car_class_nam": "S",
        "num_p_from": 1,
        "num_p_to": 1,
        "for_rsv_nam": "禁煙　洋室（1名）　シングル",
        "plan_nam": "専用枠パッケージオプションプラン",
        "use_qtty": 24,
        "icon_flgs": {
          "smoking_cf": "2",
          "etc_cf": "1",
          "navi_cf": "1",
          "mile_flg": "1"
        },
        "recommended_flg": "1",
        "use_pre_req_unit": "1",
        "use_pre_req_nam": "１名１室",
        "use_pre_req_no": "001",
        "disp_use_req_unit_nam": "室",
        "settle_way_cf": "0",
        "cvs_isst_eith": "1",
        "basic_price": 5000000,
        "abandon_price": 5000000,
        "stock": 5
      },
      {
        "cart_key_option": "OOOOOOOOOOOOOOOOOOOO",
        "plan_cd": "000000",
        "product_cd": "00",
        "stock_limits_no": "#001",
        "plan_image": {
          "pic_url_s": "http://localhost:8080/csm/resources/image/I-3-400-300.png",
          "pic_url_m": "http://localhost:8080/csm/resources/image/I-3-400-300.png",
          "pic_url_l": "http://localhost:8080/csm/resources/image/I-3-400-300.png",
          "pic_url_o": "http://localhost:8080/csm/resources/image/I-3-400-300.png",
          "pic_nam": "◯◯の間 ダイニングスペース",
          "pic_comment": "画像のコメントです"
        },
        "car_class_cd": "01",
        "car_class_nam": "S",
        "num_p_from": 1,
        "num_p_to": 1,
        "for_rsv_nam": "禁煙　洋室（1名）　シングル",
        "plan_nam": "専用枠パッケージオプションプラン",
        "use_qtty": 24,
        "icon_flgs": {
          "smoking_cf": "2",
          "etc_cf": "1",
          "navi_cf": "1",
          "mile_flg": "1"
        },
        "recommended_flg": "1",
        "use_pre_req_unit": "1",
        "use_pre_req_nam": "１名１室",
        "use_pre_req_no": "001",
        "disp_use_req_unit_nam": "室",
        "settle_way_cf": "0",
        "cvs_isst_eith": "1",
        "basic_price": 5000000,
        "abandon_price": 5000000,
        "stock": 5
      },
      {
        "cart_key_option": "OOOOOOOOOOOOOOOOOOOO",
        "plan_cd": "000000",
        "product_cd": "00",
        "stock_limits_no": "#001",
        "plan_image": {
          "pic_url_s": "http://localhost:8080/csm/resources/image/I-3-400-300.png",
          "pic_url_m": "http://localhost:8080/csm/resources/image/I-3-400-300.png",
          "pic_url_l": "http://localhost:8080/csm/resources/image/I-3-400-300.png",
          "pic_url_o": "http://localhost:8080/csm/resources/image/I-3-400-300.png",
          "pic_nam": "◯◯の間 ダイニングスペース",
          "pic_comment": "画像のコメントです"
        },
        "car_class_cd": "01",
        "car_class_nam": "S",
        "num_p_from": 1,
        "num_p_to": 1,
        "for_rsv_nam": "禁煙　洋室（1名）　シングル",
        "plan_nam": "専用枠パッケージオプションプラン",
        "use_qtty": 24,
        "icon_flgs": {
          "smoking_cf": "2",
          "etc_cf": "1",
          "navi_cf": "1",
          "mile_flg": "1"
        },
        "recommended_flg": "1",
        "use_pre_req_unit": "1",
        "use_pre_req_nam": "１名１室",
        "use_pre_req_no": "001",
        "disp_use_req_unit_nam": "室",
        "settle_way_cf": "0",
        "cvs_isst_eith": "1",
        "basic_price": 5000000,
        "abandon_price": 5000000,
        "stock": 5
      },
      {
        "cart_key_option": "OOOOOOOOOOOOOOOOOOOO",
        "plan_cd": "000000",
        "product_cd": "00",
        "stock_limits_no": "#001",
        "plan_image": {
          "pic_url_s": "http://localhost:8080/csm/resources/image/I-3-400-300.png",
          "pic_url_m": "http://localhost:8080/csm/resources/image/I-3-400-300.png",
          "pic_url_l": "http://localhost:8080/csm/resources/image/I-3-400-300.png",
          "pic_url_o": "http://localhost:8080/csm/resources/image/I-3-400-300.png",
          "pic_nam": "◯◯の間 ダイニングスペース",
          "pic_comment": "画像のコメントです"
        },
        "car_class_cd": "01",
        "car_class_nam": "S",
        "num_p_from": 1,
        "num_p_to": 1,
        "for_rsv_nam": "禁煙　洋室（1名）　シングル",
        "plan_nam": "専用枠パッケージオプションプラン",
        "use_qtty": 24,
        "icon_flgs": {
          "smoking_cf": "2",
          "etc_cf": "1",
          "navi_cf": "1",
          "mile_flg": "1"
        },
        "recommended_flg": "1",
        "use_pre_req_unit": "1",
        "use_pre_req_nam": "１名１室",
        "use_pre_req_no": "001",
        "disp_use_req_unit_nam": "室",
        "settle_way_cf": "0",
        "cvs_isst_eith": "1",
        "basic_price": 5000000,
        "abandon_price": 5000000,
        "stock": 5
      }
    ]
  }
}