{
  "db_version_time": "20180830051514",
  "response": {
    "location_category": {
      "office": [{
        "copt_cd": "00029",
        "facl_cd": "40",
        "abandon_area_cd": "001",
        "office_no": 1,
        "office_nam": "札幌支店",
        "facl_nam": "【平田】ヒラタレンタカー漢字通知"
      }, {
        "copt_cd": "00037",
        "facl_cd": "40",
        "abandon_area_cd": "001",
        "office_no": 1,
        "office_nam": "札幌営業所",
        "facl_nam": "【ＭＫ】北海道最大レンタカー"
      }, {
        "copt_cd": "30145",
        "facl_cd": "AP",
        "abandon_area_cd": "001",
        "office_no": 2,
        "office_nam": "札幌駅北口",
        "facl_nam": "ニッポンレンタカー北海道"
      }, {
        "copt_cd": "30145",
        "facl_cd": "AP",
        "abandon_area_cd": "001",
        "office_no": 4,
        "office_nam": "札幌駅東",
        "facl_nam": "ニッポンレンタカー北海道"
      }, {
        "copt_cd": "30145",
        "facl_cd": "AP",
        "abandon_area_cd": "001",
        "office_no": 6,
        "office_nam": "札幌駅南口",
        "facl_nam": "ニッポンレンタカー北海道"
      }, {
        "copt_cd": "30145",
        "facl_cd": "AP",
        "abandon_area_cd": "001",
        "office_no": 8,
        "office_nam": "札幌ホテル札幌駅前",
        "facl_nam": "ニッポンレンタカー北海道"
      }, {
        "copt_cd": "30145",
        "facl_cd": "AP",
        "abandon_area_cd": "001",
        "office_no": 11,
        "office_nam": "札幌駅北口",
        "facl_nam": "ニッポンレンタカー北海道"
      }, {
        "copt_cd": "30145",
        "facl_cd": "AP",
        "abandon_area_cd": "001",
        "office_no": 12,
        "office_nam": "札幌駅東",
        "facl_nam": "ニッポンレンタカー北海道"
      }],
      "airport": null,
      "hotels": [{
        "copt_cd": "00026",
        "facl_cd": "06",
        "facl_nam": "【ＷＥＢ】ＳＴホテル北海道"
      }, {
        "copt_cd": "00029",
        "facl_cd": "03",
        "facl_nam": "【平田】北海道ホテル０３"
      }]
    }
  }
}