{
  "db_version_time": "20160401100000",
  "response": {
    "count": 5,
    "total_pages": 10,
    "display_range_from": 5,
    "display_range_to": 5,
    "plan_list": [
      {
        "cart_key_dp_option": "OOOOOOOOOOOOOOOOOOOO",
        "copt_cd": "00001",
        "facl_cd": "00",
        "facl_nam": "札幌全日空ホテル",
        "plan_cd": "000000",
        "product_cd": "00",
        "host_cf": "1",
        "stock_limits_no": "#001",
        "settle_way_cf": "0",
        "cvs_isst_eith": "1",
        "use_pre_req_no": "001",
        "use_pre_req_nam": "１名１室",
        "use_pre_req_unit": "1",
        "disp_use_req_unit_nam": "室",
        "num_p_from": 1,
        "num_p_to": 1,
        "meal_conditions": [
          {
            "meal_pre_req_no": "1",
            "meal_pre_requis_nam": "夕食"
          }
        ],
        "facl_type_cd": "00",
        "plan_nam": "専用枠パッケージオプションプラン",
        "for_rsv_nam": "禁煙　洋室（1名）　シングル",
        "sales_comment": "白樺湖畔で！パラグライダーの半日体験コース..",
        "plan_image": {
          "pic_url_s": "http://www.domain.com/path/to/picture.png",
          "pic_url_m": "http://www.domain.com/path/to/picture.png",
          "pic_url_l": "http://www.domain.com/path/to/picture.png",
          "pic_url_o": "http://www.domain.com/path/to/picture.png",
          "pic_nam": "◯◯の間 ダイニングスペース",
          "pic_comment": "画像のコメントです"
        },
        "management_comp": "運営企画株式会社",
        "plan_description": "お得なパッケージオプションです。",
        "maj_mat_cd": "02",
        "region_cd": "001",
        "area_cd": "001",
        "route_no": 1,
        "section_no": "00001",
        "disp_section_group_cd": "00098-50-S00101-#001-00001-1",
        "default_disp_flg": "1",
        "start_point_info": {
          "start_point_nam": "万座ビーチホテル",
          "start_point_no": "1",
          "dep_time_from": "1030",
          "dep_time_to": "1030",
          "dep_disp_order": 1
        },
        "end_point_info": {
          "end_point_nam": "万座ビーチホテル",
          "end_point_no": "1",
          "arr_time_from": "1030",
          "arr_time_to": "1030",
          "arr_disp_order": 1
        },
        "rsv_flg": "1",
        "ticket_kind_no": 12,
        "ticket_kind_nam": "3デーパスポート",
        "ticket_cf_nam": "２４名以下の個人に適用。",
        "multi_flg": "0",
        "coupon_flg": "0",
        "use_days": 3,
        "ticket_stock_list": [
          {
            "use_park_id_1": "TDL",
            "use_park_id_2": "TDL",
            "park_name_1": "ユニ",
            "park_name_2": "ユニ",
            "park_1_stock_l_no": "1221",
            "park_2_stock_l_no": "1221",
            "stock": 20
          },
          {
            "use_park_id_1": "TDL",
            "use_park_id_2": "TDS",
            "park_name_1": "ユニ",
            "park_name_2": "ユニ",
            "park_1_stock_l_no": "1221",
            "park_2_stock_l_no": "1222",
            "stock": 10
          },
          {
            "use_park_id_1": "TDS",
            "use_park_id_2": "TDS",
            "park_name_1": "ユニ",
            "park_name_2": "ユニ",
            "park_1_stock_l_no": "1222",
            "park_2_stock_l_no": "1222",
            "stock": 30
          },
          {
            "use_park_id_1": "TDS",
            "use_park_id_2": "TDL",
            "park_name_1": "ユニ",
            "park_name_2": "ユニ",
            "park_1_stock_l_no": "1222",
            "park_2_stock_l_no": "1221",
            "stock": 25
          }
        ],
        "price_per_kind": [
          {
            "kind_type_cd": "001",
            "kind_name": "シニア",
            "obj_age_from": 2,
            "obj_age_to": 3,
            "stc_pre_req_no": 3,
            "stc_pre_req_nam": "中人",
            "stc_pre_req_cont": "１２－１７歳、中学生、高校生",
            "note": "種別備考",
            "price": 5000000
          }
        ],
        "stock": 5,
        "disp_order": 1
      }
    ]
  }
}