{
  "db_version_time": "20180830051514",
  "response": {
    "count": 16,
    "total_pages": 2,
    "display_range_from": 1,
    "display_range_to": 10,
    "hotel": {
      "copt_cd": "00026",
      "facl_cd": "06",
      "facl_nam": "【ＷＥＢ】ＳＴホテル北海道",
      "facl_images": {
        "pic_nam": "ジャグジー",
        "pic_url_l": "https://adam-kensyo.image.aims.ana.co.jp/0002606/images/0002606_00003_l.jpg",
        "pic_url_m": "https://adam-kensyo.image.aims.ana.co.jp/0002606/images/0002606_00003_m.jpg",
        "pic_url_o": null,
        "pic_url_s": "https://adam-kensyo.image.aims.ana.co.jp/0002606/images/0002606_00003_s.jpg",
        "pic_comment": null
      },
      "access": {
        "nearest_airp": [
          {
            "airp_cd": "HND",
            "arr_point": "ZZZZ駅",
            "car_tra_bus_shp_cf": "0",
            "ctbs_min_tm_required": 10,
            "ctbs_max_tm_required": 20,
            "other_nam": "ICから自転車",
            "ctbs_special_mention": "徒歩",
            "ctbs_sm_min_tm_required": 30,
            "ctbs_sm_max_tm_required": 40,
            "nearest_airp_note": "最寄空港から徒歩３０分"
          }
        ],
        "nearest_sta": [
          {
            "nearest_sta_trans": "AAAバス",
            "nearest_route_nam": "BBB線",
            "nearest_sta_nam": "CCC駅",
            "walk_car_shp_cf": "0",
            "tm_required": 50
          }
        ]
      },
      "adrs": "北海道札幌市北区北７条西４丁目２－２",
      "latitude": "43.0686606   ",
      "longitude": "141.3485666  "
    },
    "plan_list": [{
      "cart_key_option": "20:04:30452:AB:#001:S00000:001:20180906:1115:20180907:1700",
      "copt_cd": "30452",
      "facl_cd": "AB",
      "abandon_area_cd": "002",
      "all_ret_copt_cd": "00026",
      "all_ret_facl_cd": "06",
      "car_facl_nam": "トヨタレンタカー北海道",
      "plan_cd": "S00000",
      "product_cd": "20",
      "stock_limits_no": "#001",
      "plan_image": {
        "pic_nam": "トヨタレンタカー北海道＿仕入１",
        "pic_url_l": "https://adam-kensyo.image.aims.ana.co.jp/30452AB/images/30452AB_00005_l.jpg",
        "pic_url_m": "https://adam-kensyo.image.aims.ana.co.jp/30452AB/images/30452AB_00005_m.jpg",
        "pic_url_o": null,
        "pic_url_s": "https://adam-kensyo.image.aims.ana.co.jp/30452AB/images/30452AB_00005_s.jpg",
        "pic_comment": "トヨタレンタカー北海\n道＿仕入１＿コメント"
      },
      "car_class_cd": "01",
      "car_class_nam": "Ｋ",
      "num_p_from": 1,
      "num_p_to": 4,
      "for_rsv_nam": "Ｋ　禁煙車　４ＷＤ",
      "plan_nam": "【ＷＥＢ】ＳＴレンタカープラン・ＤＰ・専用枠・主催　事前払い・１６９",
      "icon_flgs": {
        "smoking_cf": "0",
        "etc_cf": "1",
        "navi_cf": "0",
        "mile_flg": null
      },
      "recommended_flg": "1",
      "use_pre_req_no": "001",
      "use_pre_req_nam": "Ｋ　禁煙車２１－０１（台）",
      "use_pre_req_unit": "2",
      "disp_use_req_unit_nam": "台",
      "settle_way_cf": "0",
      "cvs_isst_eith": "0",
      "use_qtty": 48,
      "basic_price": 2700,
      "abandon_price": 0,
      "all_hotel_price": 5000,
      "ret_hotel_price": 4000,
      "all_hotel_note": null,
      "ret_hotel_note": null,
      "return_location": {
        "copt_cd": "30452",
        "facl_cd": "AB",
        "abandon_area_cd": "002",
        "office_no": null,
        "office_nam": null,
        "facl_nam": "【ＷＥＢ】ＳＴホテル北海道",
        "all_ret_copt_cd": "00026",
        "all_ret_facl_cd": "06"
      },
      "stock": 100
    }, {
      "cart_key_option": "20:04:30452:AB:#002:S00000:001:20180906:1115:20180907:1700",
      "copt_cd": "30452",
      "facl_cd": "AB",
      "abandon_area_cd": "002",
      "all_ret_copt_cd": "00026",
      "all_ret_facl_cd": "06",
      "car_facl_nam": "トヨタレンタカー北海道",
      "plan_cd": "S00000",
      "product_cd": "20",
      "stock_limits_no": "#002",
      "plan_image": {
        "pic_nam": "トヨタレンタカー北海道＿仕入２",
        "pic_url_l": "https://adam-kensyo.image.aims.ana.co.jp/30452AB/images/30452AB_00006_l.jpg",
        "pic_url_m": "https://adam-kensyo.image.aims.ana.co.jp/30452AB/images/30452AB_00006_m.jpg",
        "pic_url_o": null,
        "pic_url_s": "https://adam-kensyo.image.aims.ana.co.jp/30452AB/images/30452AB_00006_s.jpg",
        "pic_comment": "トヨタレンタカー北海\n道＿仕入２＿コメント"
      },
      "car_class_cd": "02",
      "car_class_nam": "Ｓ",
      "num_p_from": 1,
      "num_p_to": 5,
      "for_rsv_nam": "Ｓ　禁煙車２１－０２",
      "plan_nam": "【ＷＥＢ】ＳＴレンタカープラン・ＤＰ・専用枠・主催　事前払い・１６９",
      "icon_flgs": {
        "smoking_cf": "0",
        "etc_cf": "1",
        "navi_cf": "0",
        "mile_flg": null
      },
      "recommended_flg": "1",
      "use_pre_req_no": "001",
      "use_pre_req_nam": "Ｓ　禁煙車２１－０２",
      "use_pre_req_unit": "2",
      "disp_use_req_unit_nam": "台",
      "settle_way_cf": "0",
      "cvs_isst_eith": "0",
      "use_qtty": 48,
      "basic_price": 2700,
      "abandon_price": 0,
      "all_hotel_price": 5000,
      "ret_hotel_price": 4000,
      "all_hotel_note": null,
      "ret_hotel_note": null,
      "return_location": {
        "copt_cd": "30452",
        "facl_cd": "AB",
        "abandon_area_cd": "002",
        "office_no": null,
        "office_nam": null,
        "facl_nam": "【ＷＥＢ】ＳＴホテル北海道",
        "all_ret_copt_cd": "00026",
        "all_ret_facl_cd": "06"
      },
      "stock": 100
    }, {
      "cart_key_option": "20:04:30452:AB:#003:S00000:001:20180906:1115:20180907:1700",
      "copt_cd": "30452",
      "facl_cd": "AB",
      "abandon_area_cd": "002",
      "all_ret_copt_cd": "00026",
      "all_ret_facl_cd": "06",
      "car_facl_nam": "トヨタレンタカー北海道",
      "plan_cd": "S00000",
      "product_cd": "20",
      "stock_limits_no": "#003",
      "plan_image": {
        "pic_nam": "トヨタレンタカー北海道＿仕入３",
        "pic_url_l": "https://adam-kensyo.image.aims.ana.co.jp/30452AB/images/30452AB_00008_l.jpg",
        "pic_url_m": "https://adam-kensyo.image.aims.ana.co.jp/30452AB/images/30452AB_00008_m.jpg",
        "pic_url_o": null,
        "pic_url_s": "https://adam-kensyo.image.aims.ana.co.jp/30452AB/images/30452AB_00008_s.jpg",
        "pic_comment": "トヨタレンタカー北海\n道＿仕入３＿コメント"
      },
      "car_class_cd": "03",
      "car_class_nam": "ＳＡ",
      "num_p_from": 1,
      "num_p_to": 5,
      "for_rsv_nam": "ＳＡ　禁煙車　４ＷＤ",
      "plan_nam": "【ＷＥＢ】ＳＴレンタカープラン・ＤＰ・専用枠・主催　事前払い・１６９",
      "icon_flgs": {
        "smoking_cf": "0",
        "etc_cf": "0",
        "navi_cf": "0",
        "mile_flg": null
      },
      "recommended_flg": "1",
      "use_pre_req_no": "001",
      "use_pre_req_nam": "ＳＡ　禁煙車２１－０３",
      "use_pre_req_unit": "2",
      "disp_use_req_unit_nam": "台",
      "settle_way_cf": "0",
      "cvs_isst_eith": "0",
      "use_qtty": 48,
      "basic_price": 2700,
      "abandon_price": 0,
      "all_hotel_price": 5000,
      "ret_hotel_price": 4000,
      "all_hotel_note": null,
      "ret_hotel_note": null,
      "return_location": {
        "copt_cd": "30452",
        "facl_cd": "AB",
        "abandon_area_cd": "002",
        "office_no": null,
        "office_nam": null,
        "facl_nam": "【ＷＥＢ】ＳＴホテル北海道",
        "all_ret_copt_cd": "00026",
        "all_ret_facl_cd": "06"
      },
      "stock": 100
    }, {
      "cart_key_option": "20:04:30452:AB:#004:S00000:001:20180906:1115:20180907:1700",
      "copt_cd": "30452",
      "facl_cd": "AB",
      "abandon_area_cd": "002",
      "all_ret_copt_cd": "00026",
      "all_ret_facl_cd": "06",
      "car_facl_nam": "トヨタレンタカー北海道",
      "plan_cd": "S00000",
      "product_cd": "20",
      "stock_limits_no": "#004",
      "plan_image": {
        "pic_nam": "トヨタレンタカー北海道＿仕入４",
        "pic_url_l": "https://adam-kensyo.image.aims.ana.co.jp/30452AB/images/30452AB_00009_l.JPG",
        "pic_url_m": "https://adam-kensyo.image.aims.ana.co.jp/30452AB/images/30452AB_00009_m.JPG",
        "pic_url_o": null,
        "pic_url_s": "https://adam-kensyo.image.aims.ana.co.jp/30452AB/images/30452AB_00009_s.JPG",
        "pic_comment": "トヨタレンタカー北海\n道＿仕入４＿コメント"
      },
      "car_class_cd": "06",
      "car_class_nam": "ＨＣ",
      "num_p_from": 1,
      "num_p_to": 5,
      "for_rsv_nam": "ＨＣ　禁煙車２１－０４",
      "plan_nam": "【ＷＥＢ】ＳＴレンタカープラン・ＤＰ・専用枠・主催　事前払い・１６９",
      "icon_flgs": {
        "smoking_cf": "0",
        "etc_cf": "0",
        "navi_cf": "0",
        "mile_flg": null
      },
      "recommended_flg": "1",
      "use_pre_req_no": "001",
      "use_pre_req_nam": "ＨＣ　禁煙車２１－０４",
      "use_pre_req_unit": "2",
      "disp_use_req_unit_nam": "台",
      "settle_way_cf": "0",
      "cvs_isst_eith": "0",
      "use_qtty": 48,
      "basic_price": 2700,
      "abandon_price": 0,
      "all_hotel_price": 5000,
      "ret_hotel_price": 4000,
      "all_hotel_note": null,
      "ret_hotel_note": null,
      "return_location": {
        "copt_cd": "30452",
        "facl_cd": "AB",
        "abandon_area_cd": "002",
        "office_no": null,
        "office_nam": null,
        "facl_nam": "【ＷＥＢ】ＳＴホテル北海道",
        "all_ret_copt_cd": "00026",
        "all_ret_facl_cd": "06"
      },
      "stock": 100
    }, {
      "cart_key_option": "20:04:30452:AB:#005:S00000:001:20180906:1115:20180907:1700",
      "copt_cd": "30452",
      "facl_cd": "AB",
      "abandon_area_cd": "002",
      "all_ret_copt_cd": "00026",
      "all_ret_facl_cd": "06",
      "car_facl_nam": "トヨタレンタカー北海道",
      "plan_cd": "S00000",
      "product_cd": "20",
      "stock_limits_no": "#005",
      "plan_image": null,
      "car_class_cd": "08",
      "car_class_nam": "Ｅ",
      "num_p_from": 1,
      "num_p_to": 5,
      "for_rsv_nam": "Ｅ　喫煙車",
      "plan_nam": "【ＷＥＢ】ＳＴレンタカープラン・ＤＰ・専用枠・主催　事前払い・１６９",
      "icon_flgs": {
        "smoking_cf": "1",
        "etc_cf": "1",
        "navi_cf": "0",
        "mile_flg": null
      },
      "recommended_flg": "1",
      "use_pre_req_no": "001",
      "use_pre_req_nam": "Ｅ　禁煙車２２－０１",
      "use_pre_req_unit": "2",
      "disp_use_req_unit_nam": "台",
      "settle_way_cf": "0",
      "cvs_isst_eith": "0",
      "use_qtty": 48,
      "basic_price": 2700,
      "abandon_price": 0,
      "all_hotel_price": 5000,
      "ret_hotel_price": 4000,
      "all_hotel_note": null,
      "ret_hotel_note": null,
      "return_location": {
        "copt_cd": "30452",
        "facl_cd": "AB",
        "abandon_area_cd": "002",
        "office_no": null,
        "office_nam": null,
        "facl_nam": "【ＷＥＢ】ＳＴホテル北海道",
        "all_ret_copt_cd": "00026",
        "all_ret_facl_cd": "06"
      },
      "stock": 100
    }, {
      "cart_key_option": "20:04:30452:AB:#006:S00000:001:20180906:1115:20180907:1700",
      "copt_cd": "30452",
      "facl_cd": "AB",
      "abandon_area_cd": "002",
      "all_ret_copt_cd": "00026",
      "all_ret_facl_cd": "06",
      "car_facl_nam": "トヨタレンタカー北海道",
      "plan_cd": "S00000",
      "product_cd": "20",
      "stock_limits_no": "#006",
      "plan_image": {
        "pic_nam": "ＥＡ",
        "pic_url_l": "https://adam-kensyo.image.aims.ana.co.jp/30452AB/images/30452AB_00015_l.png",
        "pic_url_m": "https://adam-kensyo.image.aims.ana.co.jp/30452AB/images/30452AB_00015_m.png",
        "pic_url_o": null,
        "pic_url_s": "https://adam-kensyo.image.aims.ana.co.jp/30452AB/images/30452AB_00015_s.png",
        "pic_comment": "改行確認改行確認改行確\n認"
      },
      "car_class_cd": "09",
      "car_class_nam": "ＥＡ",
      "num_p_from": 1,
      "num_p_to": 5,
      "for_rsv_nam": "ＥＡ　喫煙車２２－０２",
      "plan_nam": "【ＷＥＢ】ＳＴレンタカープラン・ＤＰ・専用枠・主催　事前払い・１６９",
      "icon_flgs": {
        "smoking_cf": "1",
        "etc_cf": "1",
        "navi_cf": "0",
        "mile_flg": null
      },
      "recommended_flg": "1",
      "use_pre_req_no": "001",
      "use_pre_req_nam": "ＥＡ　喫煙車２２－０２",
      "use_pre_req_unit": "2",
      "disp_use_req_unit_nam": "台",
      "settle_way_cf": "0",
      "cvs_isst_eith": "0",
      "use_qtty": 48,
      "basic_price": 2700,
      "abandon_price": 0,
      "all_hotel_price": 5000,
      "ret_hotel_price": 4000,
      "all_hotel_note": null,
      "ret_hotel_note": null,
      "return_location": {
        "copt_cd": "30452",
        "facl_cd": "AB",
        "abandon_area_cd": "002",
        "office_no": null,
        "office_nam": null,
        "facl_nam": "【ＷＥＢ】ＳＴホテル北海道",
        "all_ret_copt_cd": "00026",
        "all_ret_facl_cd": "06"
      },
      "stock": 100
    }, {
      "cart_key_option": "20:04:30452:AB:#007:S00000:001:20180906:1115:20180907:1700",
      "copt_cd": "30452",
      "facl_cd": "AB",
      "abandon_area_cd": "002",
      "all_ret_copt_cd": "00026",
      "all_ret_facl_cd": "06",
      "car_facl_nam": "トヨタレンタカー北海道",
      "plan_cd": "S00000",
      "product_cd": "20",
      "stock_limits_no": "#007",
      "plan_image": {
        "pic_nam": "ＥＷ",
        "pic_url_l": "https://adam-kensyo.image.aims.ana.co.jp/30452AB/images/30452AB_00017_l.png",
        "pic_url_m": "https://adam-kensyo.image.aims.ana.co.jp/30452AB/images/30452AB_00017_m.png",
        "pic_url_o": null,
        "pic_url_s": "https://adam-kensyo.image.aims.ana.co.jp/30452AB/images/30452AB_00017_s.png",
        "pic_comment": "改行確認改行確認改行確\n認"
      },
      "car_class_cd": "15",
      "car_class_nam": "ＥＷ",
      "num_p_from": 1,
      "num_p_to": 5,
      "for_rsv_nam": "ＥＷ　喫煙車２２－０３",
      "plan_nam": "【ＷＥＢ】ＳＴレンタカープラン・ＤＰ・専用枠・主催　事前払い・１６９",
      "icon_flgs": {
        "smoking_cf": "1",
        "etc_cf": "1",
        "navi_cf": "0",
        "mile_flg": null
      },
      "recommended_flg": "1",
      "use_pre_req_no": "001",
      "use_pre_req_nam": "ＥＷ　喫煙車２２－０３",
      "use_pre_req_unit": "2",
      "disp_use_req_unit_nam": "台",
      "settle_way_cf": "0",
      "cvs_isst_eith": "0",
      "use_qtty": 48,
      "basic_price": 2700,
      "abandon_price": 0,
      "all_hotel_price": 5000,
      "ret_hotel_price": 4000,
      "all_hotel_note": null,
      "ret_hotel_note": null,
      "return_location": {
        "copt_cd": "30452",
        "facl_cd": "AB",
        "abandon_area_cd": "002",
        "office_no": null,
        "office_nam": null,
        "facl_nam": "【ＷＥＢ】ＳＴホテル北海道",
        "all_ret_copt_cd": "00026",
        "all_ret_facl_cd": "06"
      },
      "stock": 100
    }, {
      "cart_key_option": "20:04:30452:AB:#008:S00000:001:20180906:1115:20180907:1700",
      "copt_cd": "30452",
      "facl_cd": "AB",
      "abandon_area_cd": "002",
      "all_ret_copt_cd": "00026",
      "all_ret_facl_cd": "06",
      "car_facl_nam": "トヨタレンタカー北海道",
      "plan_cd": "S00000",
      "product_cd": "20",
      "stock_limits_no": "#008",
      "plan_image": {
        "pic_nam": "ＷＳ",
        "pic_url_l": "https://adam-kensyo.image.aims.ana.co.jp/30452AB/images/30452AB_00018_l.png",
        "pic_url_m": "https://adam-kensyo.image.aims.ana.co.jp/30452AB/images/30452AB_00018_m.png",
        "pic_url_o": null,
        "pic_url_s": "https://adam-kensyo.image.aims.ana.co.jp/30452AB/images/30452AB_00018_s.png",
        "pic_comment": "改行\n確認改行確認改行確認"
      },
      "car_class_cd": "21",
      "car_class_nam": "ＷＳ",
      "num_p_from": 1,
      "num_p_to": 7,
      "for_rsv_nam": "ＷＳ　喫煙車２２－０４",
      "plan_nam": "【ＷＥＢ】ＳＴレンタカープラン・ＤＰ・専用枠・主催　事前払い・１６９",
      "icon_flgs": {
        "smoking_cf": "1",
        "etc_cf": "1",
        "navi_cf": "0",
        "mile_flg": null
      },
      "recommended_flg": "1",
      "use_pre_req_no": "001",
      "use_pre_req_nam": "ＷＳ　喫煙車２２－０４",
      "use_pre_req_unit": "2",
      "disp_use_req_unit_nam": "台",
      "settle_way_cf": "0",
      "cvs_isst_eith": "0",
      "use_qtty": 48,
      "basic_price": 2700,
      "abandon_price": 0,
      "all_hotel_price": 5000,
      "ret_hotel_price": 4000,
      "all_hotel_note": null,
      "ret_hotel_note": null,
      "return_location": {
        "copt_cd": "30452",
        "facl_cd": "AB",
        "abandon_area_cd": "002",
        "office_no": null,
        "office_nam": null,
        "facl_nam": "【ＷＥＢ】ＳＴホテル北海道",
        "all_ret_copt_cd": "00026",
        "all_ret_facl_cd": "06"
      },
      "stock": 100
    }, {
      "cart_key_option": "20:04:30452:AB:#001:S00100:001:20180906:1115:20180907:1700",
      "copt_cd": "30452",
      "facl_cd": "AB",
      "abandon_area_cd": "002",
      "all_ret_copt_cd": "00026",
      "all_ret_facl_cd": "06",
      "car_facl_nam": "トヨタレンタカー北海道",
      "plan_cd": "S00100",
      "product_cd": "20",
      "stock_limits_no": "#001",
      "plan_image": {
        "pic_nam": "トヨタレンタカー北海道＿仕入１",
        "pic_url_l": "https://adam-kensyo.image.aims.ana.co.jp/30452AB/images/30452AB_00005_l.jpg",
        "pic_url_m": "https://adam-kensyo.image.aims.ana.co.jp/30452AB/images/30452AB_00005_m.jpg",
        "pic_url_o": null,
        "pic_url_s": "https://adam-kensyo.image.aims.ana.co.jp/30452AB/images/30452AB_00005_s.jpg",
        "pic_comment": "トヨタレンタカー北海\n道＿仕入１＿コメント"
      },
      "car_class_cd": "01",
      "car_class_nam": "Ｋ",
      "num_p_from": 1,
      "num_p_to": 4,
      "for_rsv_nam": "Ｋ　禁煙車　４ＷＤ",
      "plan_nam": "【ＷＥＢ】ＳＴレンタカープラン・ＤＰ・専用枠・主催　事前払い・１７０",
      "icon_flgs": {
        "smoking_cf": "0",
        "etc_cf": "1",
        "navi_cf": "0",
        "mile_flg": null
      },
      "recommended_flg": "1",
      "use_pre_req_no": "001",
      "use_pre_req_nam": "Ｋ　禁煙車２１－０１（台）",
      "use_pre_req_unit": "2",
      "disp_use_req_unit_nam": "台",
      "settle_way_cf": "0",
      "cvs_isst_eith": "0",
      "use_qtty": 48,
      "basic_price": 10800,
      "abandon_price": 0,
      "all_hotel_price": 5000,
      "ret_hotel_price": 4000,
      "all_hotel_note": null,
      "ret_hotel_note": null,
      "return_location": {
        "copt_cd": "30452",
        "facl_cd": "AB",
        "abandon_area_cd": "002",
        "office_no": null,
        "office_nam": null,
        "facl_nam": "【ＷＥＢ】ＳＴホテル北海道",
        "all_ret_copt_cd": "00026",
        "all_ret_facl_cd": "06"
      },
      "stock": 100
    }, {
      "cart_key_option": "20:04:30452:AB:#002:S00100:001:20180906:1115:20180907:1700",
      "copt_cd": "30452",
      "facl_cd": "AB",
      "abandon_area_cd": "002",
      "all_ret_copt_cd": "00026",
      "all_ret_facl_cd": "06",
      "car_facl_nam": "トヨタレンタカー北海道",
      "plan_cd": "S00100",
      "product_cd": "20",
      "stock_limits_no": "#002",
      "plan_image": {
        "pic_nam": "トヨタレンタカー北海道＿仕入２",
        "pic_url_l": "https://adam-kensyo.image.aims.ana.co.jp/30452AB/images/30452AB_00006_l.jpg",
        "pic_url_m": "https://adam-kensyo.image.aims.ana.co.jp/30452AB/images/30452AB_00006_m.jpg",
        "pic_url_o": null,
        "pic_url_s": "https://adam-kensyo.image.aims.ana.co.jp/30452AB/images/30452AB_00006_s.jpg",
        "pic_comment": "トヨタレンタカー北海\n道＿仕入２＿コメント"
      },
      "car_class_cd": "02",
      "car_class_nam": "Ｓ",
      "num_p_from": 1,
      "num_p_to": 5,
      "for_rsv_nam": "Ｓ　禁煙車２１－０２",
      "plan_nam": "【ＷＥＢ】ＳＴレンタカープラン・ＤＰ・専用枠・主催　事前払い・１７０",
      "icon_flgs": {
        "smoking_cf": "0",
        "etc_cf": "1",
        "navi_cf": "0",
        "mile_flg": null
      },
      "recommended_flg": "1",
      "use_pre_req_no": "001",
      "use_pre_req_nam": "Ｓ　禁煙車２１－０２",
      "use_pre_req_unit": "2",
      "disp_use_req_unit_nam": "台",
      "settle_way_cf": "0",
      "cvs_isst_eith": "0",
      "use_qtty": 48,
      "basic_price": 10800,
      "abandon_price": 0,
      "all_hotel_price": 5000,
      "ret_hotel_price": 4000,
      "all_hotel_note": null,
      "ret_hotel_note": null,
      "return_location": {
        "copt_cd": "30452",
        "facl_cd": "AB",
        "abandon_area_cd": "002",
        "office_no": null,
        "office_nam": null,
        "facl_nam": "【ＷＥＢ】ＳＴホテル北海道",
        "all_ret_copt_cd": "00026",
        "all_ret_facl_cd": "06"
      },
      "stock": 100
    }]
  }
}