{
  "db_version_time": "20160401100000",
  "response": {
    "count": 1000,
    "total_pages": 10,
    "display_range_from": 5,
    "display_range_to": 5,
    "hotel": {
      "copt_cd": "00001",
      "facl_cd": "00",
      "facl_nam": "\u672D\u5E4C\u5168\u65E5\u7A7A\u30DB\u30C6\u30EB",
      "facl_images": [
        {
          "pic_url_s": "/csm/resources/image/car_sample.png",
          "pic_url_m": "/csm/resources/image/car_sample.png",
          "pic_url_l": "/csm/resources/image/car_sample.png",
          "pic_url_o": "/csm/resources/image/car_sample.png",
          "pic_nam": "\u25EF\u25EF\u306E\u9593 \u30C0\u30A4\u30CB\u30F3\u30B0\u30B9\u30DA\u30FC\u30B9",
          "pic_comment": "\u753B\u50CF\u306E\u30B3\u30E1\u30F3\u30C8\u3067\u3059"
        }
      ],
      "access": {
        "nearest_airp": [
          {
            "airp_cd": "HND",
            "arr_point": "ZZZZ\u99C5",
            "car_tra_bus_shp_cf": "0",
            "ctbs_min_tm_required": 10,
            "ctbs_max_tm_required": 10,
            "other_nam": "IC\u304B\u3089\u8ECA",
            "ctbs_special_mention": "\u5F92\u6B69",
            "ctbs_sm_min_tm_required": 10,
            "ctbs_sm_max_tm_required": 10,
            "nearest_airp_note": "\u6700\u5BC4\u7A7A\u6E2F\u304B\u3089\u5F92\u6B69\uFF13\uFF10\u5206"
          }
        ],
        "nearest_sta": [
          {
            "nearest_sta_trans": "AAA\u30D0\u30B9",
            "nearest_route_nam": "BBB\u7DDA",
            "nearest_sta_nam": "CCC\u99C5",
            "walk_car_shp_cf": "0",
            "tm_required": 10
          }
        ]
      },
      "adrs": "\u548C\u6B4C\u5C71\u5E02\u6BDB\u898B\uFF11\uFF15\uFF12\uFF17\u756A\u5730",
      "latitude": "111.111111",
      "longitude": "40.222222"
    },
    "plan_list": [
      {
        "cart_key_option": "OOOOOOOOOOOOOOOOOOOO",
        "copt_cd": "00001",
        "facl_cd": "00",
        "all_ret_copt_cd": "00003",
        "all_ret_facl_cd": "01",
        "abandon_area_cd": "001",
        "plan_cd": "000000",
        "product_cd": "00",
        "stock_limits_no": "#001",
        "car_facl_nam": "\u672D\u5E4C\u5168\u65E5\u7A7A\u30DB\u30C6\u30EB",
        "plan_images": {
          "pic_url_s": "http://www.domain.com/path/to/contents",
          "pic_url_m": "http://www.domain.com/path/to/contents",
          "pic_url_l": "http://www.domain.com/path/to/contents",
          "pic_url_o": "http://www.domain.com/path/to/contents",
          "pic_nam": "\u25EF\u25EF\u306E\u9593 \u30C0\u30A4\u30CB\u30F3\u30B0\u30B9\u30DA\u30FC\u30B9",
          "pic_comment": "\u753B\u50CF\u306E\u30B3\u30E1\u30F3\u30C8\u3067\u3059"
        },
        "car_class_cd": "01",
        "car_class_nam": "A",
        "num_p_from": 1,
        "num_p_to": 100000,
        "for_rsv_nam": "\u7981\u7159\u3000\u6D0B\u5BA4\uFF081\u540D\uFF09\u3000\u30B7\u30F3\u30B0\u30EB",
        "plan_nam": "\u5C02\u7528\u67A0\u30D1\u30C3\u30B1\u30FC\u30B8\u30AA\u30D7\u30B7\u30E7\u30F3\u30D7\u30E9\u30F3",
        "all_hotel_note": "\u914D\u8ECA\u30DB\u30C6\u30EB\u5099\u8003",
        "ret_hotel_note": "\u8FD4\u8ECA\u30DB\u30C6\u30EB\u5099\u8003",
        "use_qtty": 9999,
        "icon_flgs": {
          "smoking_cf": "0",
          "etc_cf": "0",
          "navi_cf": "0"
        },
        "recommended_flg": "1",
        "use_pre_req_no": "001",
        "use_pre_req_unit": "1",
        "use_pre_req_nam": "\uFF11\u540D\uFF11\u5BA4",
        "disp_use_req_unit_nam": "\u5BA4",
        "settle_way_cf": "0",
        "cvs_isst_eith": "1",
        "basic_price": 15001,
        "abandon_price": 12345,
        "all_hotel_price": null,
        "ret_hotel_price": 987654,
        "stock": 50000
      },
      {
        "cart_key_option": "OOOOOOOOOOOOOOOOOOOO",
        "copt_cd": "00001",
        "facl_cd": "00",
        "plan_cd": "000000",
        "stock_limits_no": "#001",
        "car_facl_nam": "\u672D\u5E4C\u5168\u65E5\u7A7A\u30DB\u30C6\u30EB",
        "plan_images": {
          "pic_url_s": "http://www.domain.com/path/to/contents",
          "pic_url_m": "http://www.domain.com/path/to/contents",
          "pic_url_l": "http://www.domain.com/path/to/contents",
          "pic_url_o": "http://www.domain.com/path/to/contents",
          "pic_nam": "\u25EF\u25EF\u306E\u9593 \u30C0\u30A4\u30CB\u30F3\u30B0\u30B9\u30DA\u30FC\u30B9",
          "pic_comment": "\u753B\u50CF\u306E\u30B3\u30E1\u30F3\u30C8\u3067\u3059"
        },
        "car_class_cd": "01",
        "car_class_nam": "S",
        "num_p_from": 1,
        "num_p_to": 1,
        "for_rsv_nam": "\u7981\u7159\u3000\u6D0B\u5BA4\uFF081\u540D\uFF09\u3000\u30B7\u30F3\u30B0\u30EB",
        "plan_nam": "\u5C02\u7528\u67A0\u30D1\u30C3\u30B1\u30FC\u30B8\u30AA\u30D7\u30B7\u30E7\u30F3\u30D7\u30E9\u30F3",
        "all_hotel_note": "\u914D\u8ECA\u30DB\u30C6\u30EB\u5099\u8003",
        "ret_hotel_note": "\u8FD4\u8ECA\u30DB\u30C6\u30EB\u5099\u8003",
        "use_qtty": 24,
        "icon_flgs": {
          "smoking_cf": "2",
          "etc_cf": "1",
          "navi_cf": "1"
        },
        "recommended_flg": "1",
        "use_pre_req_no": "001",
        "use_pre_req_unit": "1",
        "use_pre_req_nam": "\uFF11\u540D\uFF11\u5BA4",
        "disp_use_req_unit_nam": "\u5BA4",
        "settle_way_cf": "0",
        "cvs_isst_eith": "1",
        "basic_price": 5000000,
        "abandon_price": 5000000,
        "all_hotel_price": 5000000,
        "ret_hotel_price": 5000000,
        "stock": 5
      },
      {
        "cart_key_option": "OOOOOOOOOOOOOOOOOOOO",
        "copt_cd": "00001",
        "facl_cd": "00",
        "plan_cd": "000000",
        "stock_limits_no": "#001",
        "car_facl_nam": "\u672D\u5E4C\u5168\u65E5\u7A7A\u30DB\u30C6\u30EB",
        "plan_images": {
          "pic_url_s": "http://www.domain.com/path/to/contents",
          "pic_url_m": "http://www.domain.com/path/to/contents",
          "pic_url_l": "http://www.domain.com/path/to/contents",
          "pic_url_o": "http://www.domain.com/path/to/contents",
          "pic_nam": "\u25EF\u25EF\u306E\u9593 \u30C0\u30A4\u30CB\u30F3\u30B0\u30B9\u30DA\u30FC\u30B9",
          "pic_comment": "\u753B\u50CF\u306E\u30B3\u30E1\u30F3\u30C8\u3067\u3059"
        },
        "car_class_cd": "01",
        "car_class_nam": "S",
        "num_p_from": 1,
        "num_p_to": 1,
        "for_rsv_nam": "\u7981\u7159\u3000\u6D0B\u5BA4\uFF081\u540D\uFF09\u3000\u30B7\u30F3\u30B0\u30EB",
        "plan_nam": "\u5C02\u7528\u67A0\u30D1\u30C3\u30B1\u30FC\u30B8\u30AA\u30D7\u30B7\u30E7\u30F3\u30D7\u30E9\u30F3",
        "all_hotel_note": "\u914D\u8ECA\u30DB\u30C6\u30EB\u5099\u8003",
        "ret_hotel_note": "\u8FD4\u8ECA\u30DB\u30C6\u30EB\u5099\u8003",
        "use_qtty": 24,
        "icon_flgs": {
          "smoking_cf": "2",
          "etc_cf": "1",
          "navi_cf": "1"
        },
        "recommended_flg": "1",
        "use_pre_req_no": "001",
        "use_pre_req_unit": "1",
        "use_pre_req_nam": "\uFF11\u540D\uFF11\u5BA4",
        "disp_use_req_unit_nam": "\u5BA4",
        "settle_way_cf": "0",
        "cvs_isst_eith": "1",
        "basic_price": 5000000,
        "abandon_price": 5000000,
        "all_hotel_price": 5000000,
        "ret_hotel_price": 5000000,
        "stock": 5
      }
    ]
  }
}