{
  "db_version_time": "20181102100000",
  "response": {
    "count": 80,
    "total_pages": 1,
    "display_range_from": 1,
    "display_range_to": 10,
    "hotel_list": [
        {
          "maj_mat_cd": "03",
          "region_cd": "101",
          "area_cd": "101",
          "maj_mat_nam": "沖縄",
          "region_nam": "本島・伊江島・慶良間諸島",
          "area_nam": "那覇",
          "copt_cd": "11509",
          "facl_cd": "01",
          "facl_nam": "ＡＮＡクラウンプラザホテル沖縄ハーバービュー",
          "zip_cd": "900-0021",
          "adrs": "沖縄県那覇市泉崎２－４６",
          "tripadvisor": {
            "url": "http://www.tripadvisor.com/WidgetEmbed-cdspropertydetail?display=true&partnerId=206A2C0E46484820B4FB66FA0D898539&lang=ja&locationId=1150901",
            "rate": 4,
            "count": 724,
            "image_url": "http://www.tripadvisor.jp/img/cdsi/img2/ratings/traveler/4.0-36734-4.png"
          },
          "latitude": "26.2090458161",
          "longitude": "127.680473557",
          "facl_image": {
            "pic_nam": "２０１５ＡＷＡＲＤ外観",
            "pic_url_l": "https://image.aims.ana.co.jp/1150901/images/1150901_00232_l.jpg",
            "pic_url_m": "https://image.aims.ana.co.jp/1150901/images/1150901_00232_m.jpg",
            "pic_url_o": null,
            "pic_url_s": "https://image.aims.ana.co.jp/1150901/images/1150901_00232_s.jpg",
            "pic_comment": null
          }
        },
        {
          "maj_mat_cd": "03",
          "region_cd": "101",
          "area_cd": "103",
          "maj_mat_nam": "沖縄",
          "region_nam": "本島・伊江島・慶良間諸島",
          "area_nam": "読谷・沖縄市・うるま・その他",
          "copt_cd": "18521",
          "facl_cd": "00",
          "facl_nam": "ジ・ウザテラス　ビーチクラブヴィラズ",
          "zip_cd": "904-0328",
          "adrs": "沖縄県中頭郡読谷村宇座６３０－１",
          "tripadvisor": null,
          "latitude": "26.4328822616",
          "longitude": "127.719815683",
          "facl_image": {
            "pic_nam": null,
            "pic_url_l": "https://image.aims.ana.co.jp/1852100/images/1852100_00075_l.jpg",
            "pic_url_m": "https://image.aims.ana.co.jp/1852100/images/1852100_00075_m.jpg",
            "pic_url_o": null,
            "pic_url_s": "https://image.aims.ana.co.jp/1852100/images/1852100_00075_s.jpg",
            "pic_comment": null
          }
        },
        {
          "maj_mat_cd": "03",
          "region_cd": "101",
          "area_cd": "102",
          "maj_mat_nam": "沖縄",
          "region_nam": "本島・伊江島・慶良間諸島",
          "area_nam": "名護・恩納・本部・今帰仁・その他",
          "copt_cd": "10272",
          "facl_cd": "01",
          "facl_nam": "ルネッサンスリゾートオキナワ",
          "zip_cd": "904-0416",
          "adrs": "沖縄県国頭郡恩納村山田３４２５－２",
          "tripadvisor": {
            "url": "http://www.tripadvisor.com/WidgetEmbed-cdspropertydetail?display=true&partnerId=206A2C0E46484820B4FB66FA0D898539&lang=ja&locationId=1027201",
            "rate": 4,
            "count": 927,
            "image_url": "http://www.tripadvisor.jp/img/cdsi/img2/ratings/traveler/4.0-36734-4.png"
          },
          "latitude": "26.435784657 ",
          "longitude": "127.788849916",
          "facl_image": {
            "pic_nam": "ルネッサンスリゾートオキナワ外観",
            "pic_url_l": "https://image.aims.ana.co.jp/1027201/images/1027201_00269_l.jpg",
            "pic_url_m": "https://image.aims.ana.co.jp/1027201/images/1027201_00269_m.jpg",
            "pic_url_o": null,
            "pic_url_s": "https://image.aims.ana.co.jp/1027201/images/1027201_00269_s.jpg",
            "pic_comment": null
          }
        },
        {
          "maj_mat_cd": "03",
          "region_cd": "101",
          "area_cd": "102",
          "maj_mat_nam": "沖縄",
          "region_nam": "本島・伊江島・慶良間諸島",
          "area_nam": "名護・恩納・本部・今帰仁・その他",
          "copt_cd": "10278",
          "facl_cd": "00",
          "facl_nam": "ジ・アッタテラス　クラブタワーズ",
          "zip_cd": "904-0402",
          "adrs": "沖縄県国頭郡恩納村安富祖１０７９番地",
          "tripadvisor": {
            "url": "http://www.tripadvisor.com/WidgetEmbed-cdspropertydetail?display=true&partnerId=206A2C0E46484820B4FB66FA0D898539&lang=ja&locationId=1027800",
            "rate": 4.5,
            "count": 227,
            "image_url": "http://www.tripadvisor.jp/img/cdsi/img2/ratings/traveler/4.5-36734-4.png"
          },
          "latitude": "26.4997832889",
          "longitude": "127.896316644",
          "facl_image": {
            "pic_nam": "アウトドアプール",
            "pic_url_l": "https://image.aims.ana.co.jp/1027800/images/1027800_00252_l.jpg",
            "pic_url_m": "https://image.aims.ana.co.jp/1027800/images/1027800_00252_m.jpg",
            "pic_url_o": null,
            "pic_url_s": "https://image.aims.ana.co.jp/1027800/images/1027800_00252_s.jpg",
            "pic_comment": null
          }
        },
        {
          "maj_mat_cd": "03",
          "region_cd": "101",
          "area_cd": "102",
          "maj_mat_nam": "沖縄",
          "region_nam": "本島・伊江島・慶良間諸島",
          "area_nam": "名護・恩納・本部・今帰仁・その他",
          "copt_cd": "10501",
          "facl_cd": "01",
          "facl_nam": "ＡＮＡインターコンチネンタル万座ビーチリゾート",
          "zip_cd": "904-0493",
          "adrs": "沖縄県国頭郡恩納村字瀬良垣２２６０",
          "tripadvisor": null,
          "latitude": "26.5086930769",
          "longitude": "127.858587967",
          "facl_image": {
            "pic_nam": "ホテル外観（空撮）",
            "pic_url_l": "https://image.aims.ana.co.jp/1050101/images/1050101_00740_l.jpg",
            "pic_url_m": "https://image.aims.ana.co.jp/1050101/images/1050101_00740_m.jpg",
            "pic_url_o": null,
            "pic_url_s": "https://image.aims.ana.co.jp/1050101/images/1050101_00740_s.jpg",
            "pic_comment": "美しいサンゴの海に囲まれた素晴らしいロケーション。"
          }
        },
        {
          "maj_mat_cd": "03",
          "region_cd": "101",
          "area_cd": "102",
          "maj_mat_nam": "沖縄",
          "region_nam": "本島・伊江島・慶良間諸島",
          "area_nam": "名護・恩納・本部・今帰仁・その他",
          "copt_cd": "13555",
          "facl_cd": "00",
          "facl_nam": "オキナワマリオットリゾート＆スパ",
          "zip_cd": "905-0026",
          "adrs": "沖縄県名護市喜瀬１４９０－１",
          "tripadvisor": {
            "url": "http://www.tripadvisor.com/WidgetEmbed-cdspropertydetail?display=true&partnerId=206A2C0E46484820B4FB66FA0D898539&lang=ja&locationId=1355500",
            "rate": 4.5,
            "count": 1276,
            "image_url": "http://www.tripadvisor.jp/img/cdsi/img2/ratings/traveler/4.5-36734-4.png"
          },
          "latitude": "26.5296679445",
          "longitude": "127.933651567",
          "facl_image": {
            "pic_nam": "外観００２",
            "pic_url_l": "https://image.aims.ana.co.jp/1355500/images/1355500_00378_l.jpg",
            "pic_url_m": "https://image.aims.ana.co.jp/1355500/images/1355500_00378_m.jpg",
            "pic_url_o": null,
            "pic_url_s": "https://image.aims.ana.co.jp/1355500/images/1355500_00378_s.jpg",
            "pic_comment": null
          }
        },
        {
          "maj_mat_cd": "03",
          "region_cd": "103",
          "area_cd": "113",
          "maj_mat_nam": "沖縄",
          "region_nam": "宮古島・池間島・伊良部島",
          "area_nam": "宮古島",
          "copt_cd": "10351",
          "facl_cd": "01",
          "facl_nam": "宮古島東急ホテル＆リゾーツ",
          "zip_cd": "906-0305",
          "adrs": "沖縄県宮古島市下地字与那覇９１４番地",
          "tripadvisor": {
            "url": "http://www.tripadvisor.com/WidgetEmbed-cdspropertydetail?display=true&partnerId=206A2C0E46484820B4FB66FA0D898539&lang=ja&locationId=1035101",
            "rate": 4.5,
            "count": 799,
            "image_url": "http://www.tripadvisor.jp/img/cdsi/img2/ratings/traveler/4.5-36734-4.png"
          },
          "latitude": "24.7457612484",
          "longitude": "125.259863566",
          "facl_image": {
            "pic_nam": "全景",
            "pic_url_l": "https://image.aims.ana.co.jp/1035101/images/1035101_00323_l.jpg",
            "pic_url_m": "https://image.aims.ana.co.jp/1035101/images/1035101_00323_m.jpg",
            "pic_url_o": null,
            "pic_url_s": "https://image.aims.ana.co.jp/1035101/images/1035101_00323_s.jpg",
            "pic_comment": "目の前に広がるこの美しい海が、訪れる人の心を癒します"
          }
        }, {
          "maj_mat_cd": "03",
          "region_cd": "103",
          "area_cd": "113",
          "maj_mat_nam": "沖縄",
          "region_nam": "宮古島・池間島・伊良部島",
          "area_nam": "宮古島",
          "copt_cd": "19204",
          "facl_cd": "00",
          "facl_nam": "ホテルシーブリーズカジュアル",
          "zip_cd": "906-0203",
          "adrs": "沖縄県宮古島市上野宮国９７４－３",
          "tripadvisor": null,
          "latitude": "24.721505014 ",
          "longitude": "125.332632839",
          "facl_image": {
            "pic_nam": "風呂代表",
            "pic_url_l": "https://adam-kensyo.image.aims.ana.co.jp/1920400/images/1920400_00064_l.jpg",
            "pic_url_m": "https://adam-kensyo.image.aims.ana.co.jp/1920400/images/1920400_00064_m.jpg",
            "pic_url_o": null,
            "pic_url_s": "https://adam-kensyo.image.aims.ana.co.jp/1920400/images/1920400_00064_s.jpg",
            "pic_comment": null
          }
        }]
  }
}