<env:Envelope xmlns:env="http://schemas.xmlsoap.org/soap/envelope/" xmlns="http://www.anaskyholiday.co.jp/adam/dto/api"
  xmlns:api="http://www.anaskyholiday.co.jp/adam/api">
  <env:Header />
  <env:Body>
    <api:sc0020aResponse>
      <IFASW011IRes>
        <cmnHedInf>
          <reqResCf>2</reqResCf>
          <reqOrgCd>INTERNET</reqOrgCd>
          <pwd>pass9999</pwd>
          <svcKd>IFASW011I</svcKd>
          <mkMsgDt>2018-07-19T17:26:23+09:00</mkMsgDt>
        </cmnHedInf>
        <proRstInf>
          <rstCd>0</rstCd>
          <lstUpdDtInf>
            <rcNo>GD824342</rcNo>
            <lstUpdDt>2018-07-19T17:26:23+09:00</lstUpdDt>
          </lstUpdDtInf>
        </proRstInf>
      </IFASW011IRes>
    </api:sc0020aResponse>
  </env:Body>
</env:Envelope>