<env:Envelope xmlns:env="http://schemas.xmlsoap.org/soap/envelope/" xmlns="http://www.anaskyholiday.co.jp/adam/dto/api"
  xmlns:api="http://www.anaskyholiday.co.jp/adam/api">
  <env:Header />
  <env:Body>
    <api:sc0140aResponse>
      <IFASW023IRes>
        <cmnHedInf>
          <reqResCf>2</reqResCf>
          <reqOrgCd>INTERNET</reqOrgCd>
          <pwd>pass9999</pwd>
          <svcKd>IFASW023I</svcKd>
          <mkMsgDt>2018-07-27T14:43:15+09:00</mkMsgDt>
        </cmnHedInf>
        <proRstInf>
          <rstCd>0</rstCd>
        </proRstInf>
        <dtSct>
          <mbrInf>
            <mbrNo>9901000234</mbrNo>
            <mmbrCd>0</mmbrCd>
            <trvExpFlg>1</trvExpFlg>
            <mbrKdCd>ACH</mbrKdCd>
            <spcMbrCfCd>*</spcMbrCfCd>
            <crdStCd>x</crdStCd>
            <sndObjNm>あいねす　いち</sndObjNm>
            <crdNm>ＩＮＥＳ　ＩＣＨＩ</crdNm>
            <ablINm>INES/ICHI</ablINm>
            <ablDNm>アイネス/イチ</ablDNm>
            <bd>19400303</bd>
            <sexCd>M</sexCd>
            <sndObjLngCd>J</sndObjLngCd>
            <mliSndCd>H</mliSndCd>
            <mliAdrUnCfCd>*</mliAdrUnCfCd>
            <emlSndCd>B</emlSndCd>
            <emlSndAdrUnCfCd>*</emlSndAdrUnCfCd>
            <chgDskCd>TYO</chgDskCd>
            <pwd>0000</pwd>
            <osdAcsExcFlg>0</osdAcsExcFlg>
            <homInf>
              <homZipNo>110-0001</homZipNo>
              <homCunCd>JP</homCunCd>
              <homPrfNm>東京都</homPrfNm>
              <homCtyNm>千代田区</homCtyNm>
              <homAdr1>モバイル１丁目</homAdr1>
              <homTel>0120-123-456</homTel>
              <mlAdr1>a@asp-kk.co.jp</mlAdr1>
              <uulMblPhnNo>09011112222</uulMblPhnNo>
              <mlAdr3>testtest1@docomo.ne.jp</mlAdr3>
            </homInf>
            <wpcInf>
              <wpcZipNo>110-1111</wpcZipNo>
              <wpcCunCd>JP</wpcCunCd>
              <wpcPrfNm>大阪府</wpcPrfNm>
              <wpcCtyNm>中央区</wpcCtyNm>
              <wpcAdr1>会社住所</wpcAdr1>
              <wpcTel>03-1111-1111</wpcTel>
              <mlAdr2>info-04@toto1.asp-kk.co.jp</mlAdr2>
              <wpcCpmNm>株式会社</wpcCpmNm>
              <wpcDprNm>宴会部</wpcDprNm>
              <wpcPosNm>部長</wpcPosNm>
            </wpcInf>
            <anaCrdInf>
              <anaCrdKdCd>ANA</anaCrdKdCd>
            </anaCrdInf>
            <allCrdInf>
              <allCrdKdCd>EDY</allCrdKdCd>
            </allCrdInf>
          </mbrInf>
          <ctInf>
            <itgPrtMbrNo>9901000234</itgPrtMbrNo>
            <prmStCdInf>
              <prmStCd>P</prmStCd>
              <prmIssKd>N</prmIssKd>
            </prmStCdInf>
            <webPwd>trvl9901000234</webPwd>
            <webPwdRgsYmdTm>20150204</webPwdRgsYmdTm>
          </ctInf>
          <ctSatInf>
            <satInf />
          </ctSatInf>
          <ctBdInf>
            <dmcMbrRstBdInf>
              <allCreInf />
            </dmcMbrRstBdInf>
            <inlMbrRstBdInf>
              <allCreInf />
            </inlMbrRstBdInf>
          </ctBdInf>
        </dtSct>
      </IFASW023IRes>
    </api:sc0140aResponse>
  </env:Body>
</env:Envelope>