<env:Envelope xmlns:env="http://schemas.xmlsoap.org/soap/envelope/" xmlns="http://www.anaskyholiday.co.jp/adam/dto/api"
  xmlns:api="http://www.anaskyholiday.co.jp/adam/api">
  <env:Header />
  <env:Body>
    <api:sc0250aResponse>
      <IFASW034IRes>
        <cmnHedInf>
          <reqResCf>2</reqResCf>
          <reqOrgCd>INTERNET</reqOrgCd>
          <pwd>pass9999</pwd>
          <svcKd>IFASW034I</svcKd>
          <mkMsgDt>2018-06-14T14:01:11+09:00</mkMsgDt>
        </cmnHedInf>
        <proRstInf>
          <rstCd>0</rstCd>
          <lstUpdDtInf>
            <rcNo>UD889009</rcNo>
            <lstUpdDt>2018-06-14T13:56:45+09:00</lstUpdDt>
          </lstUpdDtInf>
        </proRstInf>
      </IFASW034IRes>
    </api:sc0250aResponse>
  </env:Body>
</env:Envelope>