<env:Envelope xmlns:env="http://schemas.xmlsoap.org/soap/envelope/" xmlns="http://www.anaskyholiday.co.jp/adam/dto/api"
  xmlns:api="http://www.anaskyholiday.co.jp/adam/api">
  <env:Header />
  <env:Body>
    <api:sc0150aResponse>
      <IFASW024IRes>
        <cmnHedInf>
          <reqResCf>2</reqResCf>
          <reqOrgCd>INTERNET</reqOrgCd>
          <pwd>pass9999</pwd>
          <svcKd>IFASW024I</svcKd>
          <mkMsgDt>2018-09-18T17:32:23+09:00</mkMsgDt>
        </cmnHedInf>
        <proRstInf>
          <rstCd>0</rstCd>
          <lstUpdDtInf>
            <rcNo>UD885198</rcNo>
            <lstUpdDt>2018-09-18T17:32:05+09:00</lstUpdDt>
          </lstUpdDtInf>
        </proRstInf>
        <krtInqRstInf>
          <rcNo>UD885198</rcNo>
          <krtFlg>1</krtFlg>
          <itnGidEth>0</itnGidEth>
          <webRcpIssAdv>false</webRcpIssAdv>
          <payToDoinf>
            <paySt>1</paySt>
            <krtPayAmt>12000</krtPayAmt>
            <trnFlg>0</trnFlg>
            <othMatFlg>0</othMatFlg>
            <rfdAmtClcNotDnmFlg>0</rfdAmtClcNotDnmFlg>
            <parInf>
              <parCf>0</parCf>
              <parSt>1</parSt>
              <dnmCd>025</dnmCd>
              <proAmt>2000</proAmt>
            </parInf>
            <parInf>
              <parCf>0</parCf>
              <parSt>0</parSt>
              <dnmCd>018</dnmCd>
              <proAmt>242100</proAmt>
            </parInf>
          </payToDoinf>
        </krtInqRstInf>
      </IFASW024IRes>
    </api:sc0150aResponse>
  </env:Body>
</env:Envelope>