<S:Envelope xmlns:env="http://schemas.xmlsoap.org/soap/envelope/" xmlns:S="http://schemas.xmlsoap.org/soap/envelope/">
  <env:Header />
  <S:Body>
    <ns0:se0010aRequest xmlns="http://www.anaskyholiday.co.jp/adam/dto/api" xmlns:ns0="http://www.anaskyholiday.co.jp/adam/api">
      <IFASW039IReq>
        <cmnHedInf>
          <reqResCf>1</reqResCf>
          <reqOrgCd>INTERNET</reqOrgCd>
          <pwd>P@ssw0rd</pwd>
          <svcKd>IFASW039I</svcKd>
          <mkMsgDt>2017-06-05T18:04:26.717+09:00</mkMsgDt>
        </cmnHedInf>
        <updRcInf>
          <proCf>1</proCf>
          <rcReqSn>1</rcReqSn>
          <updPxInf>
            <pxReqSn>1</pxReqSn>
            <age>20</age>
            <rpFlg>1</rpFlg>
          </updPxInf>
          <updRcGdInf>
            <proCf>1</proCf>
            <rcGdReqSn>2</rcGdReqSn>
            <gdCd>A670A18E21</gdCd>
            <gdTypCd>20</gdTypCd>
            <depDd>20170701</depDd>
            <depp>006</depp>
            <gdPxAltInf>
              <pxReqSn>1</pxReqSn>
            </gdPxAltInf>
            <updRvMtInf>
              <proCf>1</proCf>
              <mtReqSn>3</mtReqSn>
              <itnKd>2</itnKd>
              <relUseDd>1</relUseDd>
              <pxMtAltInf>
                <pxReqSn>1</pxReqSn>
              </pxMtAltInf>
              <updAirRvInf>
                <chiRqiNo>1</chiRqiNo>
                <cre>NH</cre>
                <flt>0462</flt>
                <clsKd>0</clsKd>
                <ptnUseSecNo>1</ptnUseSecNo>
                <ptnUseSecViaNo>1</ptnUseSecViaNo>
                <upgCf>A</upgCf>
                <upgNo>02001</upgNo>
                <fltKd>1</fltKd>
                <depAptCd>OKA</depAptCd>
                <arrAptCd>HND</arrAptCd>
                <depTm>1110</depTm>
                <arrTm>1340</arrTm>
                <stcCfNo>10162</stcCfNo>
                <ptnCd>002</ptnCd>
                <plcUseFltNo>43</plcUseFltNo>
                <useDd>20170701</useDd>
                <bkgCls>E</bkgCls>
                <bkgClsCf>1</bkgClsCf>
                <num>1</num>
              </updAirRvInf>
            </updRvMtInf>
            <updRvMtInf>
              <proCf>1</proCf>
              <mtReqSn>4</mtReqSn>
              <itnKd>2</itnKd>
              <relUseDd>1</relUseDd>
              <pxMtAltInf>
                <pxReqSn>1</pxReqSn>
              </pxMtAltInf>
              <updAirRvInf>
                <chiRqiNo>1</chiRqiNo>
                <cre>NH</cre>
                <flt>0069</flt>
                <clsKd>0</clsKd>
                <ptnUseSecNo>1</ptnUseSecNo>
                <ptnUseSecViaNo>2</ptnUseSecViaNo>
                <upgCf>A</upgCf>
                <upgNo>02002</upgNo>
                <fltKd>1</fltKd>
                <depAptCd>HND</depAptCd>
                <arrAptCd>CTS</arrAptCd>
                <depTm>1500</depTm>
                <arrTm>1630</arrTm>
                <stcCfNo>10162</stcCfNo>
                <ptnCd>002</ptnCd>
                <plcUseFltNo>10</plcUseFltNo>
                <useDd>20170701</useDd>
                <bkgCls>Y</bkgCls>
                <bkgClsCf>1</bkgClsCf>
                <num>1</num>
              </updAirRvInf>
            </updRvMtInf>
            <updRvMtInf>
              <proCf>1</proCf>
              <mtReqSn>5</mtReqSn>
              <itnKd>2</itnKd>
              <relUseDd>2</relUseDd>
              <pxMtAltInf>
                <pxReqSn>1</pxReqSn>
              </pxMtAltInf>
              <updAirRvInf>
                <chiRqiNo>1</chiRqiNo>
                <cre>HD</cre>
                <flt>4720</flt>
                <clsKd>0</clsKd>
                <ptnUseSecNo>1</ptnUseSecNo>
                <ptnUseSecViaNo>1</ptnUseSecViaNo>
                <upgCf>A</upgCf>
                <upgNo>02008</upgNo>
                <fltKd>3</fltKd>
                <depAptCd>CTS</depAptCd>
                <arrAptCd>HND</arrAptCd>
                <depTm>1220</depTm>
                <arrTm>1400</arrTm>
                <stcCfNo>10162</stcCfNo>
                <ptnCd>002</ptnCd>
                <plcUseFltNo>38</plcUseFltNo>
                <useDd>20170702</useDd>
                <bkgCls>E</bkgCls>
                <bkgClsCf>1</bkgClsCf>
                <num>1</num>
              </updAirRvInf>
            </updRvMtInf>
            <updRvMtInf>
              <proCf>1</proCf>
              <mtReqSn>6</mtReqSn>
              <itnKd>2</itnKd>
              <relUseDd>2</relUseDd>
              <pxMtAltInf>
                <pxReqSn>1</pxReqSn>
              </pxMtAltInf>
              <updAirRvInf>
                <chiRqiNo>1</chiRqiNo>
                <cre>NH</cre>
                <flt>0477</flt>
                <clsKd>0</clsKd>
                <ptnUseSecNo>1</ptnUseSecNo>
                <ptnUseSecViaNo>2</ptnUseSecViaNo>
                <upgCf>A</upgCf>
                <upgNo>02008</upgNo>
                <fltKd>3</fltKd>
                <depAptCd>HND</depAptCd>
                <arrAptCd>OKA</arrAptCd>
                <depTm>1555</depTm>
                <arrTm>1820</arrTm>
                <stcCfNo>10162</stcCfNo>
                <ptnCd>002</ptnCd>
                <plcUseFltNo>59</plcUseFltNo>
                <useDd>20170702</useDd>
                <bkgCls>B</bkgCls>
                <bkgClsCf>1</bkgClsCf>
                <num>1</num>
              </updAirRvInf>
            </updRvMtInf>
            <updRvMtInf>
              <proCf>1</proCf>
              <mtReqSn>7</mtReqSn>
              <itnKd>2</itnKd>
              <relUseDd>1</relUseDd>
              <pxMtAltInf>
                <pxReqSn>1</pxReqSn>
                <mtDtNo>0</mtDtNo>
              </pxMtAltInf>
              <updStyRvInf>
                <itnCtrlNo>10000140</itnCtrlNo>
                <fdrNo>003</fdrNo>
                <cpCd>10001</cpCd>
                <fcCd>00</fcCd>
                <plCd>S00400</plCd>
                <stlNo>#017</stlNo>
                <useCndNo>001</useCndNo>
                <upgCf>H</upgCf>
                <upgNo>02001</upgNo>
                <useDd>20170701</useDd>
                <styDdNum>1</styDdNum>
                <num>1</num>
              </updStyRvInf>
            </updRvMtInf>
            <updRvMtInf>
              <proCf>1</proCf>
              <mtReqSn>8</mtReqSn>
              <itnKd>2</itnKd>
              <relUseDd>1</relUseDd>
              <pxMtAltInf>
                <pxReqSn>1</pxReqSn>
                <mtDtNo>0</mtDtNo>
                <kdTypCd>001</kdTypCd>
              </pxMtAltInf>
              <updStyRvInf>
                <itnCtrlNo>10000156</itnCtrlNo>
                <fdrNo>007</fdrNo>
                <cpCd>10001</cpCd>
                <fcCd>60</fcCd>
                <plCd>S00000</plCd>
                <stlNo>#001</stlNo>
                <useCndNo>001</useCndNo>
                <upgCf>F</upgCf>
                <upgNo>02001</upgNo>
                <useDd>20170701</useDd>
                <styDdNum>1</styDdNum>
                <num>1</num>
              </updStyRvInf>
            </updRvMtInf>
            <updRvMtInf>
              <proCf>1</proCf>
              <mtReqSn>9</mtReqSn>
              <itnKd>0</itnKd>
              <relUseDd>1</relUseDd>
              <pxMtAltInf>
                <pxReqSn>1</pxReqSn>
                <mtDtNo>0</mtDtNo>
                <kdTypCd>001</kdTypCd>
              </pxMtAltInf>
              <updStyRvInf>
                <itnCtrlNo>10000155</itnCtrlNo>
                <fdrNo>006</fdrNo>
                <cpCd>10002</cpCd>
                <fcCd>10</fcCd>
                <plCd>S00100</plCd>
                <stlNo>#003</stlNo>
                <useCndNo>001</useCndNo>
                <upgCf>E</upgCf>
                <upgNo>02013</upgNo>
                <useDd>20170701</useDd>
                <styDdNum>1</styDdNum>
                <num>1</num>
              </updStyRvInf>
            </updRvMtInf>
          </updRcGdInf>
        </updRcInf>
      </IFASW039IReq>
    </ns0:se0010aRequest>
  </S:Body>
</S:Envelope>