<env:Envelope xmlns:env="http://schemas.xmlsoap.org/soap/envelope/" xmlns="http://www.anaskyholiday.co.jp/adam/dto/api"
  xmlns:api="http://www.anaskyholiday.co.jp/adam/api">
  <env:Header />
  <env:Body>
    <api:se0010aResponse>
      <IFASW039IRes>
        <cmnHedInf>
          <reqResCf>2</reqResCf>
          <reqOrgCd>INTERNET</reqOrgCd>
          <pwd>pass9999</pwd>
          <svcKd>IFASW039I</svcKd>
          <mkMsgDt>2018-07-19T17:25:33+09:00</mkMsgDt>
        </cmnHedInf>
        <proRstInf>
          <rstCd>0</rstCd>
          <lstUpdDtInf>
            <rcNo>GD824342</rcNo>
            <lstUpdDt>2018-07-19T17:25:33+09:00</lstUpdDt>
          </lstUpdDtInf>
        </proRstInf>
        <rvInf>
          <rcNo>GD824342</rcNo>
          <rcReqSn>1</rcReqSn>
          <cdtDd>20180826</cdtDd>
          <num>2</num>
          <adNum>2</adNum>
          <chNum>0</chNum>
          <infNum>0</infNum>
          <rpPsnId>4196161</rpPsnId>
          <trvCstTtl>68000</trvCstTtl>
          <rcSt>01</rcSt>
          <rvDt>2018-07-19T17:25:31+09:00</rvDt>
          <majMatCd>02</majMatCd>
          <majMatNm>北海道</majMatNm>
          <issCf>0</issCf>
          <irrFlg>0</irrFlg>
          <webIdtFlg>1</webIdtFlg>
          <itnGidFlg>0</itnGidFlg>
          <rcGdInf>
            <rcGdNo>0</rcGdNo>
            <rcGdReqSn>2</rcGdReqSn>
            <gdCd>A07GA11A21</gdCd>
            <gdNm>【ＷＥＢ】トラベルコレンタカー２日間（東京発）</gdNm>
            <webGdNm>【ＷＥＢ】トラベルコレンタカー２日間（東京発）</webGdNm>
            <bxCd>A07GA1</bxCd>
            <gdTypCd>20</gdTypCd>
            <feeAppStnKd>0</feeAppStnKd>
            <depp>001</depp>
            <dprNm>東京</dprNm>
            <depDd>20180826</depDd>
            <arrDd>20180827</arrDd>
            <rvSt>8</rvSt>
            <dspRvSt>予約確定</dspRvSt>
            <issSt>0</issSt>
            <rvDt>2018-07-19T17:25:31+09:00</rvDt>
            <cnlFlg>0</cnlFlg>
            <gusGdFlg>0</gusGdFlg>
            <snmCf>1</snmCf>
            <payCf>0</payCf>
          </rcGdInf>
          <pxInf>
            <pxId>4196161</pxId>
            <pxReqSn>1</pxReqSn>
            <age>20</age>
            <ssrWcr>0</ssrWcr>
            <ssrBln>0</ssrBln>
            <ssrWak>0</ssrWak>
            <ssrPrg>0</ssrPrg>
            <ssrDft>0</ssrDft>
            <ssrAtn>0</ssrAtn>
            <issSt>0</issSt>
            <fee>34000</fee>
            <disFee>0</disFee>
            <addFee>0</addFee>
            <rvSt>8</rvSt>
            <cnlFlg>0</cnlFlg>
            <pxFlg>0</pxFlg>
          </pxInf>
          <pxInf>
            <pxId>4196162</pxId>
            <pxReqSn>2</pxReqSn>
            <age>20</age>
            <ssrWcr>0</ssrWcr>
            <ssrBln>0</ssrBln>
            <ssrWak>0</ssrWak>
            <ssrPrg>0</ssrPrg>
            <ssrDft>0</ssrDft>
            <ssrAtn>0</ssrAtn>
            <issSt>0</issSt>
            <fee>34000</fee>
            <disFee>0</disFee>
            <addFee>0</addFee>
            <rvSt>8</rvSt>
            <cnlFlg>0</cnlFlg>
            <pxFlg>0</pxFlg>
          </pxInf>
          <gdPxAltInf>
            <rcGdNo>0</rcGdNo>
            <pxId>4196161</pxId>
            <pxDtId>000</pxDtId>
            <feeBef>34000</feeBef>
            <feeAft>34000</feeAft>
            <feeWs>34000</feeWs>
            <untGdSalPrc>34000</untGdSalPrc>
            <numKdNo>13362642</numKdNo>
            <kdTypCd>001</kdTypCd>
            <kdNm>大人</kdNm>
            <rvSt>8</rvSt>
            <issSt>0</issSt>
            <addPrc>0</addPrc>
            <lieFlg>0</lieFlg>
          </gdPxAltInf>
          <gdPxAltInf>
            <rcGdNo>0</rcGdNo>
            <pxId>4196162</pxId>
            <pxDtId>000</pxDtId>
            <feeBef>34000</feeBef>
            <feeAft>34000</feeAft>
            <feeWs>34000</feeWs>
            <untGdSalPrc>34000</untGdSalPrc>
            <numKdNo>13362642</numKdNo>
            <kdTypCd>001</kdTypCd>
            <kdNm>大人</kdNm>
            <rvSt>8</rvSt>
            <issSt>0</issSt>
            <addPrc>0</addPrc>
            <lieFlg>0</lieFlg>
          </gdPxAltInf>
          <airRvInf>
            <rcGdNo>0</rcGdNo>
            <mtNo>0</mtNo>
            <mtReqSn>3</mtReqSn>
            <useDd>20180826</useDd>
            <depp>001</depp>
            <num>2</num>
            <rvSt>8</rvSt>
            <itnKd>2</itnKd>
            <lt2>NH</lt2>
            <lt3>ADO</lt3>
            <flt>4557</flt>
            <dspFlt>057</dspFlt>
            <clsKd>0</clsKd>
            <depTm>0655</depTm>
            <arrTm>0815</arrTm>
            <fltKd>1</fltKd>
            <depAptCd>HND</depAptCd>
            <depAptNm>羽田</depAptNm>
            <arrAptCd>HKD</arrAptCd>
            <arrAptNm>函館</arrAptNm>
            <cnlFlg>0</cnlFlg>
            <nusFlg>0</nusFlg>
            <creJudFlg>1</creJudFlg>
            <hndT1UseFlg>0</hndT1UseFlg>
            <apStrDt>2018-07-19T17:25:31+09:00</apStrDt>
            <bkgCls>V</bkgCls>
            <mdlNm>73D</mdlNm>
            <cdShJud>0</cdShJud>
          </airRvInf>
          <airRvInf>
            <rcGdNo>0</rcGdNo>
            <mtNo>1</mtNo>
            <mtReqSn>4</mtReqSn>
            <useDd>20180827</useDd>
            <depp>001</depp>
            <num>2</num>
            <rvSt>8</rvSt>
            <itnKd>2</itnKd>
            <lt2>NH</lt2>
            <lt3>ANA</lt3>
            <flt>2154</flt>
            <dspFlt>2154</dspFlt>
            <clsKd>0</clsKd>
            <depTm>1330</depTm>
            <arrTm>1515</arrTm>
            <fltKd>3</fltKd>
            <depAptCd>CTS</depAptCd>
            <depAptNm>新千歳</depAptNm>
            <arrAptCd>NRT</arrAptCd>
            <arrAptNm>成田</arrAptNm>
            <cnlFlg>0</cnlFlg>
            <nusFlg>0</nusFlg>
            <creJudFlg>0</creJudFlg>
            <hndT1UseFlg>0</hndT1UseFlg>
            <apStrDt>2018-07-19T17:25:31+09:00</apStrDt>
            <bkgCls>Q</bkgCls>
            <mdlNm>738</mdlNm>
            <cdShJud>0</cdShJud>
          </airRvInf>
          <gndRvInf>
            <rcGdNo>0</rcGdNo>
            <mtNo>2</mtNo>
            <mtReqSn>5</mtReqSn>
            <useDd>20180826</useDd>
            <depp>001</depp>
            <num>1</num>
            <rvSt>8</rvSt>
            <fdrNo>003</fdrNo>
            <itnCtrlNo>25852490</itnCtrlNo>
            <fdrNm>宿泊（1泊目）</fdrNm>
            <itnKd>2</itnKd>
            <cpCd>00026</cpCd>
            <cpNm>【ＷＥＢ】システムテスト用ホテルグループ</cpNm>
            <fcCd>06</fcCd>
            <fcNm>【ＷＥＢ】ＳＴホテル北海道</fcNm>
            <majMatCd>02</majMatCd>
            <rgnCd>001</rgnCd>
            <araCd>001</araCd>
            <fcTypCd>00</fcTypCd>
            <fcTypNm>宿泊</fcTypNm>
            <stlNo>#002</stlNo>
            <rvDspNm>【WEB】０１－０２[喫煙可 洋室 セミダブル]</rvDspNm>
            <plCd>S00000</plCd>
            <plNm>【ＷＥＢ】ＳＴ宿泊プラン・ＰＫＧ・専用枠・主催・１５８</plNm>
            <matCd>00</matCd>
            <plHstNo>0</plHstNo>
            <cpnIssFlg>0</cpnIssFlg>
            <cndNm>朝食</cndNm>
            <useCndNo>001</useCndNo>
            <useCndNm>【WEB】０１－０２[喫煙可 洋室 （2名） セミダブル]</useCndNm>
            <dspUseCndUntNm>室</dspUseCndUntNm>
            <apStrDt>2018-07-19T17:25:31+09:00</apStrDt>
            <cnlFlg>0</cnlFlg>
            <nusFlg>0</nusFlg>
            <tmMdFlg>0</tmMdFlg>
            <lccFlg>0</lccFlg>
            <eqiFlg>0</eqiFlg>
            <useNum>0</useNum>
          </gndRvInf>
          <pxMtAltAirInf>
            <rcGdNo>0</rcGdNo>
            <pxId>4196161</pxId>
            <pxDtId>000</pxDtId>
            <mtNo>0</mtNo>
            <useDd>20180826</useDd>
            <rvSt>8</rvSt>
            <issSt>0</issSt>
            <irrCnlFlg>0</irrCnlFlg>
            <stnFlg>2</stnFlg>
            <viaFltCf>0</viaFltCf>
            <viaFltGp>00</viaFltGp>
          </pxMtAltAirInf>
          <pxMtAltAirInf>
            <rcGdNo>0</rcGdNo>
            <pxId>4196162</pxId>
            <pxDtId>000</pxDtId>
            <mtNo>0</mtNo>
            <useDd>20180826</useDd>
            <rvSt>8</rvSt>
            <issSt>0</issSt>
            <irrCnlFlg>0</irrCnlFlg>
            <stnFlg>2</stnFlg>
            <viaFltCf>0</viaFltCf>
            <viaFltGp>00</viaFltGp>
          </pxMtAltAirInf>
          <pxMtAltAirInf>
            <rcGdNo>0</rcGdNo>
            <pxId>4196161</pxId>
            <pxDtId>000</pxDtId>
            <mtNo>1</mtNo>
            <useDd>20180827</useDd>
            <rvSt>8</rvSt>
            <issSt>0</issSt>
            <irrCnlFlg>0</irrCnlFlg>
            <stnFlg>2</stnFlg>
            <viaFltCf>0</viaFltCf>
            <viaFltGp>00</viaFltGp>
          </pxMtAltAirInf>
          <pxMtAltAirInf>
            <rcGdNo>0</rcGdNo>
            <pxId>4196162</pxId>
            <pxDtId>000</pxDtId>
            <mtNo>1</mtNo>
            <useDd>20180827</useDd>
            <rvSt>8</rvSt>
            <issSt>0</issSt>
            <irrCnlFlg>0</irrCnlFlg>
            <stnFlg>2</stnFlg>
            <viaFltCf>0</viaFltCf>
            <viaFltGp>00</viaFltGp>
          </pxMtAltAirInf>
          <pxMtAltGndInf>
            <rcGdNo>0</rcGdNo>
            <pxId>4196162</pxId>
            <pxDtId>000</pxDtId>
            <mtNo>2</mtNo>
            <useCndDtNo>0</useCndDtNo>
            <useDd>20180826</useDd>
            <rvSt>8</rvSt>
            <issSt>0</issSt>
            <irrCnlFlg>0</irrCnlFlg>
            <stnFlg>2</stnFlg>
            <lieCf>0</lieCf>
            <kdTypCd>001</kdTypCd>
            <kdTypNm>大人</kdTypNm>
          </pxMtAltGndInf>
          <pxMtAltGndInf>
            <rcGdNo>0</rcGdNo>
            <pxId>4196161</pxId>
            <pxDtId>000</pxDtId>
            <mtNo>2</mtNo>
            <useCndDtNo>0</useCndDtNo>
            <useDd>20180826</useDd>
            <rvSt>8</rvSt>
            <issSt>0</issSt>
            <irrCnlFlg>0</irrCnlFlg>
            <stnFlg>2</stnFlg>
            <lieCf>0</lieCf>
            <kdTypCd>001</kdTypCd>
            <kdTypNm>大人</kdTypNm>
          </pxMtAltGndInf>
        </rvInf>
        <mtVccStInqRst>
          <rcNo>GD824342</rcNo>
          <rcGdNo>0</rcGdNo>
          <mtNo>0</mtNo>
          <mtReqSn>3</mtReqSn>
          <vccSt>40</vccSt>
          <rvAdvJudRst>1</rvAdvJudRst>
        </mtVccStInqRst>
        <mtVccStInqRst>
          <rcNo>GD824342</rcNo>
          <rcGdNo>0</rcGdNo>
          <mtNo>1</mtNo>
          <mtReqSn>4</mtReqSn>
          <vccSt>74</vccSt>
          <rvAdvJudRst>1</rvAdvJudRst>
        </mtVccStInqRst>
        <mtVccStInqRst>
          <rcNo>GD824342</rcNo>
          <rcGdNo>0</rcGdNo>
          <mtNo>2</mtNo>
          <mtReqSn>5</mtReqSn>
          <vccSt>100</vccSt>
          <rvAdvJudRst>1</rvAdvJudRst>
        </mtVccStInqRst>
        <gdVccStInqRst>
          <rcNo>GD824342</rcNo>
          <rcGdNo>0</rcGdNo>
          <rcGdReqSn>2</rcGdReqSn>
          <vccSt>○</vccSt>
          <rvAdvJudRst>1</rvAdvJudRst>
        </gdVccStInqRst>
        <stcInf>
          <plInf>
            <cpCd>00026</cpCd>
            <fcCd>06</fcCd>
            <plCd>S00000</plCd>
            <cvsIssFlg>0</cvsIssFlg>
            <mngCpm>-</mngCpm>
            <matCd>00</matCd>
            <plNm>【ＷＥＢ】ＳＴ宿泊プラン・ＰＫＧ・専用枠・主催・１５８</plNm>
            <stMtdCf>0</stMtdCf>
            <chkiStrTm>1500</chkiStrTm>
            <chkiLstTm>2400</chkiLstTm>
          </plInf>
        </stcInf>
        <gdCreInf>
          <gdFeePhrInf>
            <gdCd>A07GA11A21</gdCd>
            <phrNo>1</phrNo>
            <ord>1</ord>
            <feeCon>包括旅行割引運賃適用の航空運賃</feeCon>
            <outCndCf>01</outCndCf>
          </gdFeePhrInf>
          <gdFeePhrInf>
            <gdCd>A07GA11A21</gdCd>
            <phrNo>2</phrNo>
            <ord>2</ord>
            <feeCon>国内線旅客施設使用料（対象空港利用時のみ）</feeCon>
            <outCndCf>01</outCndCf>
          </gdFeePhrInf>
          <gdFeePhrInf>
            <gdCd>A07GA11A21</gdCd>
            <phrNo>3</phrNo>
            <ord>3</ord>
            <feeCon>規定の宿泊費・食事代</feeCon>
            <outCndCf>02</outCndCf>
          </gdFeePhrInf>
          <gdFeePhrInf>
            <gdCd>A07GA11A21</gdCd>
            <phrNo>4</phrNo>
            <ord>4</ord>
            <feeCon>※食事条件は、ご宿泊ホテルにより異なります。宿泊情報ページをご覧ください。</feeCon>
            <outCndCf>02</outCndCf>
          </gdFeePhrInf>
          <gdFeePhrInf>
            <gdCd>A07GA11A21</gdCd>
            <phrNo>5</phrNo>
            <ord>5</ord>
            <feeCon>※小人代金は、１室に大人代金適用１名様以上と同室の場合に適用となります。</feeCon>
            <outCndCf>03</outCndCf>
          </gdFeePhrInf>
          <gdFeePhrInf>
            <gdCd>A07GA11A21</gdCd>
            <phrNo>6</phrNo>
            <ord>6</ord>
            <feeCon>※小人代金は、旅行開始日を基準に満３歳以上１２歳未満に適用となります。</feeCon>
            <outCndCf>04</outCndCf>
          </gdFeePhrInf>
          <gdFeePhrInf>
            <gdCd>A07GA11A21</gdCd>
            <phrNo>7</phrNo>
            <ord>7</ord>
            <feeCon>※行程中の規定料金以外の交通費、食事代、入園料等はお客様負担となります。</feeCon>
            <outCndCf>00</outCndCf>
          </gdFeePhrInf>
          <gdFeePhrInf>
            <gdCd>A07GA11A21</gdCd>
            <phrNo>8</phrNo>
            <ord>8</ord>
            <feeCon>※★をご利用にならなかった場合の払戻はございません。</feeCon>
            <outCndCf>00</outCndCf>
          </gdFeePhrInf>
          <csrGdcInf>
            <gdCd>A07GA11A21</gdCd>
            <phrNo>1</phrNo>
            <ord>1</ord>
            <gdcCon>【最少催行人員】
              ２名(ただし、１名１室の設定がある宿泊施設のみを利用した場合は１名）
            </gdcCon>
            <outCndCf>00</outCndCf>
          </csrGdcInf>
          <csrGdcInf>
            <gdCd>A07GA11A21</gdCd>
            <phrNo>2</phrNo>
            <ord>2</ord>
            <gdcCon>【旅のご案内にてお渡しするもの】</gdcCon>
            <outCndCf>00</outCndCf>
          </csrGdcInf>
          <csrGdcInf>
            <gdCd>A07GA11A21</gdCd>
            <phrNo>3</phrNo>
            <ord>3</ord>
            <gdcCon>・ｅチケットお客様控</gdcCon>
            <outCndCf>01</outCndCf>
          </csrGdcInf>
          <csrGdcInf>
            <gdCd>A07GA11A21</gdCd>
            <phrNo>4</phrNo>
            <ord>4</ord>
            <gdcCon>・旅程表</gdcCon>
            <outCndCf>00</outCndCf>
          </csrGdcInf>
          <csrGdcInf>
            <gdCd>A07GA11A21</gdCd>
            <phrNo>5</phrNo>
            <ord>5</ord>
            <gdcCon>・スカイホリデークーポン</gdcCon>
            <outCndCf>05</outCndCf>
          </csrGdcInf>
          <csrGdcInf>
            <gdCd>A07GA11A21</gdCd>
            <phrNo>6</phrNo>
            <ord>6</ord>
            <gdcCon>※オプショナルプランをお申し込みの場合は、別途クーポンをお渡しする場合がございますので、販売店にてご確認ください。</gdcCon>
            <outCndCf>00</outCndCf>
          </csrGdcInf>
          <csrGdcInf>
            <gdCd>A07GA11A21</gdCd>
            <phrNo>7</phrNo>
            <ord>7</ord>
            <gdcCon>【添乗員について】
              添乗員は同行いたしません。
            </gdcCon>
            <outCndCf>00</outCndCf>
          </csrGdcInf>
          <csrGdcInf>
            <gdCd>A07GA11A21</gdCd>
            <phrNo>8</phrNo>
            <ord>8</ord>
            <gdcCon>【夕食付き宿泊施設をご利用の方へのご案内】
              ・食事内容は大人と小人とで異なる場合がございます。 ・夕食付きの施設にお申し込みの方は特に記載のない限り１８：００までに宿泊施設へチェックインしてくださ い。それ以後となる場合は必ず宿泊施設へご連絡のうえ、夕食対応時間をご確認ください。
            </gdcCon>
            <outCndCf>06</outCndCf>
          </csrGdcInf>
          <csrGdcInf>
            <gdCd>A07GA11A21</gdCd>
            <phrNo>9</phrNo>
            <ord>9</ord>
            <gdcCon>【朝食付き宿泊施設をご利用の方へのご案内】
              早朝出発の場合などお客様の行程によっては朝食をご利用いただくことができない場合がございます。その場合、お客様の朝食放棄となりますのでご注意ください。
            </gdcCon>
            <outCndCf>07</outCndCf>
          </csrGdcInf>
          <csrGdcInf>
            <gdCd>A07GA11A21</gdCd>
            <phrNo>10</phrNo>
            <ord>10</ord>
            <gdcCon>【ＡＮＡ ＦＥＳＴＡ各空港店舗ご購入割引について】
              各空港のＡＮＡ
              ＦＥＳＴＡで１，０００円以上お買い上げいただくと、ご購入金額から１０％割引になります。ツアーご購入の際にお渡しする「旅程表」をご提示ください。グループでご参加のお客様で「旅程表」が代表者の方のみの場合、その他の方はホームページ（http://www.ダミーリンク.co.jp/）より、「ＡＮＡ
              ＦＥＳＴＡおみやげ割引券」を印刷し、購入時にご提示ください。 ※一部、割引対象外の商品がございますので、詳しくは店舗の販売員にお尋ねください。 ※一部、ＡＮＡ
              ＦＥＳＴＡのない空港がございます。詳しくは（http://www.ダミーリンク.com）をご覧ください。
            </gdcCon>
            <outCndCf>01</outCndCf>
          </csrGdcInf>
          <csrGdcInf>
            <gdCd>A07GA11A21</gdCd>
            <phrNo>11</phrNo>
            <ord>11</ord>
            <gdcCon>【その他】
              ・お客様都合による行程の変更はできません。
            </gdcCon>
            <outCndCf>00</outCndCf>
          </csrGdcInf>
          <csrGdcInf>
            <gdCd>A07GA11A21</gdCd>
            <phrNo>12</phrNo>
            <ord>12</ord>
            <gdcCon>・ご旅行期間中であって、当社の手配による旅行サービスの提供が一切行われない日（これを当社では「無手配日」といいます）については、当該日にお客様が被った損害について補償金は支払われません。</gdcCon>
            <outCndCf>08</outCndCf>
          </csrGdcInf>
          <csrGdcInf>
            <gdCd>A07GA11A21</gdCd>
            <phrNo>13</phrNo>
            <ord>13</ord>
            <gdcCon>・同一宿泊施設に連泊される場合、施設情報が宿泊日数分だけ重複して表示されますが、ホテルからのおもてなしは特に記載の無い限り1回のご提供となります。</gdcCon>
            <outCndCf>09</outCndCf>
          </csrGdcInf>
        </gdCreInf>
      </IFASW039IRes>
    </api:se0010aResponse>
  </env:Body>
</env:Envelope>