<env:Envelope xmlns:env="http://schemas.xmlsoap.org/soap/envelope/" xmlns="http://www.anaskyholiday.co.jp/adam/dto/api"
  xmlns:api="http://www.anaskyholiday.co.jp/adam/api">
  <env:Header />
  <env:Body>
    <api:sa0040aResponse>
      <IFASW004IRes>
        <cmnHedInf>
          <reqResCf>2</reqResCf>
          <reqOrgCd>INTERNET</reqOrgCd>
          <pwd>pass9999</pwd>
          <svcKd>IFASW004I</svcKd>
          <mkMsgDt>2018-06-14T15:27:34+09:00</mkMsgDt>
        </cmnHedInf>
        <proRstInf>
          <rstCd>0</rstCd>
        </proRstInf>
        <sysInfGetAnsDt>
          <pmrKey>ASW_CARD_LIST_PIC_URL</pmrKey>
          <pmrCf>ASW_CARD_LIST_PIC</pmrCf>
          <val>https://rps.atour.ana.co.jp/tadam/internet/nextaswtour/example_card.png</val>
        </sysInfGetAnsDt>
      </IFASW004IRes>
    </api:sa0040aResponse>
  </env:Body>
</env:Envelope>