{
  "db_version_time": "20180125140002",
  "response": {
    "flight_list": [{
      "upgrade_no": null,
      "upgrade_cf": null,
      "pattern_cd": "001",
      "pol_flight_no": "19",
      "stc_classifi_no": "11105",
      "booking_class": null,
      "class_kind": "0",
      "flight_kind": "1",
      "stock": 1,
      "itin_kind": "2",
      "choice_required_no": 1,
      "ptn_use_sect_no": 1,
      "ptn_use_sect_via_no": 0,
      "cart_key_tour_air": "A00VA11A21:001:1:2:1:NH:0987:1:20180211",
      "flight_schedule": {
        "flight": "0987",
        "disp_flight": "987",
        "carrier_3": "ANA",
        "carrier_kind": null,
        "carrier_conversioned": null,
        "carrier_3_conversioned": null,
        "model_cd_2": "738",
        "dep_time": "0615",
        "arr_time": "0745"
      },
      "add_selling_price_list": {
        "adult": 0,
        "child_a": 0,
        "child_a_lying": 0,
        "child_b": 0,
        "child_b_lying": 0
      },
      "booking_class_appl_cf": "1"
    }, {
      "upgrade_no": null,
      "upgrade_cf": null,
      "pattern_cd": "001",
      "pol_flight_no": "21",
      "stc_classifi_no": "11105",
      "booking_class": null,
      "class_kind": "0",
      "flight_kind": "1",
      "stock": 0,
      "itin_kind": "2",
      "choice_required_no": 1,
      "ptn_use_sect_no": 1,
      "ptn_use_sect_via_no": 0,
      "cart_key_tour_air": "A00VA11A21:001:1:2:1:NH:4511:1:20180211",
      "flight_schedule": {
        "flight": "4511",
        "disp_flight": "011",
        "carrier_3": "ANA",
        "carrier_kind": "1",
        "carrier_conversioned": "HD",
        "carrier_3_conversioned": "ADO",
        "model_cd_2": "763",
        "dep_time": "0650",
        "arr_time": "0820"
      },
      "add_selling_price_list": {
        "adult": 0,
        "child_a": 0,
        "child_a_lying": 0,
        "child_b": 0,
        "child_b_lying": 0
      },
      "booking_class_appl_cf": "1"
    }, {
      "upgrade_no": null,
      "upgrade_cf": null,
      "pattern_cd": "001",
      "pol_flight_no": "33",
      "stc_classifi_no": "11105",
      "booking_class": null,
      "class_kind": "0",
      "flight_kind": "1",
      "stock": 0,
      "itin_kind": "2",
      "choice_required_no": 1,
      "ptn_use_sect_no": 1,
      "ptn_use_sect_via_no": 0,
      "cart_key_tour_air": "A00VA11A21:001:1:2:1:NH:4711:1:20180211",
      "flight_schedule": {
        "flight": "4711",
        "disp_flight": "4711",
        "carrier_3": "ANA",
        "carrier_kind": "0",
        "carrier_conversioned": "HD",
        "carrier_3_conversioned": "ADO",
        "model_cd_2": "763",
        "dep_time": "0650",
        "arr_time": "0820"
      },
      "add_selling_price_list": {
        "adult": 0,
        "child_a": 0,
        "child_a_lying": 0,
        "child_b": 0,
        "child_b_lying": 0
      },
      "booking_class_appl_cf": "1"
    }, {
      "upgrade_no": null,
      "upgrade_cf": null,
      "pattern_cd": "001",
      "pol_flight_no": "1",
      "stc_classifi_no": "11105",
      "booking_class": "Q",
      "class_kind": "0",
      "flight_kind": "1",
      "stock": 99,
      "itin_kind": "2",
      "choice_required_no": 1,
      "ptn_use_sect_no": 1,
      "ptn_use_sect_via_no": 0,
      "cart_key_tour_air": "A00VA11A21:001:1:2:1:NH:0051:1:20180211",
      "flight_schedule": {
        "flight": "0051",
        "disp_flight": "051",
        "carrier_3": "ANA",
        "carrier_kind": null,
        "carrier_conversioned": null,
        "carrier_3_conversioned": null,
        "model_cd_2": "772",
        "dep_time": "0700",
        "arr_time": "0835"
      },
      "add_selling_price_list": {
        "adult": 0,
        "child_a": 0,
        "child_a_lying": 0,
        "child_b": 0,
        "child_b_lying": 0
      },
      "booking_class_appl_cf": "1"
    }, {
      "upgrade_no": null,
      "upgrade_cf": null,
      "pattern_cd": "001",
      "pol_flight_no": "3",
      "stc_classifi_no": "11105",
      "booking_class": "Q",
      "class_kind": "0",
      "flight_kind": "1",
      "stock": 99,
      "itin_kind": "2",
      "choice_required_no": 1,
      "ptn_use_sect_no": 1,
      "ptn_use_sect_via_no": 0,
      "cart_key_tour_air": "A00VA11A21:001:1:2:1:NH:0053:1:20180211",
      "flight_schedule": {
        "flight": "0053",
        "disp_flight": "053",
        "carrier_3": "ANA",
        "carrier_kind": null,
        "carrier_conversioned": null,
        "carrier_3_conversioned": null,
        "model_cd_2": "773",
        "dep_time": "0800",
        "arr_time": "0930"
      },
      "add_selling_price_list": {
        "adult": 0,
        "child_a": 0,
        "child_a_lying": 0,
        "child_b": 0,
        "child_b_lying": 0
      },
      "booking_class_appl_cf": "1"
    }, {
      "upgrade_no": null,
      "upgrade_cf": null,
      "pattern_cd": "001",
      "pol_flight_no": "22",
      "stc_classifi_no": "11105",
      "booking_class": null,
      "class_kind": "0",
      "flight_kind": "1",
      "stock": 0,
      "itin_kind": "2",
      "choice_required_no": 1,
      "ptn_use_sect_no": 1,
      "ptn_use_sect_via_no": 0,
      "cart_key_tour_air": "A00VA11A21:001:1:2:1:NH:4515:1:20180211",
      "flight_schedule": {
        "flight": "4515",
        "disp_flight": "015",
        "carrier_3": "ANA",
        "carrier_kind": "1",
        "carrier_conversioned": "HD",
        "carrier_3_conversioned": "ADO",
        "model_cd_2": "763",
        "dep_time": "0815",
        "arr_time": "0945"
      },
      "add_selling_price_list": {
        "adult": 0,
        "child_a": 0,
        "child_a_lying": 0,
        "child_b": 0,
        "child_b_lying": 0
      },
      "booking_class_appl_cf": "1"
    }, {
      "upgrade_no": null,
      "upgrade_cf": null,
      "pattern_cd": "001",
      "pol_flight_no": "34",
      "stc_classifi_no": "11105",
      "booking_class": null,
      "class_kind": "0",
      "flight_kind": "1",
      "stock": 0,
      "itin_kind": "2",
      "choice_required_no": 1,
      "ptn_use_sect_no": 1,
      "ptn_use_sect_via_no": 0,
      "cart_key_tour_air": "A00VA11A21:001:1:2:1:NH:4715:1:20180211",
      "flight_schedule": {
        "flight": "4715",
        "disp_flight": "4715",
        "carrier_3": "ANA",
        "carrier_kind": "0",
        "carrier_conversioned": "HD",
        "carrier_3_conversioned": "ADO",
        "model_cd_2": "763",
        "dep_time": "0815",
        "arr_time": "0945"
      },
      "add_selling_price_list": {
        "adult": 0,
        "child_a": 0,
        "child_a_lying": 0,
        "child_b": 0,
        "child_b_lying": 0
      },
      "booking_class_appl_cf": "1"
    }, {
      "upgrade_no": null,
      "upgrade_cf": null,
      "pattern_cd": "001",
      "pol_flight_no": "4",
      "stc_classifi_no": "11105",
      "booking_class": "Q",
      "class_kind": "0",
      "flight_kind": "1",
      "stock": 99,
      "itin_kind": "2",
      "choice_required_no": 1,
      "ptn_use_sect_no": 1,
      "ptn_use_sect_via_no": 0,
      "cart_key_tour_air": "A00VA11A21:001:1:2:1:NH:0055:1:20180211",
      "flight_schedule": {
        "flight": "0055",
        "disp_flight": "055",
        "carrier_3": "ANA",
        "carrier_kind": null,
        "carrier_conversioned": null,
        "carrier_3_conversioned": null,
        "model_cd_2": "773",
        "dep_time": "0900",
        "arr_time": "1035"
      },
      "add_selling_price_list": {
        "adult": 0,
        "child_a": 0,
        "child_a_lying": 0,
        "child_b": 0,
        "child_b_lying": 0
      },
      "booking_class_appl_cf": "1"
    }, {
      "upgrade_no": null,
      "upgrade_cf": null,
      "pattern_cd": "001",
      "pol_flight_no": "6",
      "stc_classifi_no": "11105",
      "booking_class": null,
      "class_kind": "0",
      "flight_kind": "1",
      "stock": 0,
      "itin_kind": "2",
      "choice_required_no": 1,
      "ptn_use_sect_no": 1,
      "ptn_use_sect_via_no": 0,
      "cart_key_tour_air": "A00VA11A21:001:1:2:1:NH:0057:1:20180211",
      "flight_schedule": {
        "flight": "0057",
        "disp_flight": "057",
        "carrier_3": "ANA",
        "carrier_kind": null,
        "carrier_conversioned": null,
        "carrier_3_conversioned": null,
        "model_cd_2": "772",
        "dep_time": "0930",
        "arr_time": "1105"
      },
      "add_selling_price_list": {
        "adult": 0,
        "child_a": 0,
        "child_a_lying": 0,
        "child_b": 0,
        "child_b_lying": 0
      },
      "booking_class_appl_cf": "1"
    }, {
      "upgrade_no": null,
      "upgrade_cf": null,
      "pattern_cd": "001",
      "pol_flight_no": "7",
      "stc_classifi_no": "11105",
      "booking_class": null,
      "class_kind": "0",
      "flight_kind": "1",
      "stock": 0,
      "itin_kind": "2",
      "choice_required_no": 1,
      "ptn_use_sect_no": 1,
      "ptn_use_sect_via_no": 0,
      "cart_key_tour_air": "A00VA11A21:001:1:2:1:NH:0059:1:20180211",
      "flight_schedule": {
        "flight": "0059",
        "disp_flight": "059",
        "carrier_3": "ANA",
        "carrier_kind": null,
        "carrier_conversioned": null,
        "carrier_3_conversioned": null,
        "model_cd_2": "772",
        "dep_time": "1000",
        "arr_time": "1135"
      },
      "add_selling_price_list": {
        "adult": 0,
        "child_a": 0,
        "child_a_lying": 0,
        "child_b": 0,
        "child_b_lying": 0
      },
      "booking_class_appl_cf": "1"
    }, {
      "upgrade_no": null,
      "upgrade_cf": null,
      "pattern_cd": "001",
      "pol_flight_no": "23",
      "stc_classifi_no": "11105",
      "booking_class": null,
      "class_kind": "0",
      "flight_kind": "1",
      "stock": 0,
      "itin_kind": "2",
      "choice_required_no": 1,
      "ptn_use_sect_no": 1,
      "ptn_use_sect_via_no": 0,
      "cart_key_tour_air": "A00VA11A21:001:1:2:1:NH:4519:1:20180211",
      "flight_schedule": {
        "flight": "4519",
        "disp_flight": "019",
        "carrier_3": "ANA",
        "carrier_kind": "1",
        "carrier_conversioned": "HD",
        "carrier_3_conversioned": "ADO",
        "model_cd_2": "763",
        "dep_time": "1015",
        "arr_time": "1145"
      },
      "add_selling_price_list": {
        "adult": 0,
        "child_a": 0,
        "child_a_lying": 0,
        "child_b": 0,
        "child_b_lying": 0
      },
      "booking_class_appl_cf": "1"
    }, {
      "upgrade_no": null,
      "upgrade_cf": null,
      "pattern_cd": "001",
      "pol_flight_no": "35",
      "stc_classifi_no": "11105",
      "booking_class": null,
      "class_kind": "0",
      "flight_kind": "1",
      "stock": 0,
      "itin_kind": "2",
      "choice_required_no": 1,
      "ptn_use_sect_no": 1,
      "ptn_use_sect_via_no": 0,
      "cart_key_tour_air": "A00VA11A21:001:1:2:1:NH:4719:1:20180211",
      "flight_schedule": {
        "flight": "4719",
        "disp_flight": "4719",
        "carrier_3": "ANA",
        "carrier_kind": "0",
        "carrier_conversioned": "HD",
        "carrier_3_conversioned": "ADO",
        "model_cd_2": "763",
        "dep_time": "1015",
        "arr_time": "1145"
      },
      "add_selling_price_list": {
        "adult": 0,
        "child_a": 0,
        "child_a_lying": 0,
        "child_b": 0,
        "child_b_lying": 0
      },
      "booking_class_appl_cf": "1"
    }, {
      "upgrade_no": null,
      "upgrade_cf": null,
      "pattern_cd": "001",
      "pol_flight_no": "8",
      "stc_classifi_no": "11105",
      "booking_class": null,
      "class_kind": "0",
      "flight_kind": "1",
      "stock": 0,
      "itin_kind": "2",
      "choice_required_no": 1,
      "ptn_use_sect_no": 1,
      "ptn_use_sect_via_no": 0,
      "cart_key_tour_air": "A00VA11A21:001:1:2:1:NH:0061:1:20180211",
      "flight_schedule": {
        "flight": "0061",
        "disp_flight": "061",
        "carrier_3": "ANA",
        "carrier_kind": null,
        "carrier_conversioned": null,
        "carrier_3_conversioned": null,
        "model_cd_2": "773",
        "dep_time": "1100",
        "arr_time": "1235"
      },
      "add_selling_price_list": {
        "adult": 0,
        "child_a": 0,
        "child_a_lying": 0,
        "child_b": 0,
        "child_b_lying": 0
      },
      "booking_class_appl_cf": "1"
    }, {
      "upgrade_no": null,
      "upgrade_cf": null,
      "pattern_cd": "001",
      "pol_flight_no": "24",
      "stc_classifi_no": "11105",
      "booking_class": null,
      "class_kind": "0",
      "flight_kind": "1",
      "stock": 0,
      "itin_kind": "2",
      "choice_required_no": 1,
      "ptn_use_sect_no": 1,
      "ptn_use_sect_via_no": 0,
      "cart_key_tour_air": "A00VA11A21:001:1:2:1:NH:4521:1:20180211",
      "flight_schedule": {
        "flight": "4521",
        "disp_flight": "021",
        "carrier_3": "ANA",
        "carrier_kind": "1",
        "carrier_conversioned": "HD",
        "carrier_3_conversioned": "ADO",
        "model_cd_2": "73D",
        "dep_time": "1150",
        "arr_time": "1325"
      },
      "add_selling_price_list": {
        "adult": 0,
        "child_a": 0,
        "child_a_lying": 0,
        "child_b": 0,
        "child_b_lying": 0
      },
      "booking_class_appl_cf": "1"
    }, {
      "upgrade_no": null,
      "upgrade_cf": null,
      "pattern_cd": "001",
      "pol_flight_no": "36",
      "stc_classifi_no": "11105",
      "booking_class": null,
      "class_kind": "0",
      "flight_kind": "1",
      "stock": 0,
      "itin_kind": "2",
      "choice_required_no": 1,
      "ptn_use_sect_no": 1,
      "ptn_use_sect_via_no": 0,
      "cart_key_tour_air": "A00VA11A21:001:1:2:1:NH:4721:1:20180211",
      "flight_schedule": {
        "flight": "4721",
        "disp_flight": "4721",
        "carrier_3": "ANA",
        "carrier_kind": "0",
        "carrier_conversioned": "HD",
        "carrier_3_conversioned": "ADO",
        "model_cd_2": "73D",
        "dep_time": "1150",
        "arr_time": "1325"
      },
      "add_selling_price_list": {
        "adult": 0,
        "child_a": 0,
        "child_a_lying": 0,
        "child_b": 0,
        "child_b_lying": 0
      },
      "booking_class_appl_cf": "1"
    }, {
      "upgrade_no": null,
      "upgrade_cf": null,
      "pattern_cd": "001",
      "pol_flight_no": "9",
      "stc_classifi_no": "11105",
      "booking_class": null,
      "class_kind": "0",
      "flight_kind": "1",
      "stock": 0,
      "itin_kind": "2",
      "choice_required_no": 1,
      "ptn_use_sect_no": 1,
      "ptn_use_sect_via_no": 0,
      "cart_key_tour_air": "A00VA11A21:001:1:2:1:NH:0063:1:20180211",
      "flight_schedule": {
        "flight": "0063",
        "disp_flight": "063",
        "carrier_3": "ANA",
        "carrier_kind": null,
        "carrier_conversioned": null,
        "carrier_3_conversioned": null,
        "model_cd_2": "772",
        "dep_time": "1200",
        "arr_time": "1335"
      },
      "add_selling_price_list": {
        "adult": 0,
        "child_a": 0,
        "child_a_lying": 0,
        "child_b": 0,
        "child_b_lying": 0
      },
      "booking_class_appl_cf": "1"
    }, {
      "upgrade_no": null,
      "upgrade_cf": null,
      "pattern_cd": "001",
      "pol_flight_no": "25",
      "stc_classifi_no": "11105",
      "booking_class": null,
      "class_kind": "0",
      "flight_kind": "1",
      "stock": 0,
      "itin_kind": "2",
      "choice_required_no": 1,
      "ptn_use_sect_no": 1,
      "ptn_use_sect_via_no": 0,
      "cart_key_tour_air": "A00VA11A21:001:1:2:1:NH:4523:1:20180211",
      "flight_schedule": {
        "flight": "4523",
        "disp_flight": "023",
        "carrier_3": "ANA",
        "carrier_kind": "1",
        "carrier_conversioned": "HD",
        "carrier_3_conversioned": "ADO",
        "model_cd_2": "763",
        "dep_time": "1250",
        "arr_time": "1420"
      },
      "add_selling_price_list": {
        "adult": 0,
        "child_a": 0,
        "child_a_lying": 0,
        "child_b": 0,
        "child_b_lying": 0
      },
      "booking_class_appl_cf": "1"
    }, {
      "upgrade_no": null,
      "upgrade_cf": null,
      "pattern_cd": "001",
      "pol_flight_no": "37",
      "stc_classifi_no": "11105",
      "booking_class": null,
      "class_kind": "0",
      "flight_kind": "1",
      "stock": 0,
      "itin_kind": "2",
      "choice_required_no": 1,
      "ptn_use_sect_no": 1,
      "ptn_use_sect_via_no": 0,
      "cart_key_tour_air": "A00VA11A21:001:1:2:1:NH:4723:1:20180211",
      "flight_schedule": {
        "flight": "4723",
        "disp_flight": "4723",
        "carrier_3": "ANA",
        "carrier_kind": "0",
        "carrier_conversioned": "HD",
        "carrier_3_conversioned": "ADO",
        "model_cd_2": "763",
        "dep_time": "1250",
        "arr_time": "1420"
      },
      "add_selling_price_list": {
        "adult": 0,
        "child_a": 0,
        "child_a_lying": 0,
        "child_b": 0,
        "child_b_lying": 0
      },
      "booking_class_appl_cf": "1"
    }, {
      "upgrade_no": null,
      "upgrade_cf": null,
      "pattern_cd": "001",
      "pol_flight_no": "10",
      "stc_classifi_no": "11105",
      "booking_class": null,
      "class_kind": "0",
      "flight_kind": "1",
      "stock": 0,
      "itin_kind": "2",
      "choice_required_no": 1,
      "ptn_use_sect_no": 1,
      "ptn_use_sect_via_no": 0,
      "cart_key_tour_air": "A00VA11A21:001:1:2:1:NH:0065:1:20180211",
      "flight_schedule": {
        "flight": "0065",
        "disp_flight": "065",
        "carrier_3": "ANA",
        "carrier_kind": null,
        "carrier_conversioned": null,
        "carrier_3_conversioned": null,
        "model_cd_2": "772",
        "dep_time": "1300",
        "arr_time": "1430"
      },
      "add_selling_price_list": {
        "adult": 0,
        "child_a": 0,
        "child_a_lying": 0,
        "child_b": 0,
        "child_b_lying": 0
      },
      "booking_class_appl_cf": "1"
    }, {
      "upgrade_no": null,
      "upgrade_cf": null,
      "pattern_cd": "001",
      "pol_flight_no": "26",
      "stc_classifi_no": "11105",
      "booking_class": null,
      "class_kind": "0",
      "flight_kind": "1",
      "stock": 0,
      "itin_kind": "2",
      "choice_required_no": 1,
      "ptn_use_sect_no": 1,
      "ptn_use_sect_via_no": 0,
      "cart_key_tour_air": "A00VA11A21:001:1:2:1:NH:4525:1:20180211",
      "flight_schedule": {
        "flight": "4525",
        "disp_flight": "025",
        "carrier_3": "ANA",
        "carrier_kind": "1",
        "carrier_conversioned": "HD",
        "carrier_3_conversioned": "ADO",
        "model_cd_2": "763",
        "dep_time": "1350",
        "arr_time": "1525"
      },
      "add_selling_price_list": {
        "adult": 0,
        "child_a": 0,
        "child_a_lying": 0,
        "child_b": 0,
        "child_b_lying": 0
      },
      "booking_class_appl_cf": "1"
    }, {
      "upgrade_no": null,
      "upgrade_cf": null,
      "pattern_cd": "001",
      "pol_flight_no": "38",
      "stc_classifi_no": "11105",
      "booking_class": null,
      "class_kind": "0",
      "flight_kind": "1",
      "stock": 0,
      "itin_kind": "2",
      "choice_required_no": 1,
      "ptn_use_sect_no": 1,
      "ptn_use_sect_via_no": 0,
      "cart_key_tour_air": "A00VA11A21:001:1:2:1:NH:4725:1:20180211",
      "flight_schedule": {
        "flight": "4725",
        "disp_flight": "4725",
        "carrier_3": "ANA",
        "carrier_kind": "0",
        "carrier_conversioned": "HD",
        "carrier_3_conversioned": "ADO",
        "model_cd_2": "763",
        "dep_time": "1350",
        "arr_time": "1525"
      },
      "add_selling_price_list": {
        "adult": 0,
        "child_a": 0,
        "child_a_lying": 0,
        "child_b": 0,
        "child_b_lying": 0
      },
      "booking_class_appl_cf": "1"
    }, {
      "upgrade_no": null,
      "upgrade_cf": null,
      "pattern_cd": "001",
      "pol_flight_no": "11",
      "stc_classifi_no": "11105",
      "booking_class": null,
      "class_kind": "0",
      "flight_kind": "1",
      "stock": 0,
      "itin_kind": "2",
      "choice_required_no": 1,
      "ptn_use_sect_no": 1,
      "ptn_use_sect_via_no": 0,
      "cart_key_tour_air": "A00VA11A21:001:1:2:1:NH:0067:1:20180211",
      "flight_schedule": {
        "flight": "0067",
        "disp_flight": "067",
        "carrier_3": "ANA",
        "carrier_kind": null,
        "carrier_conversioned": null,
        "carrier_3_conversioned": null,
        "model_cd_2": "773",
        "dep_time": "1400",
        "arr_time": "1530"
      },
      "add_selling_price_list": {
        "adult": 0,
        "child_a": 0,
        "child_a_lying": 0,
        "child_b": 0,
        "child_b_lying": 0
      },
      "booking_class_appl_cf": "1"
    }, {
      "upgrade_no": null,
      "upgrade_cf": null,
      "pattern_cd": "001",
      "pol_flight_no": "12",
      "stc_classifi_no": "11105",
      "booking_class": null,
      "class_kind": "0",
      "flight_kind": "1",
      "stock": 0,
      "itin_kind": "2",
      "choice_required_no": 1,
      "ptn_use_sect_no": 1,
      "ptn_use_sect_via_no": 0,
      "cart_key_tour_air": "A00VA11A21:001:1:2:1:NH:0069:1:20180211",
      "flight_schedule": {
        "flight": "0069",
        "disp_flight": "069",
        "carrier_3": "ANA",
        "carrier_kind": null,
        "carrier_conversioned": null,
        "carrier_3_conversioned": null,
        "model_cd_2": "772",
        "dep_time": "1500",
        "arr_time": "1630"
      },
      "add_selling_price_list": {
        "adult": 0,
        "child_a": 0,
        "child_a_lying": 0,
        "child_b": 0,
        "child_b_lying": 0
      },
      "booking_class_appl_cf": "1"
    }, {
      "upgrade_no": null,
      "upgrade_cf": null,
      "pattern_cd": "001",
      "pol_flight_no": "27",
      "stc_classifi_no": "11105",
      "booking_class": null,
      "class_kind": "0",
      "flight_kind": "1",
      "stock": 0,
      "itin_kind": "2",
      "choice_required_no": 1,
      "ptn_use_sect_no": 1,
      "ptn_use_sect_via_no": 0,
      "cart_key_tour_air": "A00VA11A21:001:1:2:1:NH:4529:1:20180211",
      "flight_schedule": {
        "flight": "4529",
        "disp_flight": "029",
        "carrier_3": "ANA",
        "carrier_kind": "1",
        "carrier_conversioned": "HD",
        "carrier_3_conversioned": "ADO",
        "model_cd_2": "763",
        "dep_time": "1550",
        "arr_time": "1720"
      },
      "add_selling_price_list": {
        "adult": 0,
        "child_a": 0,
        "child_a_lying": 0,
        "child_b": 0,
        "child_b_lying": 0
      },
      "booking_class_appl_cf": "1"
    }, {
      "upgrade_no": null,
      "upgrade_cf": null,
      "pattern_cd": "001",
      "pol_flight_no": "39",
      "stc_classifi_no": "11105",
      "booking_class": null,
      "class_kind": "0",
      "flight_kind": "1",
      "stock": 0,
      "itin_kind": "2",
      "choice_required_no": 1,
      "ptn_use_sect_no": 1,
      "ptn_use_sect_via_no": 0,
      "cart_key_tour_air": "A00VA11A21:001:1:2:1:NH:4729:1:20180211",
      "flight_schedule": {
        "flight": "4729",
        "disp_flight": "4729",
        "carrier_3": "ANA",
        "carrier_kind": "0",
        "carrier_conversioned": "HD",
        "carrier_3_conversioned": "ADO",
        "model_cd_2": "763",
        "dep_time": "1550",
        "arr_time": "1720"
      },
      "add_selling_price_list": {
        "adult": 0,
        "child_a": 0,
        "child_a_lying": 0,
        "child_b": 0,
        "child_b_lying": 0
      },
      "booking_class_appl_cf": "1"
    }, {
      "upgrade_no": null,
      "upgrade_cf": null,
      "pattern_cd": "001",
      "pol_flight_no": "13",
      "stc_classifi_no": "11105",
      "booking_class": null,
      "class_kind": "0",
      "flight_kind": "1",
      "stock": 0,
      "itin_kind": "2",
      "choice_required_no": 1,
      "ptn_use_sect_no": 1,
      "ptn_use_sect_via_no": 0,
      "cart_key_tour_air": "A00VA11A21:001:1:2:1:NH:0071:1:20180211",
      "flight_schedule": {
        "flight": "0071",
        "disp_flight": "071",
        "carrier_3": "ANA",
        "carrier_kind": null,
        "carrier_conversioned": null,
        "carrier_3_conversioned": null,
        "model_cd_2": "773",
        "dep_time": "1600",
        "arr_time": "1735"
      },
      "add_selling_price_list": {
        "adult": 0,
        "child_a": 0,
        "child_a_lying": 0,
        "child_b": 0,
        "child_b_lying": 0
      },
      "booking_class_appl_cf": "1"
    }, {
      "upgrade_no": null,
      "upgrade_cf": null,
      "pattern_cd": "001",
      "pol_flight_no": "28",
      "stc_classifi_no": "11105",
      "booking_class": null,
      "class_kind": "0",
      "flight_kind": "1",
      "stock": 0,
      "itin_kind": "2",
      "choice_required_no": 1,
      "ptn_use_sect_no": 1,
      "ptn_use_sect_via_no": 0,
      "cart_key_tour_air": "A00VA11A21:001:1:2:1:NH:4531:1:20180211",
      "flight_schedule": {
        "flight": "4531",
        "disp_flight": "031",
        "carrier_3": "ANA",
        "carrier_kind": "1",
        "carrier_conversioned": "HD",
        "carrier_3_conversioned": "ADO",
        "model_cd_2": "73D",
        "dep_time": "1650",
        "arr_time": "1825"
      },
      "add_selling_price_list": {
        "adult": 0,
        "child_a": 0,
        "child_a_lying": 0,
        "child_b": 0,
        "child_b_lying": 0
      },
      "booking_class_appl_cf": "1"
    }, {
      "upgrade_no": null,
      "upgrade_cf": null,
      "pattern_cd": "001",
      "pol_flight_no": "40",
      "stc_classifi_no": "11105",
      "booking_class": null,
      "class_kind": "0",
      "flight_kind": "1",
      "stock": 0,
      "itin_kind": "2",
      "choice_required_no": 1,
      "ptn_use_sect_no": 1,
      "ptn_use_sect_via_no": 0,
      "cart_key_tour_air": "A00VA11A21:001:1:2:1:NH:4731:1:20180211",
      "flight_schedule": {
        "flight": "4731",
        "disp_flight": "4731",
        "carrier_3": "ANA",
        "carrier_kind": "0",
        "carrier_conversioned": "HD",
        "carrier_3_conversioned": "ADO",
        "model_cd_2": "73D",
        "dep_time": "1650",
        "arr_time": "1825"
      },
      "add_selling_price_list": {
        "adult": 0,
        "child_a": 0,
        "child_a_lying": 0,
        "child_b": 0,
        "child_b_lying": 0
      },
      "booking_class_appl_cf": "1"
    }, {
      "upgrade_no": null,
      "upgrade_cf": null,
      "pattern_cd": "001",
      "pol_flight_no": "14",
      "stc_classifi_no": "11105",
      "booking_class": null,
      "class_kind": "0",
      "flight_kind": "1",
      "stock": 0,
      "itin_kind": "2",
      "choice_required_no": 1,
      "ptn_use_sect_no": 1,
      "ptn_use_sect_via_no": 0,
      "cart_key_tour_air": "A00VA11A21:001:1:2:1:NH:0073:1:20180211",
      "flight_schedule": {
        "flight": "0073",
        "disp_flight": "073",
        "carrier_3": "ANA",
        "carrier_kind": null,
        "carrier_conversioned": null,
        "carrier_3_conversioned": null,
        "model_cd_2": "772",
        "dep_time": "1700",
        "arr_time": "1835"
      },
      "add_selling_price_list": {
        "adult": 0,
        "child_a": 0,
        "child_a_lying": 0,
        "child_b": 0,
        "child_b_lying": 0
      },
      "booking_class_appl_cf": "1"
    }, {
      "upgrade_no": null,
      "upgrade_cf": null,
      "pattern_cd": "001",
      "pol_flight_no": "15",
      "stc_classifi_no": "11105",
      "booking_class": null,
      "class_kind": "0",
      "flight_kind": "1",
      "stock": 0,
      "itin_kind": "2",
      "choice_required_no": 1,
      "ptn_use_sect_no": 1,
      "ptn_use_sect_via_no": 0,
      "cart_key_tour_air": "A00VA11A21:001:1:2:1:NH:0075:1:20180211",
      "flight_schedule": {
        "flight": "0075",
        "disp_flight": "075",
        "carrier_3": "ANA",
        "carrier_kind": null,
        "carrier_conversioned": null,
        "carrier_3_conversioned": null,
        "model_cd_2": "772",
        "dep_time": "1800",
        "arr_time": "1935"
      },
      "add_selling_price_list": {
        "adult": 0,
        "child_a": 0,
        "child_a_lying": 0,
        "child_b": 0,
        "child_b_lying": 0
      },
      "booking_class_appl_cf": "1"
    }, {
      "upgrade_no": null,
      "upgrade_cf": null,
      "pattern_cd": "001",
      "pol_flight_no": "29",
      "stc_classifi_no": "11105",
      "booking_class": null,
      "class_kind": "0",
      "flight_kind": "1",
      "stock": 0,
      "itin_kind": "2",
      "choice_required_no": 1,
      "ptn_use_sect_no": 1,
      "ptn_use_sect_via_no": 0,
      "cart_key_tour_air": "A00VA11A21:001:1:2:1:NH:4535:1:20180211",
      "flight_schedule": {
        "flight": "4535",
        "disp_flight": "035",
        "carrier_3": "ANA",
        "carrier_kind": "1",
        "carrier_conversioned": "HD",
        "carrier_3_conversioned": "ADO",
        "model_cd_2": "763",
        "dep_time": "1850",
        "arr_time": "2020"
      },
      "add_selling_price_list": {
        "adult": 0,
        "child_a": 0,
        "child_a_lying": 0,
        "child_b": 0,
        "child_b_lying": 0
      },
      "booking_class_appl_cf": "1"
    }, {
      "upgrade_no": null,
      "upgrade_cf": null,
      "pattern_cd": "001",
      "pol_flight_no": "41",
      "stc_classifi_no": "11105",
      "booking_class": null,
      "class_kind": "0",
      "flight_kind": "1",
      "stock": 0,
      "itin_kind": "2",
      "choice_required_no": 1,
      "ptn_use_sect_no": 1,
      "ptn_use_sect_via_no": 0,
      "cart_key_tour_air": "A00VA11A21:001:1:2:1:NH:4735:1:20180211",
      "flight_schedule": {
        "flight": "4735",
        "disp_flight": "4735",
        "carrier_3": "ANA",
        "carrier_kind": "0",
        "carrier_conversioned": "HD",
        "carrier_3_conversioned": "ADO",
        "model_cd_2": "763",
        "dep_time": "1850",
        "arr_time": "2020"
      },
      "add_selling_price_list": {
        "adult": 0,
        "child_a": 0,
        "child_a_lying": 0,
        "child_b": 0,
        "child_b_lying": 0
      },
      "booking_class_appl_cf": "1"
    }, {
      "upgrade_no": null,
      "upgrade_cf": null,
      "pattern_cd": "001",
      "pol_flight_no": "16",
      "stc_classifi_no": "11105",
      "booking_class": null,
      "class_kind": "0",
      "flight_kind": "1",
      "stock": 0,
      "itin_kind": "2",
      "choice_required_no": 1,
      "ptn_use_sect_no": 1,
      "ptn_use_sect_via_no": 0,
      "cart_key_tour_air": "A00VA11A21:001:1:2:1:NH:0077:1:20180211",
      "flight_schedule": {
        "flight": "0077",
        "disp_flight": "077",
        "carrier_3": "ANA",
        "carrier_kind": null,
        "carrier_conversioned": null,
        "carrier_3_conversioned": null,
        "model_cd_2": "772",
        "dep_time": "1900",
        "arr_time": "2035"
      },
      "add_selling_price_list": {
        "adult": 0,
        "child_a": 0,
        "child_a_lying": 0,
        "child_b": 0,
        "child_b_lying": 0
      },
      "booking_class_appl_cf": "1"
    }, {
      "upgrade_no": null,
      "upgrade_cf": null,
      "pattern_cd": "001",
      "pol_flight_no": "17",
      "stc_classifi_no": "11105",
      "booking_class": null,
      "class_kind": "0",
      "flight_kind": "1",
      "stock": 0,
      "itin_kind": "2",
      "choice_required_no": 1,
      "ptn_use_sect_no": 1,
      "ptn_use_sect_via_no": 0,
      "cart_key_tour_air": "A00VA11A21:001:1:2:1:NH:0079:1:20180211",
      "flight_schedule": {
        "flight": "0079",
        "disp_flight": "079",
        "carrier_3": "ANA",
        "carrier_kind": null,
        "carrier_conversioned": null,
        "carrier_3_conversioned": null,
        "model_cd_2": "773",
        "dep_time": "2000",
        "arr_time": "2135"
      },
      "add_selling_price_list": {
        "adult": 0,
        "child_a": 0,
        "child_a_lying": 0,
        "child_b": 0,
        "child_b_lying": 0
      },
      "booking_class_appl_cf": "1"
    }, {
      "upgrade_no": null,
      "upgrade_cf": null,
      "pattern_cd": "001",
      "pol_flight_no": "30",
      "stc_classifi_no": "11105",
      "booking_class": null,
      "class_kind": "0",
      "flight_kind": "1",
      "stock": 0,
      "itin_kind": "2",
      "choice_required_no": 1,
      "ptn_use_sect_no": 1,
      "ptn_use_sect_via_no": 0,
      "cart_key_tour_air": "A00VA11A21:001:1:2:1:NH:4537:1:20180211",
      "flight_schedule": {
        "flight": "4537",
        "disp_flight": "037",
        "carrier_3": "ANA",
        "carrier_kind": "1",
        "carrier_conversioned": "HD",
        "carrier_3_conversioned": "ADO",
        "model_cd_2": "763",
        "dep_time": "2015",
        "arr_time": "2145"
      },
      "add_selling_price_list": {
        "adult": 0,
        "child_a": 0,
        "child_a_lying": 0,
        "child_b": 0,
        "child_b_lying": 0
      },
      "booking_class_appl_cf": "1"
    }, {
      "upgrade_no": null,
      "upgrade_cf": null,
      "pattern_cd": "001",
      "pol_flight_no": "42",
      "stc_classifi_no": "11105",
      "booking_class": null,
      "class_kind": "0",
      "flight_kind": "1",
      "stock": 0,
      "itin_kind": "2",
      "choice_required_no": 1,
      "ptn_use_sect_no": 1,
      "ptn_use_sect_via_no": 0,
      "cart_key_tour_air": "A00VA11A21:001:1:2:1:NH:4737:1:20180211",
      "flight_schedule": {
        "flight": "4737",
        "disp_flight": "4737",
        "carrier_3": "ANA",
        "carrier_kind": "0",
        "carrier_conversioned": "HD",
        "carrier_3_conversioned": "ADO",
        "model_cd_2": "763",
        "dep_time": "2015",
        "arr_time": "2145"
      },
      "add_selling_price_list": {
        "adult": 0,
        "child_a": 0,
        "child_a_lying": 0,
        "child_b": 0,
        "child_b_lying": 0
      },
      "booking_class_appl_cf": "1"
    }, {
      "upgrade_no": null,
      "upgrade_cf": null,
      "pattern_cd": "001",
      "pol_flight_no": "18",
      "stc_classifi_no": "11105",
      "booking_class": null,
      "class_kind": "0",
      "flight_kind": "1",
      "stock": 0,
      "itin_kind": "2",
      "choice_required_no": 1,
      "ptn_use_sect_no": 1,
      "ptn_use_sect_via_no": 0,
      "cart_key_tour_air": "A00VA11A21:001:1:2:1:NH:0081:1:20180211",
      "flight_schedule": {
        "flight": "0081",
        "disp_flight": "081",
        "carrier_3": "ANA",
        "carrier_kind": null,
        "carrier_conversioned": null,
        "carrier_3_conversioned": null,
        "model_cd_2": "738",
        "dep_time": "2040",
        "arr_time": "2210"
      },
      "add_selling_price_list": {
        "adult": 0,
        "child_a": 0,
        "child_a_lying": 0,
        "child_b": 0,
        "child_b_lying": 0
      },
      "booking_class_appl_cf": "1"
    }, {
      "upgrade_no": null,
      "upgrade_cf": null,
      "pattern_cd": "001",
      "pol_flight_no": "31",
      "stc_classifi_no": "11105",
      "booking_class": null,
      "class_kind": "0",
      "flight_kind": "1",
      "stock": 0,
      "itin_kind": "2",
      "choice_required_no": 1,
      "ptn_use_sect_no": 1,
      "ptn_use_sect_via_no": 0,
      "cart_key_tour_air": "A00VA11A21:001:1:2:1:NH:4539:1:20180211",
      "flight_schedule": {
        "flight": "4539",
        "disp_flight": "039",
        "carrier_3": "ANA",
        "carrier_kind": "1",
        "carrier_conversioned": "HD",
        "carrier_3_conversioned": "ADO",
        "model_cd_2": "763",
        "dep_time": "2100",
        "arr_time": "2235"
      },
      "add_selling_price_list": {
        "adult": 0,
        "child_a": 0,
        "child_a_lying": 0,
        "child_b": 0,
        "child_b_lying": 0
      },
      "booking_class_appl_cf": "1"
    }, {
      "upgrade_no": null,
      "upgrade_cf": null,
      "pattern_cd": "001",
      "pol_flight_no": "43",
      "stc_classifi_no": "11105",
      "booking_class": null,
      "class_kind": "0",
      "flight_kind": "1",
      "stock": 0,
      "itin_kind": "2",
      "choice_required_no": 1,
      "ptn_use_sect_no": 1,
      "ptn_use_sect_via_no": 0,
      "cart_key_tour_air": "A00VA11A21:001:1:2:1:NH:4739:1:20180211",
      "flight_schedule": {
        "flight": "4739",
        "disp_flight": "4739",
        "carrier_3": "ANA",
        "carrier_kind": "0",
        "carrier_conversioned": "HD",
        "carrier_3_conversioned": "ADO",
        "model_cd_2": "763",
        "dep_time": "2100",
        "arr_time": "2235"
      },
      "add_selling_price_list": {
        "adult": 0,
        "child_a": 0,
        "child_a_lying": 0,
        "child_b": 0,
        "child_b_lying": 0
      },
      "booking_class_appl_cf": "1"
    }, {
      "upgrade_no": null,
      "upgrade_cf": null,
      "pattern_cd": "001",
      "pol_flight_no": "32",
      "stc_classifi_no": "11105",
      "booking_class": null,
      "class_kind": "0",
      "flight_kind": "1",
      "stock": 0,
      "itin_kind": "2",
      "choice_required_no": 1,
      "ptn_use_sect_no": 1,
      "ptn_use_sect_via_no": 0,
      "cart_key_tour_air": "A00VA11A21:001:1:2:1:NH:4543:1:20180211",
      "flight_schedule": {
        "flight": "4543",
        "disp_flight": "043",
        "carrier_3": "ANA",
        "carrier_kind": "1",
        "carrier_conversioned": "HD",
        "carrier_3_conversioned": "ADO",
        "model_cd_2": "73D",
        "dep_time": "2130",
        "arr_time": "2305"
      },
      "add_selling_price_list": {
        "adult": 0,
        "child_a": 0,
        "child_a_lying": 0,
        "child_b": 0,
        "child_b_lying": 0
      },
      "booking_class_appl_cf": "1"
    }, {
      "upgrade_no": null,
      "upgrade_cf": null,
      "pattern_cd": "001",
      "pol_flight_no": "44",
      "stc_classifi_no": "11105",
      "booking_class": null,
      "class_kind": "0",
      "flight_kind": "1",
      "stock": 99,
      "itin_kind": "2",
      "choice_required_no": 1,
      "ptn_use_sect_no": 1,
      "ptn_use_sect_via_no": 0,
      "cart_key_tour_air": "A00VA11A21:001:1:2:1:NH:4743:1:20180211",
      "flight_schedule": {
        "flight": "4743",
        "disp_flight": "4743",
        "carrier_3": "ANA",
        "carrier_kind": "0",
        "carrier_conversioned": "HD",
        "carrier_3_conversioned": "ADO",
        "model_cd_2": "73D",
        "dep_time": "2359",
        "arr_time": "2612"
      },
      "add_selling_price_list": {
        "adult": 0,
        "child_a": 0,
        "child_a_lying": 0,
        "child_b": 0,
        "child_b_lying": 0
      },
      "booking_class_appl_cf": "1"
    }]
  }
}