<env:Envelope xmlns:env="http://schemas.xmlsoap.org/soap/envelope/" xmlns="http://www.anaskyholiday.co.jp/adam/dto/api"
  xmlns:api="http://www.anaskyholiday.co.jp/adam/api">
  <env:Header />
  <env:Body>
    <api:sf0020aResponse>
      <IFASW045IRes>
        <cmnHedInf>
          <reqResCf>2</reqResCf>
          <reqOrgCd>INTERNET</reqOrgCd>
          <pwd>pass9999</pwd>
          <svcKd>IFASW045I</svcKd>
          <mkMsgDt>2018-07-19T17:26:24+09:00</mkMsgDt>
        </cmnHedInf>
        <proRstInf>
          <rstCd>0</rstCd>
        </proRstInf>
        <amcNo>9901000035</amcNo>
        <ascBlc>0</ascBlc>
      </IFASW045IRes>
    </api:sf0020aResponse>
  </env:Body>
</env:Envelope>