{
  "db_version_time": "20170915151513",
  "response": {
    "count": 123,
    "total_pages": 13,
    "display_range_from": 1,
    "display_range_to": 10,
    "plan_list": [{
      "office_info": {
        "copt_cd": "30016",
        "facl_cd": "40",
        "abandon_area_cd": "001",
        "office_no": 12,
        "car_company_cd": null,
        "office_nam": "【ＷＥＢ】札幌営業所６",
        "facl_nam": "【ＷＥＢ】＜松田＞北海道：ニッポンレンタカー北海道",
        "adrs": "住所",
        "nearest_guide": null,
        "latitude": "123          ",
        "longitude": "456          "
      },
      "planinfo": {
        "cart_key_option": "11:04:30016:40:N006:K00500:001:20170917:0900:20170919:1800",
        "plan_cd": "K00500",
        "product_cd": "11",
        "stock_limits_no": "N006",
        "plan_image": null,
        "car_class_cd": "01",
        "car_class_nam": "K",
        "num_p_from": 1,
        "num_p_to": 5,
        "for_rsv_nam": "【ＷＥＢ】２８－１：１－５名／台　Ｋ　喫煙車　ナビ付",
        "plan_nam": "【ＷＥＢ】おぐとも＠レンタカープラン２",
        "icon_flgs": {
          "smoking_cf": "1",
          "etc_cf": "0",
          "navi_cf": "1",
          "mile_flg": null
        },
        "recommended_flg": "1",
        "use_pre_req_no": "001",
        "use_pre_req_nam": "【ＷＥＢ】２８－１：１ー５名／台",
        "use_pre_req_unit": "2",
        "disp_use_req_unit_nam": "台",
        "settle_way_cf": "1",
        "cvs_isst_eith": "0",
        "use_qtty": 72,
        "basic_price": 9000,
        "abandon_price": 0,
        "stock": 50
      }
    }, {
      "office_info": {
        "copt_cd": "30016",
        "facl_cd": "40",
        "abandon_area_cd": "001",
        "office_no": 14,
        "car_company_cd": "NIPPON",
        "office_nam": "【ＷＥＢ】札幌営業所８",
        "facl_nam": "【ＷＥＢ】＜松田＞北海道：ニッポンレンタカー北海道",
        "adrs": "住所",
        "nearest_guide": null,
        "latitude": "123          ",
        "longitude": "456          "
      },
      "planinfo": {
        "cart_key_option": "11:04:30016:40:N006:K00500:001:20170917:0900:20170919:1800",
        "plan_cd": "K00500",
        "product_cd": "11",
        "stock_limits_no": "N006",
        "plan_image": null,
        "car_class_cd": "01",
        "car_class_nam": "K",
        "num_p_from": 1,
        "num_p_to": 5,
        "for_rsv_nam": "【ＷＥＢ】２８－１：１－５名／台　Ｋ　喫煙車　ナビ付",
        "plan_nam": "【ＷＥＢ】おぐとも＠レンタカープラン２",
        "icon_flgs": {
          "smoking_cf": "1",
          "etc_cf": "0",
          "navi_cf": "1",
          "mile_flg": null
        },
        "recommended_flg": "1",
        "use_pre_req_no": "001",
        "use_pre_req_nam": "【ＷＥＢ】２８－１：１ー５名／台",
        "use_pre_req_unit": "2",
        "disp_use_req_unit_nam": "台",
        "settle_way_cf": "1",
        "cvs_isst_eith": "0",
        "use_qtty": 72,
        "basic_price": 9000,
        "abandon_price": 0,
        "stock": 50
      }
    }, {
      "office_info": {
        "copt_cd": "30016",
        "facl_cd": "40",
        "abandon_area_cd": "001",
        "office_no": 3,
        "car_company_cd": "NIPPON",
        "office_nam": "札幌駅東",
        "facl_nam": "【ＷＥＢ】＜松田＞北海道：ニッポンレンタカー北海道",
        "adrs": "北海道札幌市中央区北4条東1丁目",
        "nearest_guide": null,
        "latitude": "43.066695    ",
        "longitude": "141.356851   "
      },
      "planinfo": {
        "cart_key_option": "11:04:30016:40:N006:K00500:001:20170917:0900:20170919:1800",
        "plan_cd": "K00500",
        "product_cd": "11",
        "stock_limits_no": "N006",
        "plan_image": null,
        "car_class_cd": "01",
        "car_class_nam": "K",
        "num_p_from": 1,
        "num_p_to": 5,
        "for_rsv_nam": "【ＷＥＢ】２８－１：１－５名／台　Ｋ　喫煙車　ナビ付",
        "plan_nam": "【ＷＥＢ】おぐとも＠レンタカープラン２",
        "icon_flgs": {
          "smoking_cf": "1",
          "etc_cf": "0",
          "navi_cf": "1",
          "mile_flg": null
        },
        "recommended_flg": "1",
        "use_pre_req_no": "001",
        "use_pre_req_nam": "【ＷＥＢ】２８－１：１ー５名／台",
        "use_pre_req_unit": "2",
        "disp_use_req_unit_nam": "台",
        "settle_way_cf": "1",
        "cvs_isst_eith": "0",
        "use_qtty": 72,
        "basic_price": 9000,
        "abandon_price": 0,
        "stock": 50
      }
    }, {
      "office_info": {
        "copt_cd": "30016",
        "facl_cd": "40",
        "abandon_area_cd": "001",
        "office_no": 7,
        "car_company_cd": "NIPPON",
        "office_nam": "【ＷＥＢ】札幌営業所１",
        "facl_nam": "【ＷＥＢ】＜松田＞北海道：ニッポンレンタカー北海道",
        "adrs": "ホッカイド",
        "nearest_guide": null,
        "latitude": "123          ",
        "longitude": "456          "
      },
      "planinfo": {
        "cart_key_option": "11:04:30016:40:N006:K00500:001:20170917:0900:20170919:1800",
        "plan_cd": "K00500",
        "product_cd": "11",
        "stock_limits_no": "N006",
        "plan_image": null,
        "car_class_cd": "01",
        "car_class_nam": "K",
        "num_p_from": 1,
        "num_p_to": 5,
        "for_rsv_nam": "【ＷＥＢ】２８－１：１－５名／台　Ｋ　喫煙車　ナビ付",
        "plan_nam": "【ＷＥＢ】おぐとも＠レンタカープラン２",
        "icon_flgs": {
          "smoking_cf": "1",
          "etc_cf": "0",
          "navi_cf": "1",
          "mile_flg": null
        },
        "recommended_flg": "1",
        "use_pre_req_no": "001",
        "use_pre_req_nam": "【ＷＥＢ】２８－１：１ー５名／台",
        "use_pre_req_unit": "2",
        "disp_use_req_unit_nam": "台",
        "settle_way_cf": "1",
        "cvs_isst_eith": "0",
        "use_qtty": 72,
        "basic_price": 9000,
        "abandon_price": 0,
        "stock": 50
      }
    }, {
      "office_info": {
        "copt_cd": "30016",
        "facl_cd": "40",
        "abandon_area_cd": "001",
        "office_no": 8,
        "car_company_cd": "NIPPON",
        "office_nam": "【ＷＥＢ】札幌営業所２",
        "facl_nam": "【ＷＥＢ】＜松田＞北海道：ニッポンレンタカー北海道",
        "adrs": "北海道",
        "nearest_guide": null,
        "latitude": "123          ",
        "longitude": "456          "
      },
      "planinfo": {
        "cart_key_option": "11:04:30016:40:N006:K00500:001:20170917:0900:20170919:1800",
        "plan_cd": "K00500",
        "product_cd": "11",
        "stock_limits_no": "N006",
        "plan_image": null,
        "car_class_cd": "01",
        "car_class_nam": "K",
        "num_p_from": 1,
        "num_p_to": 5,
        "for_rsv_nam": "【ＷＥＢ】２８－１：１－５名／台　Ｋ　喫煙車　ナビ付",
        "plan_nam": "【ＷＥＢ】おぐとも＠レンタカープラン２",
        "icon_flgs": {
          "smoking_cf": "1",
          "etc_cf": "0",
          "navi_cf": "1",
          "mile_flg": null
        },
        "recommended_flg": "1",
        "use_pre_req_no": "001",
        "use_pre_req_nam": "【ＷＥＢ】２８－１：１ー５名／台",
        "use_pre_req_unit": "2",
        "disp_use_req_unit_nam": "台",
        "settle_way_cf": "1",
        "cvs_isst_eith": "0",
        "use_qtty": 72,
        "basic_price": 9000,
        "abandon_price": 0,
        "stock": 50
      }
    }, {
      "office_info": {
        "copt_cd": "30016",
        "facl_cd": "40",
        "abandon_area_cd": "001",
        "office_no": 11,
        "car_company_cd": "NIPPON",
        "office_nam": "【ＷＥＢ】札幌営業所５",
        "facl_nam": "【ＷＥＢ】＜松田＞北海道：ニッポンレンタカー北海道",
        "adrs": "北海道",
        "nearest_guide": null,
        "latitude": "123          ",
        "longitude": "456          "
      },
      "planinfo": {
        "cart_key_option": "11:04:30016:40:N006:K00500:001:20170917:0900:20170919:1800",
        "plan_cd": "K00500",
        "product_cd": "11",
        "stock_limits_no": "N006",
        "plan_image": null,
        "car_class_cd": "01",
        "car_class_nam": "K",
        "num_p_from": 1,
        "num_p_to": 5,
        "for_rsv_nam": "【ＷＥＢ】２８－１：１－５名／台　Ｋ　喫煙車　ナビ付",
        "plan_nam": "【ＷＥＢ】おぐとも＠レンタカープラン２",
        "icon_flgs": {
          "smoking_cf": "1",
          "etc_cf": "0",
          "navi_cf": "1",
          "mile_flg": null
        },
        "recommended_flg": "1",
        "use_pre_req_no": "001",
        "use_pre_req_nam": "【ＷＥＢ】２８－１：１ー５名／台",
        "use_pre_req_unit": "2",
        "disp_use_req_unit_nam": "台",
        "settle_way_cf": "1",
        "cvs_isst_eith": "0",
        "use_qtty": 72,
        "basic_price": 9000,
        "abandon_price": 0,
        "stock": 50
      }
    }, {
      "office_info": {
        "copt_cd": "30016",
        "facl_cd": "40",
        "abandon_area_cd": "001",
        "office_no": 1,
        "car_company_cd": "NIPPON",
        "office_nam": "札幌駅北口",
        "facl_nam": "【ＷＥＢ】＜松田＞北海道：ニッポンレンタカー北海道",
        "adrs": "北海道札幌市北区北6条西4丁目",
        "nearest_guide": null,
        "latitude": "43.068823    ",
        "longitude": "141.349351   "
      },
      "planinfo": {
        "cart_key_option": "11:04:30016:40:N006:K00500:001:20170917:0900:20170919:1800",
        "plan_cd": "K00500",
        "product_cd": "11",
        "stock_limits_no": "N006",
        "plan_image": null,
        "car_class_cd": "01",
        "car_class_nam": "K",
        "num_p_from": 1,
        "num_p_to": 5,
        "for_rsv_nam": "【ＷＥＢ】２８－１：１－５名／台　Ｋ　喫煙車　ナビ付",
        "plan_nam": "【ＷＥＢ】おぐとも＠レンタカープラン２",
        "icon_flgs": {
          "smoking_cf": "1",
          "etc_cf": "0",
          "navi_cf": "1",
          "mile_flg": null
        },
        "recommended_flg": "1",
        "use_pre_req_no": "001",
        "use_pre_req_nam": "【ＷＥＢ】２８－１：１ー５名／台",
        "use_pre_req_unit": "2",
        "disp_use_req_unit_nam": "台",
        "settle_way_cf": "1",
        "cvs_isst_eith": "0",
        "use_qtty": 72,
        "basic_price": 9000,
        "abandon_price": 0,
        "stock": 50
      }
    }, {
      "office_info": {
        "copt_cd": "30016",
        "facl_cd": "40",
        "abandon_area_cd": "001",
        "office_no": 2,
        "car_company_cd": "NIPPON",
        "office_nam": "札幌駅中央",
        "facl_nam": "【ＷＥＢ】＜松田＞北海道：ニッポンレンタカー北海道",
        "adrs": "北海道札幌市中央区北3条西2丁目",
        "nearest_guide": null,
        "latitude": "43.065620    ",
        "longitude": "141.352923   "
      },
      "planinfo": {
        "cart_key_option": "11:04:30016:40:N006:K00500:001:20170917:0900:20170919:1800",
        "plan_cd": "K00500",
        "product_cd": "11",
        "stock_limits_no": "N006",
        "plan_image": null,
        "car_class_cd": "01",
        "car_class_nam": "K",
        "num_p_from": 1,
        "num_p_to": 5,
        "for_rsv_nam": "【ＷＥＢ】２８－１：１－５名／台　Ｋ　喫煙車　ナビ付",
        "plan_nam": "【ＷＥＢ】おぐとも＠レンタカープラン２",
        "icon_flgs": {
          "smoking_cf": "1",
          "etc_cf": "0",
          "navi_cf": "1",
          "mile_flg": null
        },
        "recommended_flg": "1",
        "use_pre_req_no": "001",
        "use_pre_req_nam": "【ＷＥＢ】２８－１：１ー５名／台",
        "use_pre_req_unit": "2",
        "disp_use_req_unit_nam": "台",
        "settle_way_cf": "1",
        "cvs_isst_eith": "0",
        "use_qtty": 72,
        "basic_price": 9000,
        "abandon_price": 0,
        "stock": 50
      }
    }, {
      "office_info": {
        "copt_cd": "30016",
        "facl_cd": "40",
        "abandon_area_cd": "001",
        "office_no": 10,
        "car_company_cd": "NIPPON",
        "office_nam": "【ＷＥＢ】札幌営業所４",
        "facl_nam": "【ＷＥＢ】＜松田＞北海道：ニッポンレンタカー北海道",
        "adrs": "住所",
        "nearest_guide": null,
        "latitude": "123          ",
        "longitude": "456          "
      },
      "planinfo": {
        "cart_key_option": "11:04:30016:40:N006:K00500:001:20170917:0900:20170919:1800",
        "plan_cd": "K00500",
        "product_cd": "11",
        "stock_limits_no": "N006",
        "plan_image": null,
        "car_class_cd": "01",
        "car_class_nam": "K",
        "num_p_from": 1,
        "num_p_to": 5,
        "for_rsv_nam": "【ＷＥＢ】２８－１：１－５名／台　Ｋ　喫煙車　ナビ付",
        "plan_nam": "【ＷＥＢ】おぐとも＠レンタカープラン２",
        "icon_flgs": {
          "smoking_cf": "1",
          "etc_cf": "0",
          "navi_cf": "1",
          "mile_flg": null
        },
        "recommended_flg": "1",
        "use_pre_req_no": "001",
        "use_pre_req_nam": "【ＷＥＢ】２８－１：１ー５名／台",
        "use_pre_req_unit": "2",
        "disp_use_req_unit_nam": "台",
        "settle_way_cf": "1",
        "cvs_isst_eith": "0",
        "use_qtty": 72,
        "basic_price": 9000,
        "abandon_price": 0,
        "stock": 50
      }
    }, {
      "office_info": {
        "copt_cd": "30016",
        "facl_cd": "40",
        "abandon_area_cd": "001",
        "office_no": 15,
        "car_company_cd": "NIPPON",
        "office_nam": "【ＷＥＢ】札幌営業所９",
        "facl_nam": "【ＷＥＢ】＜松田＞北海道：ニッポンレンタカー北海道",
        "adrs": "住所",
        "nearest_guide": null,
        "latitude": "123          ",
        "longitude": "456          "
      },
      "planinfo": {
        "cart_key_option": "11:04:30016:40:N006:K00500:001:20170917:0900:20170919:1800",
        "plan_cd": "K00500",
        "product_cd": "11",
        "stock_limits_no": "N006",
        "plan_image": null,
        "car_class_cd": "01",
        "car_class_nam": "K",
        "num_p_from": 1,
        "num_p_to": 5,
        "for_rsv_nam": "【ＷＥＢ】２８－１：１－５名／台　Ｋ　喫煙車　ナビ付",
        "plan_nam": "【ＷＥＢ】おぐとも＠レンタカープラン２",
        "icon_flgs": {
          "smoking_cf": "1",
          "etc_cf": "0",
          "navi_cf": "1",
          "mile_flg": null
        },
        "recommended_flg": "1",
        "use_pre_req_no": "001",
        "use_pre_req_nam": "【ＷＥＢ】２８－１：１ー５名／台",
        "use_pre_req_unit": "2",
        "disp_use_req_unit_nam": "台",
        "settle_way_cf": "1",
        "cvs_isst_eith": "0",
        "use_qtty": 72,
        "basic_price": 9000,
        "abandon_price": 0,
        "stock": 50
      }
    }]
  }
}