<env:Envelope xmlns:env="http://schemas.xmlsoap.org/soap/envelope/" xmlns="http://www.anaskyholiday.co.jp/adam/dto/api"
  xmlns:api="http://www.anaskyholiday.co.jp/adam/api">
  <env:Header />
  <env:Body>
    <api:sd0060aResponse>
      <IFASW038IRes>
        <cmnHedInf>
          <reqResCf>2</reqResCf>
          <reqOrgCd>INTERNET</reqOrgCd>
          <pwd>pass9999</pwd>
          <svcKd>IFASW038I</svcKd>
          <mkMsgDt>2018-04-16T18:09:52+09:00</mkMsgDt>
        </cmnHedInf>
        <proRstInf>
          <rstCd>1</rstCd>
          <lstUpdDtInf>
            <rcNo>UD885247</rcNo>
            <lstUpdDt>2018-07-30T21:45:54+09:00</lstUpdDt>
          </lstUpdDtInf>
          <errCon>
            <errCd>0208</errCd>
            <errMsg>ableI/Fでエラーが発生しました。</errMsg>
            <rcNo>UD885247</rcNo>
            <addInf>{rcGdNo:0,mtNo:0,ablIfERRcd:"ABL0123"}</addInf>
          </errCon>
        </proRstInf>
        <apCmpRcInf>
          <rcNo>UD885247</rcNo>
          <apCmpDt>2018-04-16T18:09:50+09:00</apCmpDt>
          <payTml>20180416</payTml>
        </apCmpRcInf>
      </IFASW038IRes>
    </api:sd0060aResponse>
  </env:Body>
</env:Envelope>