{
  "error":[],
  "db_version_time": "20160401100000",
  "response": {
    "count": 5,
    "total_pages": 10,
    "display_range_from": 5,
    "display_range_to": 5,
    "hotel_list": [
      {
        "copt_cd": "00001",
        "facl_cd": "00",
        "facl_nam": "テストホテル",
        "api_facl_no": "000007",
        "api_facl_kind_cd": "31",
        "zip_cd": "000-0000",
        "adrs": "和歌山市毛見１５２７番地",
        "latitude": "35.673933",
        "longitude": "139.784249",
        "facl_images": [
          {
            "pic_url_s": "/csm/resources/image/ishigaki_resort.jpg",
            "pic_url_m": "/csm/resources/image/ishigaki_resort.jpg",
            "pic_url_l": "/csm/resources/image/ishigaki_resort.jpg",
            "pic_url_o": "/csm/resources/image/ishigaki_resort.jpg",
            "pic_nam": "◯◯の間 ダイニングスペース",
            "pic_comment": "画像のコメントです"
          },
          {
            "pic_url_s": "/csm/resources/image/ishigaki_resort.jpg",
            "pic_url_m": "/csm/resources/image/ishigaki_resort.jpg",
            "pic_url_l": "/csm/resources/image/ishigaki_resort.jpg",
            "pic_url_o": "/csm/resources/image/ishigaki_resort.jpg",
            "pic_nam": "◯◯の間 ダイニングスペース",
            "pic_comment": "画像のコメントです"
          },
          {
            "pic_url_s": "/csm/resources/image/ishigaki_resort.jpg",
            "pic_url_m": "/csm/resources/image/ishigaki_resort.jpg",
            "pic_url_l": "/csm/resources/image/ishigaki_resort.jpg",
            "pic_url_o": "/csm/resources/image/ishigaki_resort.jpg",
            "pic_nam": "◯◯の間 ダイニングスペース",
            "pic_comment": "画像のコメントです"
          },
          {
            "pic_url_s": "/csm/resources/image/ishigaki_resort.jpg",
            "pic_url_m": "/csm/resources/image/ishigaki_resort.jpg",
            "pic_url_l": "/csm/resources/image/ishigaki_resort.jpg",
            "pic_url_o": "/csm/resources/image/ishigaki_resort.jpg",
            "pic_nam": "◯◯の間 ダイニングスペース",
            "pic_comment": "画像のコメントです"
          }
        ],
        "access": {
          "nearest_airp": [
            {
              "airp_cd": "HND",
              "arr_point": "ZZZZ駅",
              "car_tra_bus_shp_cf": "0",
              "ctbs_min_tm_required": 10,
              "ctbs_max_tm_required": 20,
              "other_nam": "ICから自転車",
              "ctbs_special_mention": "徒歩",
              "ctbs_sm_min_tm_required": 30,
              "ctbs_sm_max_tm_required": 40,
              "nearest_airp_note": "最寄空港から徒歩３０分"
            }
          ],
          "nearest_sta": [
            {
              "nearest_sta_trans": "AAAバス",
              "nearest_route_nam": "BBB線",
              "nearest_sta_nam": "CCC駅",
              "walk_car_shp_cf": "0",
              "tm_required": 50
            }
          ]
        },
        "tripadvisor": {
          "rate": 3.5,
          "image_url": "/csm/resources/image/tripadvisor-logo.png",
          "count": 5,
          "url": "/csm/resources/image/ishigaki_resort.jpg"
        },
        "ikyu_rate": 50,
        "dp_supplier_flg": "0",
        "recommend_flg": "0",
        "plan_cont": 7,
        "plan_list": [
          {
            "cart_key_dp_hotel": "HHHHHHHHHHHHHHHHHHHH",
            "plan_cd": "000000",
            "plan_nam": "1名1室プラン",
            "for_rsv_nam": "禁煙 洋室（1名） シングル",
            "stock_limits_no": "#001",
            "use_pre_req_no": "001",
            "use_pre_req_nam": "１名１室",
            "use_pre_req_dtl": "利用条件詳細１",
            "use_pre_req_unit": "1",
            "disp_use_req_unit_nam": "室",
            "num_p_from": 1,
            "num_p_to": 1,
            "roomtype_cd": "03",
            "roomtype_nam": "洋室(ツイン)",
            "min_room_area": "20",
            "max_room_area": "40",
            "room_unit_flg": "0",
            "lay_side_flg": "1",
            "kids_lay_side_flg": "1",
            "mile_flg": "1",
            "plus_mile": 500,
            "mile_rsv_term_from": "20160401",
            "mile_rsv_term_to": "20160430",
            "mile_stay_term_from": "20160501",
            "mile_stay_term_to": "20160530",
            "meal_conditions": [
              {
                "meal_pre_req_no": "1",
                "meal_pre_requis_nam": "夕食"
              }
            ],
            "price": {
              "price_pattern": "0",
              "price_per_kind": [
                {
                  "kind_type_cd": "001",
                  "kind_type_nam": "大人",
                  "kind_type_price": 5000000
                }
              ],
              "price_with_air": 5000000,
              "add_price": -5000,
              "price_from": 5000000,
              "price_to": 5000000
            },
            "stock": 5,
            "nights_poss_from": 5,
            "nights_poss_to": 5,
            "car_info": null
          },
          {
            "cart_key_dp_hotel": "HHHHHHHHHHHHHHHHHHHH",
            "plan_cd": "000000",
            "plan_nam": "2名1室プラン",
            "for_rsv_nam": "禁煙 洋室（5名） シングル",
            "stock_limits_no": "#001",
            "use_pre_req_no": "001",
            "use_pre_req_nam": "2名１室",
            "use_pre_req_dtl": "利用条件詳細１",
            "use_pre_req_unit": "1",
            "disp_use_req_unit_nam": "室",
            "num_p_from": 2,
            "num_p_to": 2,
            "roomtype_cd": "03",
            "roomtype_nam": "洋室(ツイン)",
            "min_room_area": "20",
            "max_room_area": "40",
            "room_unit_flg": "0",
            "lay_side_flg": "1",
            "kids_lay_side_flg": "1",
            "mile_flg": "1",
            "plus_mile": 500,
            "mile_rsv_term_from": "20160401",
            "mile_rsv_term_to": "20160430",
            "mile_stay_term_from": "20160501",
            "mile_stay_term_to": "20160530",
            "meal_conditions": [
              {
                "meal_pre_req_no": "1",
                "meal_pre_requis_nam": "夕食"
              }
            ],
            "price": {
              "price_pattern": "0",
              "price_per_kind": [
                {
                  "kind_type_cd": "001",
                  "kind_type_nam": "大人",
                  "kind_type_price": 5000000
                }
              ],
              "price_with_air": 5000000,
              "add_price": 5000000,
              "price_from": 5000000,
              "price_to": 5000000
            },
            "stock": 5,
            "nights_poss_from": 5,
            "nights_poss_to": 5,
            "car_info": null
          },
          {
            "cart_key_dp_hotel": "HHHHHHHHHHHHHHHHHHHH",
            "plan_cd": "000000",
            "plan_nam": "3名1室プラン",
            "for_rsv_nam": "禁煙 洋室（1名） シングル",
            "stock_limits_no": "#001",
            "use_pre_req_no": "001",
            "use_pre_req_nam": "１名１室",
            "use_pre_req_dtl": "利用条件詳細１",
            "use_pre_req_unit": "1",
            "disp_use_req_unit_nam": "室",
            "num_p_from": 3,
            "num_p_to": 3,
            "roomtype_cd": "03",
            "roomtype_nam": "洋室(ツイン)",
            "min_room_area": "20",
            "max_room_area": "40",
            "room_unit_flg": "0",
            "lay_side_flg": "1",
            "kids_lay_side_flg": "1",
            "mile_flg": "1",
            "plus_mile": 500,
            "mile_rsv_term_from": "20160401",
            "mile_rsv_term_to": "20160430",
            "mile_stay_term_from": "20160501",
            "mile_stay_term_to": "20160530",
            "meal_conditions": [
              {
                "meal_pre_req_no": "1",
                "meal_pre_requis_nam": "夕食"
              }
            ],
            "price": {
              "price_pattern": "0",
              "price_per_kind": [
                {
                  "kind_type_cd": "001",
                  "kind_type_nam": "大人",
                  "kind_type_price": 5000000
                }
              ],
              "price_with_air": 5000000,
              "add_price": 5000000,
              "price_from": 5000000,
              "price_to": 5000000
            },
            "stock": 5,
            "nights_poss_from": 5,
            "nights_poss_to": 5,
            "car_info": null
          }
        ]
      },
      {
        "copt_cd": "C2345",
        "facl_cd": "F2",
        "facl_nam": "マージ対象ホテル",
        "api_facl_no": "000007",
        "api_facl_kind_cd": "31",
        "zip_cd": "000-0000",
        "adrs": "和歌山市毛見１５２７番地",
        "latitude": "35.675419",
        "longitude": "139.783329",
        "facl_images": [
          {
            "pic_url_s": "/csm/resources/image/ishigaki_resort.jpg",
            "pic_url_m": "/csm/resources/image/ishigaki_resort.jpg",
            "pic_url_l": "/csm/resources/image/ishigaki_resort.jpg",
            "pic_url_o": "/csm/resources/image/ishigaki_resort.jpg",
            "pic_nam": "◯◯の間 ダイニングスペース",
            "pic_comment": "画像のコメントです"
          }
        ],
        "access": {
          "nearest_airp": [
            {
              "airp_cd": "HND",
              "arr_point": "ZZZZ駅",
              "car_tra_bus_shp_cf": "0",
              "ctbs_min_tm_required": 10,
              "ctbs_max_tm_required": 10,
              "other_nam": "ICから車",
              "ctbs_special_mention": "徒歩",
              "ctbs_sm_min_tm_required": 10,
              "ctbs_sm_max_tm_required": 10,
              "nearest_airp_note": "最寄空港から徒歩３０分"
            }
          ],
          "nearest_sta": [
            {
              "nearest_sta_trans": "AAAバス",
              "nearest_route_nam": "BBB線",
              "nearest_sta_nam": "CCC駅",
              "walk_car_shp_cf": "0",
              "tm_required": 10
            }
          ]
        },
        "tripadvisor": {
          "rate": 3.5,
          "image_url": "/csm/resources/image/tripadvisor-logo.png",
          "count": 5,
          "url": "/csm/resources/image/ishigaki_resort.jpg"
        },
        "ikyu_rate": 50,
        "dp_supplier_flg": "0",
        "recommend_flg": "0",
        "plan_cont": 5,
        "plan_list": [
          {
            "cart_key_dp_hotel": "HHHHHHHHHHHHHHHHHHHH",
            "plan_cd": "000000",
            "plan_nam": "マージ対象プラン　チェックイン：20170121　チェックアウト：20170123",
            "for_rsv_nam": "禁煙 洋室（1名） シングル",
            "stock_limits_no": "S234",
            "use_pre_req_no": "001",
            "use_pre_req_nam": "１名１室",
            "use_pre_req_dtl": "利用条件詳細１",
            "use_pre_req_unit": "1",
            "disp_use_req_unit_nam": "室",
            "num_p_from": 1,
            "num_p_to": 1,
            "roomtype_cd": "03",
            "roomtype_nam": "洋室(ツイン)",
            "min_room_area": "20",
            "max_room_area": "40",
            "room_unit_flg": "0",
            "lay_side_flg": "1",
            "kids_lay_side_flg": "1",
            "mile_flg": "1",
            "plus_mile": 500,
            "mile_rsv_term_from": "20160401",
            "mile_rsv_term_to": "20160430",
            "mile_stay_term_from": "20160501",
            "mile_stay_term_to": "20160530",
            "meal_conditions": [
              {
                "meal_pre_req_no": "1",
                "meal_pre_requis_nam": "夕食"
              }
            ],
            "price": {
              "price_pattern": "0",
              "price_per_kind": [
                {
                  "kind_type_cd": "001",
                  "kind_type_nam": "大人",
                  "kind_type_price": 5000000
                }
              ],
              "price_with_air": 5000000,
              "add_price": 5000000,
              "price_from": 5000000,
              "price_to": 5000000
            },
            "stock": 5,
            "nights_poss_from": 5,
            "nights_poss_to": 5,
            "car_info": null
          },
          {
            "cart_key_dp_hotel": "HHHHHHHHHHHHHHHHHHHH",
            "plan_cd": "000000",
            "plan_nam": "マージ対象プラン　チェックイン：20170121　チェックアウト：20170123",
            "for_rsv_nam": "禁煙 洋室（2名） シングル",
            "stock_limits_no": "#001",
            "use_pre_req_no": "001",
            "use_pre_req_nam": "１名１室",
            "use_pre_req_dtl": "利用条件詳細１",
            "use_pre_req_unit": "1",
            "disp_use_req_unit_nam": "室",
            "num_p_from": 2,
            "num_p_to": 2,
            "roomtype_cd": "03",
            "roomtype_nam": "洋室(ツイン)",
            "min_room_area": "20",
            "max_room_area": "40",
            "room_unit_flg": "0",
            "lay_side_flg": "1",
            "kids_lay_side_flg": "1",
            "mile_flg": "1",
            "plus_mile": 500,
            "mile_rsv_term_from": "20160401",
            "mile_rsv_term_to": "20160430",
            "mile_stay_term_from": "20160501",
            "mile_stay_term_to": "20160530",
            "meal_conditions": [
              {
                "meal_pre_req_no": "1",
                "meal_pre_requis_nam": "夕食"
              }
            ],
            "price": {
              "price_pattern": "0",
              "price_per_kind": [
                {
                  "kind_type_cd": "001",
                  "kind_type_nam": "大人",
                  "kind_type_price": 5000000
                }
              ],
              "price_with_air": 5000000,
              "add_price": 5000000,
              "price_from": 5000000,
              "price_to": 5000000
            },
            "stock": 5,
            "nights_poss_from": 5,
            "nights_poss_to": 5,
            "car_info": null
          },
          {
            "cart_key_dp_hotel": "HHHHHHHHHHHHHHHHHHHH",
            "plan_cd": "000000",
            "plan_nam": "マージ対象プラン　チェックイン：20170121　チェックアウト：20170123",
            "for_rsv_nam": "禁煙 洋室（3名） シングル",
            "stock_limits_no": "#001",
            "use_pre_req_no": "001",
            "use_pre_req_nam": "１名１室",
            "use_pre_req_dtl": "利用条件詳細１",
            "use_pre_req_unit": "1",
            "disp_use_req_unit_nam": "室",
            "num_p_from": 3,
            "num_p_to": 3,
            "roomtype_cd": "03",
            "roomtype_nam": "洋室(ツイン)",
            "min_room_area": "20",
            "max_room_area": "40",
            "room_unit_flg": "0",
            "lay_side_flg": "1",
            "kids_lay_side_flg": "1",
            "mile_flg": "1",
            "plus_mile": 500,
            "mile_rsv_term_from": "20160401",
            "mile_rsv_term_to": "20160430",
            "mile_stay_term_from": "20160501",
            "mile_stay_term_to": "20160530",
            "meal_conditions": [
              {
                "meal_pre_req_no": "1",
                "meal_pre_requis_nam": "夕食"
              }
            ],
            "price": {
              "price_pattern": "0",
              "price_per_kind": [
                {
                  "kind_type_cd": "001",
                  "kind_type_nam": "大人",
                  "kind_type_price": 5000000
                }
              ],
              "price_with_air": 5000000,
              "add_price": 5000000,
              "price_from": 5000000,
              "price_to": 5000000
            },
            "stock": 5,
            "nights_poss_from": 5,
            "nights_poss_to": 5,
            "car_info": null
          }
        ]
      },
      {
        "copt_cd": "00001",
        "facl_cd": "00",
        "facl_nam": "表示系テスト",
        "api_facl_no": "000007",
        "api_facl_kind_cd": "31",
        "zip_cd": "000-0000",
        "adrs": "和歌山市毛見１５２７番地",
        "latitude": "35.675567",
        "longitude": "139.782817",
        "facl_images": [],
        "access": {
          "nearest_airp": [
            {
              "airp_cd": "HND",
              "arr_point": "ZZZZ駅",
              "car_tra_bus_shp_cf": "0",
              "ctbs_min_tm_required": 10,
              "ctbs_max_tm_required": 10,
              "other_nam": "ICから車",
              "ctbs_special_mention": "徒歩",
              "ctbs_sm_min_tm_required": 10,
              "ctbs_sm_max_tm_required": 10,
              "nearest_airp_note": "最寄空港から徒歩３０分"
            }
          ],
          "nearest_sta": []
        },
        "tripadvisor": {
          "rate": 3.5,
          "image_url": "/csm/resources/image/tripadvisor-logo.png",
          "count": 5,
          "url": "/csm/resources/image/ishigaki_resort.jpg"
        },
        "ikyu_rate": 50,
        "dp_supplier_flg": "1",
        "recommend_flg": "0",
        "plan_cont": 5,
        "plan_list": [
          {
            "cart_key_dp_hotel": "HHHHHHHHHHHHHHHHHHHH",
            "plan_cd": "000000",
            "plan_nam": "添い寝なし",
            "for_rsv_nam": "禁煙 洋室（1名） シングル",
            "stock_limits_no": "#001",
            "use_pre_req_no": "001",
            "use_pre_req_nam": "１名１室",
            "use_pre_req_dtl": "利用条件詳細１",
            "use_pre_req_unit": "1",
            "disp_use_req_unit_nam": "室",
            "num_p_from": 1,
            "num_p_to": 1,
            "roomtype_cd": "03",
            "roomtype_nam": "洋室(ツイン)",
            "min_room_area": "20",
            "max_room_area": "40",
            "room_unit_flg": "0",
            "lay_side_flg": "1",
            "kids_lay_side_flg": "0",
            "mile_flg": "1",
            "plus_mile": 500,
            "mile_rsv_term_from": "20160401",
            "mile_rsv_term_to": "20160430",
            "mile_stay_term_from": "20160501",
            "mile_stay_term_to": "20160530",
            "meal_conditions": [
              {
                "meal_pre_req_no": "1",
                "meal_pre_requis_nam": "夕食"
              }
            ],
            "price": {
              "price_pattern": "0",
              "price_per_kind": [
                {
                  "kind_type_cd": "001",
                  "kind_type_nam": "大人",
                  "kind_type_price": 5000000
                }
              ],
              "price_with_air": 5000000,
              "add_price": 5000000,
              "price_from": 5000000,
              "price_to": 5000000
            },
            "stock": 5,
            "nights_poss_from": 5,
            "nights_poss_to": 5,
            "car_info": null
          },
          {
            "cart_key_dp_hotel": "HHHHHHHHHHHHHHHHHHHH",
            "plan_cd": "000000",
            "plan_nam": "添い寝プラン",
            "for_rsv_nam": "禁煙 洋室（1名） シングル",
            "stock_limits_no": "#001",
            "use_pre_req_no": "001",
            "use_pre_req_nam": "１名１室",
            "use_pre_req_dtl": "利用条件詳細１",
            "use_pre_req_unit": "1",
            "disp_use_req_unit_nam": "室",
            "num_p_from": 1,
            "num_p_to": 1,
            "roomtype_cd": "03",
            "roomtype_nam": "洋室(ツイン)",
            "min_room_area": "20",
            "max_room_area": "40",
            "room_unit_flg": "0",
            "lay_side_flg": "0",
            "kids_lay_side_flg": "1",
            "mile_flg": "1",
            "plus_mile": 500,
            "mile_rsv_term_from": "20160401",
            "mile_rsv_term_to": "20160430",
            "mile_stay_term_from": "20160501",
            "mile_stay_term_to": "20160530",
            "meal_conditions": [
              {
                "meal_pre_req_no": "1",
                "meal_pre_requis_nam": "夕食"
              }
            ],
            "price": {
              "price_pattern": "0",
              "price_per_kind": [
                {
                  "kind_type_cd": "001",
                  "kind_type_nam": "大人",
                  "kind_type_price": 5000000
                }
              ],
              "price_with_air": 5000000,
              "add_price": 5000000,
              "price_from": 5000000,
              "price_to": 5000000
            },
            "stock": 5,
            "nights_poss_from": 5,
            "nights_poss_to": 5,
            "car_info": null
          },
          {
            "cart_key_dp_hotel": "HHHHHHHHHHHHHHHHHHHH",
            "plan_cd": "000000",
            "plan_nam": "キッズ添い寝",
            "for_rsv_nam": "禁煙 洋室（1名） シングル",
            "stock_limits_no": "#001",
            "use_pre_req_no": "001",
            "use_pre_req_nam": "１名１室",
            "use_pre_req_dtl": "利用条件詳細１",
            "use_pre_req_unit": "1",
            "disp_use_req_unit_nam": "室",
            "num_p_from": 1,
            "num_p_to": 1,
            "roomtype_cd": "03",
            "roomtype_nam": "洋室(ツイン)",
            "min_room_area": "20",
            "max_room_area": "40",
            "room_unit_flg": "0",
            "lay_side_flg": "0",
            "kids_lay_side_flg": "0",
            "mile_flg": "0",
            "plus_mile": 500,
            "mile_rsv_term_from": "20160401",
            "mile_rsv_term_to": "20160430",
            "mile_stay_term_from": "20160501",
            "mile_stay_term_to": "20160530",
            "meal_conditions": [
              {
                "meal_pre_req_no": "1",
                "meal_pre_requis_nam": "夕食"
              }
            ],
            "price": {
              "price_pattern": "0",
              "price_per_kind": [
                {
                  "kind_type_cd": "001",
                  "kind_type_nam": "大人",
                  "kind_type_price": 5000000
                }
              ],
              "price_with_air": 5000000,
              "add_price": 5000000,
              "price_from": 5000000,
              "price_to": 5000000
            },
            "stock": 5,
            "nights_poss_from": 5,
            "nights_poss_to": 5,
            "car_info": null
          }
        ]
      },
      {
        "copt_cd": "00001",
        "facl_cd": "00",
        "facl_nam": "札幌全日空ホテル",
        "api_facl_no": "000007",
        "api_facl_kind_cd": "31",
        "zip_cd": "000-0000",
        "adrs": "和歌山市毛見１５２７番地",
        "latitude": "35.674425",
        "longitude": "139.780729",
        "facl_images": [
          {
            "pic_url_s": "/csm/resources/image/ishigaki_resort.jpg",
            "pic_url_m": "/csm/resources/image/ishigaki_resort.jpg",
            "pic_url_l": "/csm/resources/image/ishigaki_resort.jpg",
            "pic_url_o": "/csm/resources/image/ishigaki_resort.jpg",
            "pic_nam": "◯◯の間 ダイニングスペース",
            "pic_comment": "画像のコメントです"
          }
        ],
        "access": {
          "nearest_airp": [
            {
              "airp_cd": "HND",
              "arr_point": "ZZZZ駅",
              "car_tra_bus_shp_cf": "0",
              "ctbs_min_tm_required": 10,
              "ctbs_max_tm_required": 10,
              "other_nam": "ICから車",
              "ctbs_special_mention": "徒歩",
              "ctbs_sm_min_tm_required": 10,
              "ctbs_sm_max_tm_required": 10,
              "nearest_airp_note": "最寄空港から徒歩３０分"
            }
          ],
          "nearest_sta": [
            {
              "nearest_sta_trans": "AAAバス",
              "nearest_route_nam": "BBB線",
              "nearest_sta_nam": "CCC駅",
              "walk_car_shp_cf": "0",
              "tm_required": 10
            }
          ]
        },
        "tripadvisor": {
          "rate": 3.5,
          "image_url": "/csm/resources/image/tripadvisor-logo.png",
          "count": 5,
          "url": "/csm/resources/image/ishigaki_resort.jpg"
        },
        "ikyu_rate": 50,
        "dp_supplier_flg": "0",
        "recommend_flg": "1",
        "plan_cont": 5,
        "plan_list": [
          {
            "cart_key_dp_hotel": "HHHHHHHHHHHHHHHHHHHH",
            "plan_cd": "000000",
            "plan_nam": "専用枠パッケージオプションプラン",
            "for_rsv_nam": "禁煙 洋室（1名） シングル",
            "stock_limits_no": "#001",
            "use_pre_req_no": "001",
            "use_pre_req_nam": "１名１室",
            "use_pre_req_dtl": "利用条件詳細１",
            "use_pre_req_unit": "1",
            "disp_use_req_unit_nam": "室",
            "num_p_from": 1,
            "num_p_to": 1,
            "roomtype_cd": "03",
            "roomtype_nam": "洋室(ツイン)",
            "min_room_area": "20",
            "max_room_area": "40",
            "room_unit_flg": "0",
            "lay_side_flg": "1",
            "kids_lay_side_flg": "1",
            "mile_flg": "1",
            "plus_mile": 500,
            "mile_rsv_term_from": "20160401",
            "mile_rsv_term_to": "20160430",
            "mile_stay_term_from": "20160501",
            "mile_stay_term_to": "20160530",
            "meal_conditions": [
              {
                "meal_pre_req_no": "1",
                "meal_pre_requis_nam": "夕食"
              }
            ],
            "price": {
              "price_pattern": "0",
              "price_per_kind": [
                {
                  "kind_type_cd": "001",
                  "kind_type_nam": "大人",
                  "kind_type_price": 5000000
                }
              ],
              "price_with_air": 5000000,
              "add_price": 5000000,
              "price_from": 5000000,
              "price_to": 5000000
            },
            "stock": 5,
            "nights_poss_from": 5,
            "nights_poss_to": 5,
            "car_info": null
          },
          {
            "cart_key_dp_hotel": "HHHHHHHHHHHHHHHHHHHH",
            "plan_cd": "000000",
            "plan_nam": "専用枠パッケージオプションプラン",
            "for_rsv_nam": "禁煙 洋室（1名） シングル",
            "stock_limits_no": "#001",
            "use_pre_req_no": "001",
            "use_pre_req_nam": "１名１室",
            "use_pre_req_dtl": "利用条件詳細１",
            "use_pre_req_unit": "1",
            "disp_use_req_unit_nam": "室",
            "num_p_from": 1,
            "num_p_to": 1,
            "roomtype_cd": "03",
            "roomtype_nam": "洋室(ツイン)",
            "min_room_area": "20",
            "max_room_area": "40",
            "room_unit_flg": "0",
            "lay_side_flg": "1",
            "kids_lay_side_flg": "1",
            "mile_flg": "1",
            "plus_mile": 500,
            "mile_rsv_term_from": "20160401",
            "mile_rsv_term_to": "20160430",
            "mile_stay_term_from": "20160501",
            "mile_stay_term_to": "20160530",
            "meal_conditions": [
              {
                "meal_pre_req_no": "1",
                "meal_pre_requis_nam": "夕食"
              }
            ],
            "price": {
              "price_pattern": "0",
              "price_per_kind": [
                {
                  "kind_type_cd": "001",
                  "kind_type_nam": "大人",
                  "kind_type_price": 5000000
                }
              ],
              "price_with_air": 5000000,
              "add_price": 5000000,
              "price_from": 5000000,
              "price_to": 5000000
            },
            "stock": 5,
            "nights_poss_from": 5,
            "nights_poss_to": 5,
            "car_info": null
          },
          {
            "cart_key_dp_hotel": "HHHHHHHHHHHHHHHHHHHH",
            "plan_cd": "000000",
            "plan_nam": "専用枠パッケージオプションプラン",
            "for_rsv_nam": "禁煙 洋室（1名） シングル",
            "stock_limits_no": "#001",
            "use_pre_req_no": "001",
            "use_pre_req_nam": "１名１室",
            "use_pre_req_dtl": "利用条件詳細１",
            "use_pre_req_unit": "1",
            "disp_use_req_unit_nam": "室",
            "num_p_from": 1,
            "num_p_to": 1,
            "roomtype_cd": "03",
            "roomtype_nam": "洋室(ツイン)",
            "min_room_area": "20",
            "max_room_area": "40",
            "room_unit_flg": "0",
            "lay_side_flg": "1",
            "kids_lay_side_flg": "1",
            "mile_flg": "1",
            "plus_mile": 500,
            "mile_rsv_term_from": "20160401",
            "mile_rsv_term_to": "20160430",
            "mile_stay_term_from": "20160501",
            "mile_stay_term_to": "20160530",
            "meal_conditions": [
              {
                "meal_pre_req_no": "1",
                "meal_pre_requis_nam": "夕食"
              }
            ],
            "price": {
              "price_pattern": "0",
              "price_per_kind": [
                {
                  "kind_type_cd": "001",
                  "kind_type_nam": "大人",
                  "kind_type_price": 5000000
                }
              ],
              "price_with_air": 5000000,
              "add_price": 5000000,
              "price_from": 5000000,
              "price_to": 5000000
            },
            "stock": 5,
            "nights_poss_from": 5,
            "nights_poss_to": 5,
            "car_info": null
          }
        ]
      },
      {
        "copt_cd": "00001",
        "facl_cd": "00",
        "facl_nam": "札幌全日空ホテル",
        "api_facl_no": "000007",
        "api_facl_kind_cd": "31",
        "zip_cd": "000-0000",
        "adrs": "和歌山市毛見１５２７番地",
        "latitude": "35.674233",
        "longitude": "139.779525",
        "facl_images": [
          {
            "pic_url_s": "/csm/resources/image/ishigaki_resort.jpg",
            "pic_url_m": "/csm/resources/image/ishigaki_resort.jpg",
            "pic_url_l": "/csm/resources/image/ishigaki_resort.jpg",
            "pic_url_o": "/csm/resources/image/ishigaki_resort.jpg",
            "pic_nam": "◯◯の間 ダイニングスペース",
            "pic_comment": "画像のコメントです"
          }
        ],
        "access": {
          "nearest_airp": [
            {
              "airp_cd": "HND",
              "arr_point": "ZZZZ駅",
              "car_tra_bus_shp_cf": "0",
              "ctbs_min_tm_required": 10,
              "ctbs_max_tm_required": 10,
              "other_nam": "ICから車",
              "ctbs_special_mention": "徒歩",
              "ctbs_sm_min_tm_required": 10,
              "ctbs_sm_max_tm_required": 10,
              "nearest_airp_note": "最寄空港から徒歩３０分"
            }
          ],
          "nearest_sta": [
            {
              "nearest_sta_trans": "AAAバス",
              "nearest_route_nam": "BBB線",
              "nearest_sta_nam": "CCC駅",
              "walk_car_shp_cf": "0",
              "tm_required": 10
            }
          ]
        },
        "tripadvisor": {
          "rate": 3.5,
          "image_url": "/csm/resources/image/tripadvisor-logo.png",
          "count": 5,
          "url": "/csm/resources/image/ishigaki_resort.jpg"
        },
        "ikyu_rate": 50,
        "dp_supplier_flg": "0",
        "recommend_flg": "0",
        "plan_cont": 5,
        "plan_list": [
          {
            "cart_key_dp_hotel": "HHHHHHHHHHHHHHHHHHHH",
            "plan_cd": "000000",
            "plan_nam": "専用枠パッケージオプションプラン",
            "for_rsv_nam": "禁煙 洋室（1名） シングル",
            "stock_limits_no": "#001",
            "use_pre_req_no": "001",
            "use_pre_req_nam": "１名１室",
            "use_pre_req_dtl": "利用条件詳細１",
            "use_pre_req_unit": "1",
            "disp_use_req_unit_nam": "室",
            "num_p_from": 1,
            "num_p_to": 1,
            "roomtype_cd": "03",
            "roomtype_nam": "洋室(ツイン)",
            "min_room_area": "20",
            "max_room_area": "40",
            "room_unit_flg": "0",
            "lay_side_flg": "1",
            "kids_lay_side_flg": "1",
            "mile_flg": "1",
            "plus_mile": 500,
            "mile_rsv_term_from": "20160401",
            "mile_rsv_term_to": "20160430",
            "mile_stay_term_from": "20160501",
            "mile_stay_term_to": "20160530",
            "meal_conditions": [
              {
                "meal_pre_req_no": "1",
                "meal_pre_requis_nam": "夕食"
              }
            ],
            "price": {
              "price_pattern": "0",
              "price_per_kind": [
                {
                  "kind_type_cd": "001",
                  "kind_type_nam": "大人",
                  "kind_type_price": 5000000
                }
              ],
              "price_with_air": 5000000,
              "add_price": 5000000,
              "price_from": 5000000,
              "price_to": 5000000
            },
            "stock": 5,
            "nights_poss_from": 5,
            "nights_poss_to": 5,
            "car_info": null
          },
          {
            "cart_key_dp_hotel": "HHHHHHHHHHHHHHHHHHHH",
            "plan_cd": "000000",
            "plan_nam": "専用枠パッケージオプションプラン",
            "for_rsv_nam": "禁煙 洋室（1名） シングル",
            "stock_limits_no": "#001",
            "use_pre_req_no": "001",
            "use_pre_req_nam": "１名１室",
            "use_pre_req_dtl": "利用条件詳細１",
            "use_pre_req_unit": "1",
            "disp_use_req_unit_nam": "室",
            "num_p_from": 1,
            "num_p_to": 1,
            "roomtype_cd": "03",
            "roomtype_nam": "洋室(ツイン)",
            "min_room_area": "20",
            "max_room_area": "40",
            "room_unit_flg": "0",
            "lay_side_flg": "1",
            "kids_lay_side_flg": "1",
            "mile_flg": "1",
            "plus_mile": 500,
            "mile_rsv_term_from": "20160401",
            "mile_rsv_term_to": "20160430",
            "mile_stay_term_from": "20160501",
            "mile_stay_term_to": "20160530",
            "meal_conditions": [
              {
                "meal_pre_req_no": "1",
                "meal_pre_requis_nam": "夕食"
              }
            ],
            "price": {
              "price_pattern": "0",
              "price_per_kind": [
                {
                  "kind_type_cd": "001",
                  "kind_type_nam": "大人",
                  "kind_type_price": 5000000
                }
              ],
              "price_with_air": 5000000,
              "add_price": 5000000,
              "price_from": 5000000,
              "price_to": 5000000
            },
            "stock": 5,
            "nights_poss_from": 5,
            "nights_poss_to": 5,
            "car_info": null
          },
          {
            "cart_key_dp_hotel": "HHHHHHHHHHHHHHHHHHHH",
            "plan_cd": "000000",
            "plan_nam": "専用枠パッケージオプションプラン",
            "for_rsv_nam": "禁煙 洋室（1名） シングル",
            "stock_limits_no": "#001",
            "use_pre_req_no": "001",
            "use_pre_req_nam": "１名１室",
            "use_pre_req_dtl": "利用条件詳細１",
            "use_pre_req_unit": "1",
            "disp_use_req_unit_nam": "室",
            "num_p_from": 1,
            "num_p_to": 1,
            "roomtype_cd": "03",
            "roomtype_nam": "洋室(ツイン)",
            "min_room_area": "20",
            "max_room_area": "40",
            "room_unit_flg": "0",
            "lay_side_flg": "1",
            "kids_lay_side_flg": "1",
            "mile_flg": "1",
            "plus_mile": 500,
            "mile_rsv_term_from": "20160401",
            "mile_rsv_term_to": "20160430",
            "mile_stay_term_from": "20160501",
            "mile_stay_term_to": "20160530",
            "meal_conditions": [
              {
                "meal_pre_req_no": "1",
                "meal_pre_requis_nam": "夕食"
              }
            ],
            "price": {
              "price_pattern": "0",
              "price_per_kind": [
                {
                  "kind_type_cd": "001",
                  "kind_type_nam": "大人",
                  "kind_type_price": 5000000
                }
              ],
              "price_with_air": 5000000,
              "add_price": 5000000,
              "price_from": 5000000,
              "price_to": 5000000
            },
            "stock": 5,
            "nights_poss_from": 5,
            "nights_poss_to": 5,
            "car_info": null
          }
        ]
      }
    ]
  }
}